chunk_id,document_id,text,source_file,title,document_type,effective_date,status,allowed_roles
44209_chunk_1,44209,"NGÂN HÀNG NHÀ NƯỚC 
 VIỆT NAM 
 ------- 
 
 CỘNG HÒA XÃ HỘI CHỦ NGHĨA VIỆT NAM 
 Độc lập - Tự do - Hạnh phúc 
 --------------- 
 
 
 
 Số: 01/2014/TT-NHNN 
 
 Hà Nội, ngày 06 tháng 01 năm 2014 
 
 
 
 THÔNG TƯ&nbsp; 
 Quy định về giao nhận, bảo quản, vận chuyển 
 tiền mặt, tài sản quý, giấy tờ có giá 
 Căn cứ Luật Ngân hàng Nhà nước Việt Nam số 46/2010/QH12 ngày 16 tháng 6 năm 2010; 
 Căn cứ Luật Các tổ chức tín dụng số 47/2010/QH12 ngày 16 tháng 6 năm 2010; 
 Căn cứ Nghị định số 156/2013/NĐ-CP ngày 11 tháng 11 năm 2013 của Chính phủ quy định chức năng, nhiệm vụ, quyền hạn và cơ cấu tổ chức của Ngân hàng Nhà nước Việt Nam; 
 Căn cứ Nghị định số 40/2012/NĐ-CP ngày 02 tháng 5 năm 2012 của Chính phủ về nghiệp vụ phát hành tiền; bảo quản, vận chuyển tài sản quý và giấy tờ có giá trong hệ thống Ngân hàng Nhà nước, tổ chức tín dụng và chi nhánh ngân hàng nước ngoài; 
 Theo đề nghị của Cục trưởng Cục Phát hành và Kho quỹ; 
 Thống đốc Ngân hàng Nhà nước Việt Nam ban hành Thông tư quy định về giao nhận, bảo quản, vận chuyển tiền mặt, tài sản quý, giấy tờ có giá.&nbsp; 
 Chương I 
 QUY ĐỊNH CHUNG",content.csv,"Thông tư số 01/2014/TT-NHNN Quy định về giao nhận, bảo quản, vận chuyển tiền mặt, tài sản quý, giấy tờ có giá",Thông tư,20/02/2014,Hết hiệu lực một phần,"[""Admin"", ""Staff""]"
44209_art_1,44209,"Điều 1. Phạm vi điều chỉnh 
 1. Thông tư này quy định việc giao nhận, bảo quản, vận chuyển; kiểm tra, kiểm kê, bàn giao, xử lý thừa thiếu tiền mặt, tài sản quý, giấy tờ có giá trong ngành Ngân hàng; việc thu, chi tiền mặt giữa Ngân hàng Nhà nước, tổ chức tín dụng, chi nhánh ngân hàng nước ngoài và khách hàng. 
 2. Việc đóng gói, niêm phong, kiểm đếm, giao nhận vàng, các loại kim khí quý, đá quý và các tài sản quý khác không thuộc phạm vi điều chỉnh của Thông tư này.",content.csv,"Thông tư số 01/2014/TT-NHNN Quy định về giao nhận, bảo quản, vận chuyển tiền mặt, tài sản quý, giấy tờ có giá",Thông tư,20/02/2014,Hết hiệu lực một phần,"[""Admin"", ""Staff""]"
44209_art_2,44209,"Điều 2. Đối tượng áp dụng 
 1. Ngân hàng Nhà nước Việt Nam (sau đây gọi tắt là Ngân hàng Nhà nước). 
 2. Tổ chức tín dụng, chi nhánh ngân hàng nước ngoài. 
 3. Khách hàng trong quan hệ giao dịch tiền mặt, tài sản quý, giấy tờ có giá với Ngân hàng Nhà nước, tổ chức tín dụng, chi nhánh ngân hàng nước ngoài.",content.csv,"Thông tư số 01/2014/TT-NHNN Quy định về giao nhận, bảo quản, vận chuyển tiền mặt, tài sản quý, giấy tờ có giá",Thông tư,20/02/2014,Hết hiệu lực một phần,"[""Admin"", ""Staff""]"
44209_art_3,44209,"Điều 3. Giải thích từ ngữ 
 Trong Thông tư này, các từ ngữ dưới đây được hiểu như sau: 
 1. “Tiền mặt” là các loại tiền giấy, tiền kim loại do Ngân hàng Nhà nước phát hành. 
 2. “Tiền giấy” bao gồm tiền cotton và tiền polymer do Ngân hàng Nhà nước phát hành. 
 3. “Tài sản quý” bao gồm vàng, kim khí quý, đá quý, ngoại tệ tiền mặt và các loại tài sản quý khác. 
 4. “Giấy tờ có giá” bao gồm trái phiếu, tín phiếu và các loại giấy tờ có giá khác theo quy định của pháp luật. 
 5. “Tờ” là đơn vị về số lượng của tiền giấy, ngoại tệ tiền mặt, giấy tờ có giá. 
 6. “Miếng” là đơn vị về số lượng của tiền kim loại. 
 7. “Niêm phong” là việc sử dụng giấy niêm phong và/ hoặc kẹp chì để ghi dấu hiệu trên bó, túi, hộp, bao, thùng tiền đã được đóng gói theo quy định, đảm bảo bó, túi, hộp, bao, thùng tiền được giữ nguyên, đầy đủ. 
 8. “Kẹp chì” là một phương pháp niêm phong sử dụng kìm chuyên dùng kẹp hai đầu dây đã buộc miệng túi, bao, thùng tiền qua viên chì. Sau khi kẹp, dấu hiệu tên, ký hiệu riêng của đơn vị có tiền phải nổi rõ, đầy đủ trên bề mặt viên chì. 
 9. “Khách hàng” là cá nhân, tổ chức, doanh nghiệp ngoài ngành Ngân hàng có giao dịch tiền mặt, tài sản quý, giấy tờ có giá với Ngân hàng Nhà nước, tổ chức tín dụng, chi nhánh ngân hàng nước ngoài. 
 Chương II 
 KIỂM ĐẾM, ĐÓNG GÓI VÀ GIAO NHẬN TIỀN MẶT, 
 TÀI SẢN QUÝ, GIẤY TỜ CÓ GIÁ 
 Mục&nbsp;1 
 QUY ĐỊNH VỀ ĐÓNG GÓI NIÊM PHONG TIỀN MẶT, 
 TÀI SẢN QUÝ, GIẤY TỜ CÓ GIÁ",content.csv,"Thông tư số 01/2014/TT-NHNN Quy định về giao nhận, bảo quản, vận chuyển tiền mặt, tài sản quý, giấy tờ có giá",Thông tư,20/02/2014,Hết hiệu lực một phần,"[""Admin"", ""Staff""]"
44209_art_4,44209,"Điều 4. Đóng gói tiền mặt 
 1. Một bó tiền gồm 1.000 (một nghìn) tờ tiền giấy cùng mệnh giá, cùng chất liệu được đóng thành 10 (mười) thếp, mỗi thếp gồm 100 (một trăm) tờ. 
 2. Một bao tiền gồm 20 (hai mươi) bó tiền cùng mệnh giá, cùng chất liệu. 
 3. Một túi tiền gồm 1.000 (một nghìn) miếng tiền kim loại đã qua lưu thông, cùng mệnh giá được đóng thành 20 (hai mươi) thỏi, mỗi thỏi gồm 50 (năm mươi) miếng. 
 4. Một hộp tiền gồm 2.000 (hai nghìn) miếng tiền kim loại mới đúc, cùng mệnh giá được đóng thành 40 (bốn mươi) thỏi, mỗi thỏi gồm 50 (năm mươi) miếng. 
 5. Một thùng tiền kim loại gồm 10 (mười) túi tiền cùng mệnh giá. 
 Đối với kho tiền Trung ương và kho tiền Ngân hàng Nhà nước chi nhánh tỉnh Bình Định, một thùng tiền kim loại gồm: 
 a) 50 (năm mươi) túi tiền loại mệnh giá 5.000 đồng; 
 b) 75 (bảy mươi lăm) túi tiền loại mệnh giá 2.000 đồng; 1.000 đồng; 500 đồng; 
 c) 100 (một trăm) túi tiền loại mệnh giá 200 đồng. 
 6. Cục trưởng Cục Phát hành và Kho quỹ hướng dẫn quy cách đóng gói tiền mặt.",content.csv,"Thông tư số 01/2014/TT-NHNN Quy định về giao nhận, bảo quản, vận chuyển tiền mặt, tài sản quý, giấy tờ có giá",Thông tư,20/02/2014,Hết hiệu lực một phần,"[""Admin"", ""Staff"", ""Guest""]"
44209_art_5,44209,"Điều 5. Niêm phong tiền mặt 
 1. Giấy niêm phong bó tiền là loại giấy mỏng, kích thước phù hợp với từng loại tiền và được in sẵn một số nội dung. Ngân hàng Nhà nước sử dụng giấy niêm phong màu trắng, mực in màu đen. Tổ chức tín dụng, chi nhánh ngân hàng nước ngoài được sử dụng màu giấy hoặc màu mực riêng trên giấy niêm phong sau khi thống nhất mẫu giấy niêm phong với Ngân hàng Nhà nước. 
 2. Trên giấy niêm phong bó, túi, hộp, bao, thùng tiền phải có đầy đủ, rõ ràng các nội dung sau: tên ngân hàng; loại tiền; số lượng (tờ, miếng, bó, túi) tiền; số tiền; họ tên và chữ ký của người kiểm đếm, đóng gói; ngày, tháng, năm đóng gói niêm phong. 
 3. Người có tên, chữ ký trên giấy niêm phong phải chịu trách nhiệm về bó, túi, hộp, bao, thùng tiền đã niêm phong. 
 4. Quy định niêm phong bao, túi, thùng tiền của Ngân hàng Nhà nước: 
 a) Kẹp chì đối với tiền mới in; 
 b) Kẹp chì kèm giấy niêm phong đối với tiền đã qua lưu thông. 
 5. Niêm phong tiền mới in: 
 a) Trên giấy niêm phong gói tiền mới in (10 bó) gồm các nội dung: cơ sở in, đúc tiền; loại tiền; số sêri; tên hoặc số hiệu của người đóng gói, đóng bao; năm sản xuất; 
 b) Trên bao tiền gồm các nội dung: ký hiệu loại tiền, năm sản xuất, sêri hoặc mã vạch bao tiền.",content.csv,"Thông tư số 01/2014/TT-NHNN Quy định về giao nhận, bảo quản, vận chuyển tiền mặt, tài sản quý, giấy tờ có giá",Thông tư,20/02/2014,Hết hiệu lực một phần,"[""Admin"", ""Staff""]"
44209_art_6,44209,"Điều 6. Đóng gói, niêm phong tài sản quý, giấy tờ có giá 
 1. Việc đóng gói, niêm phong ngoại tệ, giấy tờ có giá thực hiện như đóng gói, niêm phong tiền mặt. 
 2. Việc đóng gói, niêm phong, kiểm đếm, giao nhận vàng, các loại kim khí quý, đá quý và các tài sản quý khác được quy định tại một văn bản riêng. 
 Mục&nbsp;2 
 KIỂM ĐẾM VÀ GIAO NHẬN TIỀN MẶT, NGOẠI TỆ, GIẤY TỜ CÓ GIÁ",content.csv,"Thông tư số 01/2014/TT-NHNN Quy định về giao nhận, bảo quản, vận chuyển tiền mặt, tài sản quý, giấy tờ có giá",Thông tư,20/02/2014,Hết hiệu lực một phần,"[""Admin"", ""Staff"", ""Guest""]"
44209_art_7,44209,"Điều 7. Nguyên tắc thu, chi tiền mặt, ngoại tệ, giấy tờ có giá 
 1. Mọi khoản thu, chi tiền mặt, ngoại tệ, giấy tờ có giá của Ngân hàng Nhà nước, tổ chức tín dụng, chi nhánh ngân hàng nước ngoài phải thực hiện thông qua quỹ của đơn vị. 
 2. Thu, chi tiền mặt, ngoại tệ, giấy tờ có giá phải căn cứ vào chứng từ kế toán. Trước khi thu, chi phải kiểm soát tính hợp lệ, hợp pháp của chứng từ kế toán. 
 Tiền mặt, ngoại tệ, giấy tờ có giá thu vào hay chi ra phải đủ, đúng với tổng số tiền (bằng số và bằng chữ), khớp đúng về thời gian (ngày, tháng, năm) trên chứng từ kế toán, sổ kế toán, sổ quỹ. Sau khi thu và trước khi chi tiền mặt, chứng từ kế toán phải có chữ ký của người nộp (hay lĩnh tiền) và thủ quỹ hoặc thủ kho tiền hoặc nhân viên thu, chi tiền mặt.",content.csv,"Thông tư số 01/2014/TT-NHNN Quy định về giao nhận, bảo quản, vận chuyển tiền mặt, tài sản quý, giấy tờ có giá",Thông tư,20/02/2014,Hết hiệu lực một phần,"[""Admin"", ""Staff""]"
44209_art_8,44209,"Điều 8. Bảng kê các loại tiền thu (hoặc chi) 
 Mỗi chứng từ kế toán thu (hoặc chi) tiền mặt, ngoại tệ, giấy tờ có giá phải lập kèm theo một Bảng kê các loại tiền thu (hoặc chi) hoặc một biên bản giao nhận. Bảng kê, biên bản giao nhận được bảo quản theo quy định.",content.csv,"Thông tư số 01/2014/TT-NHNN Quy định về giao nhận, bảo quản, vận chuyển tiền mặt, tài sản quý, giấy tờ có giá",Thông tư,20/02/2014,Hết hiệu lực một phần,"[""Admin"", ""Staff"", ""Guest""]"
44209_art_9,44209,"Điều 9. Kiểm đếm tiền mặt, ngoại tệ, giấy tờ có giá 
 1. Khi thu, chi tiền mặt, ngoại tệ, giấy tờ có giá phải được kiểm đếm chính xác. 
 2. Người nộp hoặc lĩnh tiền mặt, ngoại tệ, giấy tờ có giá phải chứng kiến khi ngân hàng kiểm đếm hoặc kiểm đếm lại trước khi rời khỏi quầy chi của ngân hàng.",content.csv,"Thông tư số 01/2014/TT-NHNN Quy định về giao nhận, bảo quản, vận chuyển tiền mặt, tài sản quý, giấy tờ có giá",Thông tư,20/02/2014,Hết hiệu lực một phần,"[""Admin"", ""Staff"", ""Guest""]"
44209_art_10,44209,"Điều 10. Thu, chi tiền mặt với khách hàng 
 1. Các khoản thu, chi tiền mặt của Sở Giao dịch Ngân hàng Nhà nước (sau đây gọi tắt là Sở Giao dịch), Ngân hàng Nhà nước chi nhánh tỉnh, thành phố trực thuộc Trung ương (sau đây gọi tắt là Ngân hàng Nhà nước chi nhánh), tổ chức tín dụng, chi nhánh ngân hàng nước ngoài với khách hàng phải thực hiện kiểm đếm tờ hoặc miếng theo đúng quy trình nghiệp vụ. 
 Trường hợp không thể kiểm đếm tiền mặt thu của khách hàng xong trong ngày, tổ chức tín dụng, chi nhánh ngân hàng nước ngoài và khách hàng có thể thỏa thuận áp dụng phương thức thu nhận tiền mặt theo túi niêm phong và tổ chức kiểm đếm tờ (miếng) số tiền mặt đã nhận theo túi niêm phong vào ngày làm việc tiếp theo. 
 2. Tổ chức tín dụng, chi nhánh ngân hàng nước ngoài hướng dẫn thực hiện về quy trình thu, chi tiền mặt đối với khách hàng (kể cả thu, chi tiền mặt trong giao dịch một cửa, ngân hàng bán lẻ và các hoạt động có liên quan đến thu, chi tiền mặt khác). 
 3. Cục trưởng Cục Phát hành và Kho quỹ hướng dẫn quy trình thu, chi tiền mặt áp dụng đối với Ngân hàng Nhà nước.",content.csv,"Thông tư số 01/2014/TT-NHNN Quy định về giao nhận, bảo quản, vận chuyển tiền mặt, tài sản quý, giấy tờ có giá",Thông tư,20/02/2014,Hết hiệu lực một phần,"[""Admin"", ""Staff""]"
44209_art_11,44209,"Điều 11. Giao nhận tiền mặt trong ngành Ngân hàng 
 1. Giao nhận tiền mặt theo bó tiền đủ 10 thếp, nguyên niêm phong hoặc túi tiền nguyên niêm phong kẹp chì trong các trường hợp: 
 a) Giao nhận tiền mặt trong nội bộ Sở Giao dịch, Ngân hàng Nhà nước chi nhánh đối với tiền đã qua lưu thông (trừ trường hợp quy định tại điểm c Khoản 2 Điều này); 
 b) Giao nhận tiền mặt theo lệnh điều chuyển giữa kho tiền Trung ương với Sở Giao dịch, Ngân hàng Nhà nước chi nhánh và ngược lại; giữa các kho tiền Trung ương với nhau; giữa các Ngân hàng Nhà nước chi nhánh với nhau; 
 c) Giao nhận tiền mặt giữa Sở Giao dịch, Ngân hàng Nhà nước chi nhánh với tổ chức tín dụng, chi nhánh ngân hàng nước ngoài và ngược lại; giữa các tổ chức tín dụng, chi nhánh ngân hàng nước ngoài trên địa bàn tỉnh, thành phố với nhau. 
 2. Giao nhận tiền mặt theo bao, hộp, thùng nguyên niêm phong trong các trường hợp: 
 a) Giao nhận các loại tiền mới in, đúc của cơ sở in, đúc tiền hoặc của Ngân hàng Nhà nước trong các trường hợp quy định tại Khoản 1 Điều này; 
 b) Các loại tiền được kiểm đếm, phân loại, đóng gói bằng hệ thống máy đa chức năng xử lý kiểm đếm, phân loại, đóng bó (túi) liên hoàn của Ngân hàng Nhà nước, tổ chức tín dụng, chi nhánh ngân hàng nước ngoài thì được giao nhận như tiền mới in, đúc quy định tại Khoản này; 
 c) Xuất, nhập các loại tiền đã qua lưu thông giữa Quỹ dự trữ phát hành và Quỹ nghiệp vụ phát hành của Ngân hàng Nhà nước chi nhánh khi được Giám đốc Ngân hàng Nhà nước chi nhánh quyết định bằng văn bản. 
 3. Tổ chức tín dụng, chi nhánh ngân hàng nước ngoài quy định việc giao nhận tiền mặt trong hệ thống.",content.csv,"Thông tư số 01/2014/TT-NHNN Quy định về giao nhận, bảo quản, vận chuyển tiền mặt, tài sản quý, giấy tờ có giá",Thông tư,20/02/2014,Hết hiệu lực một phần,"[""Admin"", ""Staff""]"
44209_art_12,44209,"Điều 12. Kiểm đếm tiền mặt giao nhận trong ngành Ngân hàng 
 1. Sở Giao dịch, Ngân hàng Nhà nước chi nhánh nhận tiền trong trường hợp quy định tại điểm b Khoản 1",content.csv,"Thông tư số 01/2014/TT-NHNN Quy định về giao nhận, bảo quản, vận chuyển tiền mặt, tài sản quý, giấy tờ có giá",Thông tư,20/02/2014,Hết hiệu lực một phần,"[""Admin"", ""Staff"", ""Guest""]"
44209_art_62,44209,"Điều 62 Thông tư này. Thời hạn kiểm đếm là 30 ngày làm việc kể từ ngày nhận tiền. Đơn vị giao cử người chứng kiến; trường hợp không cử người chứng kiến, đơn vị giao phải có thông báo bằng văn bản cho đơn vị nhận. 
 Cục trưởng Cục Phát hành và Kho quỹ xem xét, quyết định việc kéo dài thời gian kiểm đếm tiền mặt theo lệnh điều chuyển trong các trường hợp do nguyên nhân khách quan theo đề nghị của Sở Giao dịch, Ngân hàng Nhà nước chi nhánh. 
 Trường hợp Sở Giao dịch, Ngân hàng Nhà nước chi nhánh nhận tiền không tổ chức kiểm đếm tờ (miếng) số tiền đã nhận theo lệnh điều chuyển có thể giao bó (túi) tiền nguyên niêm phong đó cho tổ chức tín dụng, chi nhánh ngân hàng nước ngoài trong cùng tỉnh, thành phố và phải cử người chứng kiến khi đơn vị nhận tổ chức kiểm đếm tờ (miếng). 
 2. Tổ chức tín dụng, chi nhánh ngân hàng nước ngoài nhận tiền theo quy định tại điểm c Khoản 1",content.csv,"Thông tư số 01/2014/TT-NHNN Quy định về giao nhận, bảo quản, vận chuyển tiền mặt, tài sản quý, giấy tờ có giá",Thông tư,20/02/2014,Hết hiệu lực một phần,"[""Admin"", ""Staff""]"
44209_art_13,44209,"Điều 13. Giao nhận ngoại tệ, giấy tờ có giá 
 1. Các khoản thu, chi ngoại tệ giữa tổ chức tín dụng, chi nhánh ngân hàng nước ngoài với khách hàng; giữa các tổ chức tín dụng, chi nhánh ngân hàng nước ngoài; giữa Sở Giao dịch, Ngân hàng Nhà nước chi nhánh với tổ chức tín dụng, chi nhánh ngân hàng nước ngoài thực hiện kiểm đếm tờ và theo đúng quy trình thu chi tiền mặt. 
 Tổ chức tín dụng, chi nhánh ngân hàng nước ngoài quy định việc giao nhận ngoại tệ trong hệ thống. 
 2. Giao nhận giấy tờ có giá thực hiện như sau: 
 a) Giao nhận giữa tổ chức tín dụng, chi nhánh ngân hàng nước ngoài, Sở Giao dịch, Ngân hàng Nhà nước chi nhánh và khách hàng; giữa Sở Giao dịch, Ngân hàng Nhà nước chi nhánh và tổ chức tín dụng, chi nhánh ngân hàng nước ngoài; giữa các tổ chức tín dụng, chi nhánh ngân hàng nước ngoài phải kiểm đếm tờ và thực hiện theo quy trình thu chi tiền mặt. 
 b) Giao nhận giữa cơ sở in, đúc tiền với kho tiền Trung ương, giữa kho tiền Trung ương và Sở Giao dịch, Ngân hàng Nhà nước chi nhánh, giữa các Ngân hàng Nhà nước chi nhánh, giữa các kho tiền Trung ương thực hiện như sau: 
 - Giấy tờ có giá mới in giao nhận theo bao nguyên niêm phong kẹp chì như đối với tiền mặt hoặc bó nguyên niêm phong (nếu không chẵn bao); giấy tờ có giá đã qua lưu thông thì giao nhận theo bó đủ 10 thếp, nguyên niêm phong của Sở Giao dịch, Ngân hàng Nhà nước chi nhánh, trường hợp không đủ bó thì giao nhận theo tờ. 
 Sở Giao dịch, Ngân hàng Nhà nước chi nhánh nhận thành lập Hội đồng kiểm đếm tờ trước khi giao cho tổ chức tín dụng, chi nhánh ngân hàng nước ngoài hay khách hàng. 
 - Giấy tờ có giá hết thời hạn lưu hành: giao nhận theo bó nguyên niêm phong của Sở Giao dịch, Ngân hàng Nhà nước chi nhánh hoặc giao nhận theo tờ (trường hợp không đủ bó). 
 c) Giấy tờ có giá do tổ chức tín dụng, chi nhánh ngân hàng nước ngoài, Kho bạc Nhà nước lưu ký tại Ngân hàng Nhà nước để tham gia các nghiệp vụ thị trường tiền tệ, thực hiện giao nhận theo bó đủ 10 thếp nguyên niêm phong, trường hợp không đủ bó thì giao nhận theo tờ. 
 d) Tổ chức tín dụng, chi nhánh ngân hàng nước ngoài quy định việc giao nhận giấy tờ có giá trong hệ thống.",content.csv,"Thông tư số 01/2014/TT-NHNN Quy định về giao nhận, bảo quản, vận chuyển tiền mặt, tài sản quý, giấy tờ có giá",Thông tư,20/02/2014,Hết hiệu lực một phần,"[""Admin"", ""Staff""]"
44209_art_14,44209,"Điều 14. Giao nhận tiền mặt với Kho bạc Nhà nước, đơn vị làm dịch vụ ngân quỹ của tổ chức tín dụng 
 1. Việc giao nhận tiền mặt giữa Sở Giao dịch, Ngân hàng Nhà nước chi nhánh, tổ chức tín dụng, chi nhánh ngân hàng nước ngoài với Kho bạc Nhà nước và ngược lại thực hiện như việc giao nhận tiền mặt giữa Sở Giao dịch, Ngân hàng Nhà nước chi nhánh với tổ chức tín dụng, chi nhánh ngân hàng nước ngoài quy định tại Thông tư này. 
 2. Đơn vị làm dịch vụ ngân quỹ của tổ chức tín dụng được nộp bó tiền đủ 10 thếp nguyên niêm phong cho Sở Giao dịch, Ngân hàng Nhà nước chi nhánh thông qua tài khoản tiền gửi thanh toán của tổ chức tín dụng đó mở tại Sở Giao dịch, Ngân hàng Nhà nước chi nhánh. Việc giao nhận, kiểm đếm các bó tiền trên trong ngành Ngân hàng, giữa Ngân hàng Nhà nước với Kho bạc Nhà nước thực hiện theo quy định tại Khoản 1",content.csv,"Thông tư số 01/2014/TT-NHNN Quy định về giao nhận, bảo quản, vận chuyển tiền mặt, tài sản quý, giấy tờ có giá",Thông tư,20/02/2014,Hết hiệu lực một phần,"[""Admin"", ""Staff""]"
44209_art_15,44209,"Điều 15. Sắp xếp, bảo quản tài sản tại quầy giao dịch và trong kho tiền 
 1. Hết giờ làm việc hàng ngày, toàn bộ tiền mặt, tài sản quý, giấy tờ có giá phải được bảo quản trong kho tiền. 
 Giám đốc Sở Giao dịch, Giám đốc Ngân hàng Nhà nước chi nhánh quy định bằng văn bản việc bảo quản an toàn tiền mặt, tài sản quý, giấy tờ có giá trong thời gian nghỉ buổi trưa (nếu có) tại đơn vị. 
 Tổ chức tín dụng, chi nhánh ngân hàng nước ngoài quy định bằng văn bản việc bảo quản an toàn tiền mặt, tài sản quý, giấy tờ có giá trong thời gian nghỉ buổi trưa (nếu có) trong hệ thống. 
 2. Các loại tài sản bảo quản trong kho tiền phải được phân loại, kiểm đếm, đóng gói, niêm phong, được sắp xếp gọn gàng, khoa học. 
 3. Trong kho tiền Ngân hàng Nhà nước, tiền mặt, tài sản quý, giấy tờ có giá phải được đóng gói, niêm phong đúng quy định và được sắp xếp riêng ở từng khu vực hoặc riêng từng gian kho. 
 4. Tổ chức tín dụng, chi nhánh ngân hàng nước ngoài có trách nhiệm ban hành quy định, hướng dẫn thực hiện việc bảo quản an toàn tiền mặt, tài sản quý, giấy tờ có giá trong hệ thống và có các biện pháp cần thiết để tăng cường đảm bảo an toàn tuyệt đối tài sản.",content.csv,"Thông tư số 01/2014/TT-NHNN Quy định về giao nhận, bảo quản, vận chuyển tiền mặt, tài sản quý, giấy tờ có giá",Thông tư,20/02/2014,Hết hiệu lực một phần,"[""Admin"", ""Staff""]"
44209_art_16,44209,"Điều 16. Bảo quản tài sản khi thực hiện các dịch vụ ngân quỹ khác 
 Tổ chức tín dụng, chi nhánh ngân hàng nước ngoài quy định điều kiện, quy trình nhận, giao trả tài sản cho khách hàng, trách nhiệm của các bộ phận có liên quan (kế toán, ngân quỹ) trong việc đảm bảo an toàn tài sản khi làm dịch vụ quản lý, bảo quản tài sản, cho thuê tủ, két an toàn và các dịch vụ ngân quỹ khác; quy định việc giao nhận và bảo quản giấy tờ có giá cầm cố các khoản vay hoặc các trường hợp lưu ký giấy tờ có giá khác. 
 Mục 2 
 QUẢN LÝ TIỀN MẶT, TÀI SẢN QUÝ, GIẤY TỜ CÓ GIÁ VÀ KHO TIỀN",content.csv,"Thông tư số 01/2014/TT-NHNN Quy định về giao nhận, bảo quản, vận chuyển tiền mặt, tài sản quý, giấy tờ có giá",Thông tư,20/02/2014,Hết hiệu lực một phần,"[""Admin"", ""Staff""]"
44209_art_17,44209,"Điều 17. Trách nhiệm của Cục trưởng Cục Phát hành và Kho quỹ, Chi cục trưởng Chi cục Phát hành và Kho quỹ, Giám đốc 
 1. Cục trưởng Cục Phát hành và Kho quỹ, Chi cục trưởng Chi cục Phát hành và Kho quỹ, Giám đốc Sở Giao dịch, Giám đốc Ngân hàng Nhà nước chi nhánh, Tổng Giám đốc (Giám đốc) tổ chức tín dụng, chi nhánh ngân hàng nước ngoài (sau đây gọi tắt là Giám đốc) chịu trách nhiệm về công tác tổ chức quản lý, đảm bảo an toàn, bí mật tiền mặt, tài sản quý, giấy tờ có giá và hoạt động của kho tiền tại đơn vị mình, có nhiệm vụ: 
 a) Trang bị những phương tiện, thiết bị đảm bảo an toàn theo quy định; 
 b) Chỉ đạo áp dụng những biện pháp cần thiết chống mất mát, nhầm lẫn, để phòng trộm cướp, cháy nổ, lụt bão, ẩm mốc, mối mọt và các nguyên nhân khác, đảm bảo chất lượng tiền, tài sản bảo quản trong kho tiền; 
 c) Quản lý và giữ chìa khóa một ổ khóa lớp cánh ngoài cửa kho tiền; 
 d) Trực tiếp mở, khóa cửa để giám sát việc xuất, nhập, bảo quản tài sản trong kho tiền. 
 2. Cục trưởng Cục Phát hành và Kho quỹ, Chi cục trưởng Chi cục Phát hành và Kho quỹ thực hiện nhiệm vụ, quyền hạn như Giám đốc quy định tại Điều 23, Điều 25, Điều 26, Điều 28, Điều 31, Điều 32, Điều 33, Điều 34, Điều 36, Điều 37, Điều 38, Điều 39, Điều 41, Điều 43, Điều 44, Điều 55, Điều 59, Điều 60, Điều 61, Điều 65,",content.csv,"Thông tư số 01/2014/TT-NHNN Quy định về giao nhận, bảo quản, vận chuyển tiền mặt, tài sản quý, giấy tờ có giá",Thông tư,20/02/2014,Hết hiệu lực một phần,"[""Admin"", ""Staff""]"
44209_art_67,44209,Điều 67 Thông tư này.,content.csv,"Thông tư số 01/2014/TT-NHNN Quy định về giao nhận, bảo quản, vận chuyển tiền mặt, tài sản quý, giấy tờ có giá",Thông tư,20/02/2014,Hết hiệu lực một phần,"[""Admin"", ""Staff"", ""Guest""]"
44209_art_18,44209,"Điều 18. Trách nhiệm của Trưởng phòng Kế toán 
 1. Trưởng phòng Kế toán tổ chức tín dụng, chi nhánh ngân hàng nước ngoài chịu trách nhiệm quản lý, giám sát việc xuất, nhập và bảo quản tài sản trong kho tiền, có nhiệm vụ: 
 a) Tổ chức hạch toán tiền mặt, tài sản quý, giấy tờ có giá theo chế độ kế toán - thống kê; 
 b) Quản lý và giữ chìa khóa một ổ khóa lớp cánh ngoài cửa kho tiền, trực tiếp mở, khóa cửa kho tiền để giám sát việc xuất, nhập và bảo quản tài sản trong kho tiền; 
 c) Kiểm tra, đối chiếu số liệu giữa sổ kế toán và sổ quỹ đảm bảo sự khớp đúng; 
 d) Trực tiếp tham gia kiểm kê tài sản định kỳ hoặc đột xuất đảm bảo sự khớp đúng giữa tồn quỹ thực tế với sổ kế toán và sổ quỹ; ký xác nhận tồn quỹ thực tế trên sổ quỹ, sổ theo dõi từng loại tài sản, sổ kiểm kê, thẻ kho. 
 đ) Hướng dẫn, kiểm tra việc mở và ghi chép sổ sách của thủ quỹ, thủ kho tiền. 
 2. Trưởng phòng Kế toán Sở Giao dịch, Trưởng phòng Kế toán Ngân hàng Nhà nước chi nhánh, Trưởng phòng Kế toán - Tài vụ Cục Phát hành và Kho quỹ, Trưởng phòng Kế toán - Tài vụ Chi cục Phát hành và Kho quỹ chịu trách nhiệm quản lý, giám sát việc xuất, nhập và bảo quản tài sản trong kho tiền và thực hiện nhiệm vụ theo quy định tại điểm a, b, c, d Khoản 1 Điều này.",content.csv,"Thông tư số 01/2014/TT-NHNN Quy định về giao nhận, bảo quản, vận chuyển tiền mặt, tài sản quý, giấy tờ có giá",Thông tư,20/02/2014,Hết hiệu lực một phần,"[""Admin"", ""Staff""]"
44209_art_19,44209,"Điều 19. Trách nhiệm của Thủ kho tiền 
 1. Thủ kho tiền Sở Giao dịch, Ngân hàng Nhà nước chi nhánh, tổ chức tín dụng, chi nhánh ngân hàng nước ngoài chịu trách nhiệm đảm bảo an toàn tuyệt đối các loại tài sản bảo quản trong kho tiền, có nhiệm vụ: 
 a) Thực hiện việc xuất - nhập tiền mặt, tài sản quý, giấy tờ có giá chính xác, kịp thời, đầy đủ theo đúng lệnh của cấp có thẩm quyền, đúng chứng từ kế toán hợp lệ, hợp pháp; 
 b) Mở sổ quỹ; sổ theo dõi từng loại tiền, từng loại tài sản; thẻ kho; các sổ sách cần thiết khác; ghi chép và bảo quản các sổ sách, giấy tờ đầy đủ, rõ ràng, chính xác; 
 c) Tổ chức sắp xếp tiền mặt, tài sản quý, giấy tờ có giá trong kho tiền gọn gàng khoa học, đảm bảo vệ sinh kho tiền; đề xuất áp dụng các biện pháp cần thiết để đảm bảo chất lượng tiền mặt, tài sản quý, giấy tờ có giá bảo quản trong kho tiền; 
 d) Quản lý, giữ chìa khóa một ổ khóa của lớp cánh trong cửa kho tiền bảo quản tài sản được giao, các ổ khóa cửa gian kho và các phương tiện bảo quản tài sản trong kho tiền (két, tủ sắt). 
 2. Thủ kho tiền Ngân hàng Nhà nước chi nhánh bảo quản tiền mặt thuộc Quỹ dự trữ phát hành; vàng, các loại kim khí quý, đá quý và các tài sản khác. 
 3. Kho tiền Trung ương có một số thủ kho: thủ kho Quỹ dự trữ phát hành, thủ kho tài sản quý, thủ kho giấy tờ có giá. Từng thủ kho chịu trách nhiệm tài sản trong phạm vi được giao và thực hiện nhiệm vụ theo quy định tại Khoản 1 Điều này. 
 4. Giúp thủ kho tiền trong việc kiểm đếm, đóng gói, bốc xếp, vận chuyển tiền mặt, tài sản quý, giấy tờ có giá có một số nhân viên phụ kho.",content.csv,"Thông tư số 01/2014/TT-NHNN Quy định về giao nhận, bảo quản, vận chuyển tiền mặt, tài sản quý, giấy tờ có giá",Thông tư,20/02/2014,Hết hiệu lực một phần,"[""Admin"", ""Staff""]"
44209_art_20,44209,"Điều 20. Trách nhiệm của Thủ quỹ 
 1. Thủ quỹ Sở Giao dịch, Ngân hàng Nhà nước chi nhánh, tổ chức tín dụng, chi nhánh ngân hàng nước ngoài chịu trách nhiệm đảm bảo an toàn tuyệt đối các loại tiền mặt thuộc Quỹ nghiệp vụ phát hành (đối với Ngân hàng Nhà nước), Quỹ tiền mặt (đối với tổ chức tín dụng, chi nhánh ngân hàng nước ngoài), tài sản quý, giấy tờ có giá; thực hiện thu chi tiền mặt, ngoại tệ, giấy tờ có giá theo đúng chứng từ kế toán hợp lệ, hợp pháp; quản lý, ghi chép sổ quỹ và các sổ sách cần thiết khác đầy đủ, rõ ràng, chính xác. 
 2. Sở Giao dịch, Ngân hàng Nhà nước chi nhánh có thể bố trí một số tổ thu, tổ chi. Mỗi tổ thu (hoặc tổ chi) do một thủ quỹ phụ trách và chịu trách nhiệm tài sản trong phạm vi được giao. Trong trường hợp này, bố trí một thủ quỹ kiêm thủ kho tiền bảo quản Quỹ nghiệp vụ phát hành. 
 3. Ngân hàng Nhà nước chi nhánh có kho tiền bảo quản riêng Quỹ nghiệp vụ phát hành, ngoại tệ, giấy tờ có giá thì bố trí thủ quỹ kiêm thủ kho tiền bảo quản các tài sản được giao. 
 Trường hợp thủ quỹ kiêm thủ kho tiền quy định tại Khoản 2, Khoản 3 Điều này thì được hưởng các quyền lợi như thủ kho tiền. 
 Đối với Ngân hàng Nhà nước chi nhánh thành phố trực thuộc Trung ương được bố trí một thủ kho tiền chuyên trách bảo quản Quỹ nghiệp vụ phát hành, ngoại tệ, giấy tờ có giá. 
 4. Tổ chức tín dụng, chi nhánh ngân hàng nước ngoài có một hoặc một số thủ quỹ, giao dịch viên. Từng thủ quỹ, giao dịch viên chịu trách nhiệm tài sản trong phạm vi được giao; trong đó, bố trí một thủ quỹ kiêm thủ kho tiền hoặc một thủ kho tiền chuyên trách.",content.csv,"Thông tư số 01/2014/TT-NHNN Quy định về giao nhận, bảo quản, vận chuyển tiền mặt, tài sản quý, giấy tờ có giá",Thông tư,20/02/2014,Hết hiệu lực một phần,"[""Admin"", ""Staff""]"
44209_art_21,44209,"Điều 21. Trách nhiệm của Trưởng kho tiền Trung ương, Trưởng phòng Ngân quỹ Sở Giao dịch, Trưởng phòng Tiền tệ - Kho quỹ Ngân hàng Nhà nước chi nhánh 
 1. Hướng dẫn, kiểm tra nghiệp vụ quản lý an toàn kho quỹ; tổ chức việc thu, chi (xuất, nhập), bảo quản, vận chuyển tiền mặt, tài sản quý, giấy tờ có giá theo quy định. 
 2. Hướng dẫn, kiểm tra việc mở và ghi chép sổ sách của thủ quỹ, thủ kho tiền. 
 3. Tham gia kiểm tra, kiểm kê, bàn giao tiền mặt, tài sản quý, giấy tờ có giá.",content.csv,"Thông tư số 01/2014/TT-NHNN Quy định về giao nhận, bảo quản, vận chuyển tiền mặt, tài sản quý, giấy tờ có giá",Thông tư,20/02/2014,Hết hiệu lực một phần,"[""Admin"", ""Staff"", ""Guest""]"
44209_art_22,44209,"Điều 22. Trách nhiệm của kiểm ngân 
 1. Kiểm ngân có nhiệm vụ kiểm đếm, tuyển chọn, đóng gói, bốc xếp, vận chuyển tiền mặt, tài sản quý, giấy tờ có giá. 
 2. Kiểm ngân chịu trách nhiệm tài sản đối với tiền mặt, tài sản quý, giấy tờ có giá trong phạm vi được giao kiểm đếm, tuyển chọn, đóng gói.",content.csv,"Thông tư số 01/2014/TT-NHNN Quy định về giao nhận, bảo quản, vận chuyển tiền mặt, tài sản quý, giấy tờ có giá",Thông tư,20/02/2014,Hết hiệu lực một phần,"[""Admin"", ""Staff"", ""Guest""]"
44209_art_23,44209,"Điều 23. Nhiệm vụ của nhân viên an toàn kho tiền 
 1. Nhân viên an toàn kho tiền có nhiệm vụ: 
 a) Kiểm tra tại chỗ các điều kiện đảm bảo an toàn cho việc xuất, nhập tài sản trong kho tiền và khi tổ chức bốc xếp, vận chuyển đi, đến theo lệnh của cấp có thẩm quyền; kiểm tra công tác an toàn kho tiền trong giờ làm việc; 
 b) Kiểm soát và giám sát những người được vào làm việc trong kho tiền; được quyền kiểm tra, soát xét những người vào, ra kho tiền khi có nghi vấn; 
 c) Kiểm tra việc chấp hành quy định vào, ra kho tiền; 
 d) Đề xuất và kiến nghị với Giám đốc về các biện pháp tổ chức bảo vệ an toàn trong kho tiền. 
 2. Trường hợp không bố trí nhân viên an toàn kho chuyên trách thì thủ kho tiền kiêm nhiệm.",content.csv,"Thông tư số 01/2014/TT-NHNN Quy định về giao nhận, bảo quản, vận chuyển tiền mặt, tài sản quý, giấy tờ có giá",Thông tư,20/02/2014,Hết hiệu lực một phần,"[""Admin"", ""Staff"", ""Guest""]"
44209_art_24,44209,"Điều 24. Tiêu chuẩn chức danh thủ kho tiền, thủ quỹ, kiểm ngân 
 1. Thủ kho tiền, thủ quỹ, kiểm ngân của Sở Giao dịch, Ngân hàng Nhà nước chi nhánh, kho tiền Trung ương phải đủ tiêu chuẩn chức danh theo quy định của Nhà nước và được quản lý theo Quy chế cán bộ, công chức, viên chức Ngân hàng Nhà nước. Thủ kho tiền Trung ương do Thống đốc Ngân hàng Nhà nước quyết định. Thủ kho tiền Sở Giao dịch, Ngân hàng Nhà nước chi nhánh do Giám đốc quyết định. 
 2. Tổ chức tín dụng, chi nhánh ngân hàng nước ngoài căn cứ tiêu chuẩn chức danh thủ kho tiền, thủ quỹ, kiểm ngân của Ngân hàng Nhà nước và các quy định khác của pháp luật để quy định tiêu chuẩn chức danh thủ kho tiền, thủ quỹ, kiểm ngân trong hệ thống.",content.csv,"Thông tư số 01/2014/TT-NHNN Quy định về giao nhận, bảo quản, vận chuyển tiền mặt, tài sản quý, giấy tờ có giá",Thông tư,20/02/2014,Hết hiệu lực một phần,"[""Admin"", ""Staff""]"
44209_art_25,44209,"Điều 25. Các trường hợp không được bố trí làm cán bộ quản lý kho quỹ ngân hàng 
 1. Không bố trí vợ hoặc chồng, bố, mẹ, con đẻ, con nuôi, anh, chị, em ruột (kể cả anh, chị, em ruột vợ hoặc chồng) của Giám đốc, Phó Giám đốc làm thủ quỹ, thủ kho tiền. 
 2. Không bố trí những người có quan hệ là vợ chồng, bố mẹ, con đẻ, con nuôi, anh chị em ruột cùng tham gia giữ chìa khóa cửa kho tiền; cùng tham gia kiểm kê, kiểm đếm tiền mặt, tài sản quý, giấy tờ có giá hoặc cùng công tác trên một xe hay một đoàn xe vận chuyển tiền mặt, tài sản quý, giấy tờ có giá.",content.csv,"Thông tư số 01/2014/TT-NHNN Quy định về giao nhận, bảo quản, vận chuyển tiền mặt, tài sản quý, giấy tờ có giá",Thông tư,20/02/2014,Hết hiệu lực một phần,"[""Admin"", ""Staff"", ""Guest""]"
44209_art_26,44209,"Điều 26. Quy định ủy quyền của các thành viên tham gia quản lý tiền mặt, tài sản quý, giấy tờ có giá và kho tiền 
 1. Quy định ủy quyền của Giám đốc: 
 a) Giám đốc được ủy quyền bằng văn bản cho một Phó Giám đốc thực hiện nhiệm vụ quản lý tiền mặt, tài sản quý, giấy tờ có giá và kho tiền trong một thời gian nhất định. Trường hợp Phó Giám đốc được ủy quyền vắng mặt thì Giám đốc được ủy quyền bằng văn bản cho Phó Giám đốc khác thực hiện nhiệm vụ quản lý tiền mặt, tài sản quý, giấy tờ có giá và kho tiền; 
 b) Người được ủy quyền chịu trách nhiệm trước Giám đốc về việc quản lý tiền mặt, tài sản quý, giấy tờ có giá, kho tiền theo quy định tại Thông tư này và theo quy định của pháp luật có liên quan. 
 2. Đối với kho tiền Trung ương: 
 a) Đối với kho tiền Trung ương tại Hà Nội (Kho tiền I) tại 49 Lý Thái Tổ, Cục trưởng Cục Phát hành và Kho quỹ được ủy quyền bằng văn bản cho một Phó Cục trưởng thực hiện nhiệm vụ quản lý tiền mặt, tài sản quý, giấy tờ có giá và kho tiền trong một thời gian nhất định. Trường hợp Phó Cục trưởng được ủy quyền vắng mặt thì Cục trưởng Cục Phát hành và Kho quỹ được ủy quyền bằng văn bản cho Phó Cục trưởng khác thực hiện nhiệm vụ quản lý tiền mặt, tài sản quý, giấy tờ có giá và kho tiền; 
 b) Đối với Kho tiền I tại địa điểm Ao Phèn, Cục trưởng Cục Phát hành và Kho quỹ được ủy quyền bằng văn bản cho một Phó Cục trưởng hoặc Trưởng kho tiền I thực hiện nhiệm vụ quản lý tiền mặt, tài sản quý, giấy tờ có giá và kho tiền trong một thời gian nhất định. Trường hợp người được ủy quyền vắng mặt thì Cục trưởng Cục Phát hành và Kho quỹ được ủy quyền từng lần bằng văn bản cho Phó Cục trưởng khác hoặc một Phó Trưởng kho tiền I; 
 c) Đối với kho tiền Trung ương tại thành phố Hồ Chí Minh, Chi cục trưởng Chi cục Phát hành và Kho quỹ được ủy quyền bằng văn bản cho một Phó Chi cục trưởng Chi cục Phát hành và Kho quỹ thực hiện nhiệm vụ quản lý tiền mặt, tài sản quý, giấy tờ có giá và kho tiền trong một thời gian nhất định. Trường hợp Phó Chi cục trưởng được ủy quyền vắng mặt thì Chi cục trưởng Cục Phát hành và Kho quỹ được ủy quyền bằng văn bản cho Phó Chi cục trưởng khác thực hiện nhiệm vụ quản lý tiền mặt, tài sản quý, giấy tờ có giá và kho tiền; 
 d) Người được ủy quyền theo quy định tại điểm a, b và c Khoản này chịu trách nhiệm trước người ủy quyền về việc quản lý tiền mặt, tài sản quý, giấy tờ có giá, kho tiền theo quy định tại Thông tư này và theo quy định của pháp luật có liên quan. 
 3. Trưởng phòng Kế toán được ủy quyền bằng văn bản cho Phó trưởng phòng thay mình quản lý tiền mặt, tài sản quý, giấy tờ có giá và kho tiền trong một thời gian nhất định (văn bản ủy quyền phải được Giám đốc chấp thuận). Người được ủy quyền chịu trách nhiệm trước Trưởng phòng và Giám đốc về quản lý tiền mặt, tài sản quý, giấy tờ có giá và kho tiền theo quy định tại Thông tư này và theo quy định của pháp luật. 
 4. Mỗi lần thủ kho tiền cần nghỉ làm việc theo chế độ, đi công tác, đi họp, đi học phải có văn bản đề nghị và được Giám đốc chấp thuận, Giám đốc có văn bản cử người thay thế và tổ chức kiểm kê, bàn giao tài sản. Người thay thế chịu trách nhiệm đảm bảo bí mật, an toàn tuyệt đối tài sản và hoạt động nghiệp vụ bình thường trong thời gian được giao nhiệm vụ. 
 5. Khi hết thời hạn ủy quyền và bàn giao lại tiền mặt, tài sản quý, giấy tờ có giá, người được ủy quyền phải báo cáo công việc đã làm về quản lý tiền mặt, tài sản quý, giấy tờ có giá, kho tiền cho người ủy quyền. Người được ủy quyền không được ủy quyền tiếp cho người khác. 
 Người thay thế thủ kho tiền thực hiện theo quy định tại Khoản này. 
 6. Tổ chức tín dụng, chi nhánh ngân hàng nước ngoài quy định việc ủy quyền của Giám đốc, Trưởng phòng Kế toán về quản lý tiền mặt, tài sản quý, giấy tờ có giá và kho tiền trong trường hợp đặc biệt không thể bố trí người được ủy quyền theo quy định tại Khoản 1 và Khoản 3 Điều này. 
 Mục&nbsp;3 
 SỬ DỤNG VÀ BẢO QUẢN CHÌA KHÓA KHO TIỀN, KÉT SẮT",content.csv,"Thông tư số 01/2014/TT-NHNN Quy định về giao nhận, bảo quản, vận chuyển tiền mặt, tài sản quý, giấy tờ có giá",Thông tư,20/02/2014,Hết hiệu lực một phần,"[""Admin"", ""Staff""]"
44209_art_27,44209,"Điều 27. Chìa khóa kho tiền, két sắt 
 Mỗi ổ khóa cửa kho tiền, cửa gian kho, két sắt phải có đủ và đúng hai chìa, một chìa sử dụng hàng ngày và một chìa dự phòng. Chìa khóa của ổ khóa số là một tổ hợp gồm mã số và chìa khóa định vị (nếu có).",content.csv,"Thông tư số 01/2014/TT-NHNN Quy định về giao nhận, bảo quản, vận chuyển tiền mặt, tài sản quý, giấy tờ có giá",Thông tư,20/02/2014,Hết hiệu lực một phần,"[""Admin"", ""Staff"", ""Guest""]"
44209_art_28,44209,"Điều 28. Bảo quản chìa khóa cửa kho tiền 
 1. Từng thành viên giữ chìa khóa cửa kho tiền phải bảo quản an toàn chìa khóa sử dụng hàng ngày trong két sắt riêng đặt tại nơi làm việc trong trụ sở cơ quan. 
 2. Cửa kho tiền có khóa mã số, từng thành viên quản lý ổ khóa số tự đặt mã số và ghi lại mã số chính xác, dễ đọc lên giấy; phải ghi hai đến ba mã số để sử dụng hàng ngày và thay đổi thường xuyên. Từng mã số được niêm phong trong một phong bì riêng, bảo quản tại két sắt riêng cùng với chìa định vị đang dùng. Nếu quên mã số được phép mở niêm phong, sau đó tự niêm phong mới để bảo quản. Trường hợp muốn sử dụng mã số khác ngoài các mã số đã được niêm phong, phải có văn bản báo cáo Giám đốc; khi được cho phép bằng văn bản phải làm thủ tục mở hộp chìa khóa dự phòng, thay mã số khác và gửi chìa khóa dự phòng cửa kho tiền theo quy định tại",content.csv,"Thông tư số 01/2014/TT-NHNN Quy định về giao nhận, bảo quản, vận chuyển tiền mặt, tài sản quý, giấy tờ có giá",Thông tư,20/02/2014,Hết hiệu lực một phần,"[""Admin"", ""Staff"", ""Guest""]"
44209_art_31,44209,Điều 31 Thông tư này.,content.csv,"Thông tư số 01/2014/TT-NHNN Quy định về giao nhận, bảo quản, vận chuyển tiền mặt, tài sản quý, giấy tờ có giá",Thông tư,20/02/2014,Hết hiệu lực một phần,"[""Admin"", ""Staff"", ""Guest""]"
44209_art_29,44209,"Điều 29. Bảo quản chìa khóa gian kho, két sắt 
 1. Chìa khóa sử dụng hàng ngày của các két sắt (nếu có) của gian kho nào thì được để trong một hộp sắt nhỏ bảo quản ở một trong những két sắt đặt tại gian kho đó. 
 2. Chìa khóa sử dụng hàng ngày của gian kho, két sắt bảo quản hộp chìa khóa quy định tại Khoản 1 Điều này, chìa khóa đang dùng của két sắt bảo quản tài sản tại quầy giao dịch được bảo quản như chìa khóa đang dùng của cửa kho tiền.",content.csv,"Thông tư số 01/2014/TT-NHNN Quy định về giao nhận, bảo quản, vận chuyển tiền mặt, tài sản quý, giấy tờ có giá",Thông tư,20/02/2014,Hết hiệu lực một phần,"[""Admin"", ""Staff"", ""Guest""]"
44209_art_30,44209,"Điều 30. Bàn giao chìa khóa cửa kho tiền 
 1. Mỗi lần bàn giao chìa khóa cửa kho tiền, người giao và người nhận trực tiếp giao nhận chìa khóa và ký nhận vào sổ bàn giao chìa khóa kho tiền. Đối với khóa mã số, khi bàn giao chìa khóa cửa kho tiền, cả ba thành viên giữ chìa khóa cửa kho tiền phải có mặt để mở cửa kho tiền. Người giao xóa mã số, giao chìa khóa định vị; người nhận phải đổi mã số. 
 2. Tổ chức tín dụng, chi nhánh ngân hàng nước ngoài quy định trong hệ thống việc bàn giao chìa khóa cửa kho tiền trong trường hợp sử dụng các loại khóa mã số đặc biệt.",content.csv,"Thông tư số 01/2014/TT-NHNN Quy định về giao nhận, bảo quản, vận chuyển tiền mặt, tài sản quý, giấy tờ có giá",Thông tư,20/02/2014,Hết hiệu lực một phần,"[""Admin"", ""Staff""]"
44209_art_32,44209,"Điều 32. Quản lý chìa khóa dự phòng khóa cửa gian kho, két sắt 
 Chìa khóa dự phòng cửa gian kho, két sắt được làm thủ tục niêm phong như đối với chìa khóa dự phòng khóa cửa kho tiền và bảo quản tại két sắt của Giám đốc.",content.csv,"Thông tư số 01/2014/TT-NHNN Quy định về giao nhận, bảo quản, vận chuyển tiền mặt, tài sản quý, giấy tờ có giá",Thông tư,20/02/2014,Hết hiệu lực một phần,"[""Admin"", ""Staff"", ""Guest""]"
44209_art_33,44209,"Điều 33. Mở hộp chìa khóa dự phòng 
 1. Các trường hợp mở hộp chìa khóa dự phòng: 
 a) Khi mất chìa khóa đang dùng hàng ngày hoặc cần phải mở cửa kho trong trường hợp khẩn cấp quy định tại",content.csv,"Thông tư số 01/2014/TT-NHNN Quy định về giao nhận, bảo quản, vận chuyển tiền mặt, tài sản quý, giấy tờ có giá",Thông tư,20/02/2014,Hết hiệu lực một phần,"[""Admin"", ""Staff"", ""Guest""]"
44209_art_38,44209,"Điều 38 Thông tư này; 
 b) Lưu giữ thêm các chìa khóa dự phòng của các ổ khóa mới, thay mã số khác hoặc các trường hợp thay đổi người quản lý, giữ chìa khóa; 
 c) Rút các chìa khóa dự phòng của các ổ khóa đã được thay mới; 
 d) Kiểm tra, kiểm kê chìa khóa dự phòng theo lệnh bằng văn bản của Giám đốc hoặc cấp có thẩm quyền. 
 2. Khi mở hộp chìa khóa dự phòng của khóa cửa kho tiền phải có sự chứng kiến của Giám đốc, Trưởng phòng Kế toán, thủ kho tiền, cán bộ kiểm soát; Giám đốc chỉ định 1 trong 3 thành viên giữ chìa khóa kho tiền mở hộp chìa khóa dự phòng. Trường hợp khẩn cấp phải mở hộp chìa khóa dự phòng mà người giữ chìa khóa vắng mặt thì Giám đốc chỉ định người được ủy quyền của người đó chứng kiến việc mở hộp chìa khóa dự phòng. 
 3. Mỗi lần mở hộp chìa khóa dự phòng quy định tại điểm a, b, c Khoản 1 Điều này phải có văn bản được Giám đốc chấp thuận.",content.csv,"Thông tư số 01/2014/TT-NHNN Quy định về giao nhận, bảo quản, vận chuyển tiền mặt, tài sản quý, giấy tờ có giá",Thông tư,20/02/2014,Hết hiệu lực một phần,"[""Admin"", ""Staff"", ""Guest""]"
44209_art_34,44209,"Điều 34. Sửa chữa thay thế khóa cửa kho tiền 
 Nghiêm cấm làm thêm hoặc sao chụp chìa khóa cửa kho tiền, két sắt. Trường hợp ổ khóa hoặc chìa khóa cửa kho tiền bị hỏng, cần sửa chữa, thay thế phải có văn bản được Giám đốc chấp nhận, Giám đốc chịu trách nhiệm khi quyết định chọn đối tác (thợ) sửa chữa, thay thế khóa cửa kho tiền, két sắt. Khi thực hiện thay thế, sửa chữa khóa cửa kho tiền phải có sự chứng kiến của người giữ chìa khóa hoặc người được ủy quyền.",content.csv,"Thông tư số 01/2014/TT-NHNN Quy định về giao nhận, bảo quản, vận chuyển tiền mặt, tài sản quý, giấy tờ có giá",Thông tư,20/02/2014,Hết hiệu lực một phần,"[""Admin"", ""Staff"", ""Guest""]"
44209_art_35,44209,"Điều 35. Trách nhiệm của cán bộ được giao nhiệm vụ quản lý, sử dụng chìa khóa kho tiền, két sắt 
 1. Bảo đảm an toàn bí mật chìa khóa được giao, không làm thất lạc, mất mát, hư hỏng. Tuyệt đối không cho người khác xem, cầm, cất giữ hộ. 
 2. Không mang chìa khóa ra ngoài trụ sở cơ quan.",content.csv,"Thông tư số 01/2014/TT-NHNN Quy định về giao nhận, bảo quản, vận chuyển tiền mặt, tài sản quý, giấy tờ có giá",Thông tư,20/02/2014,Hết hiệu lực một phần,"[""Admin"", ""Staff"", ""Guest""]"
44209_art_36,44209,"Điều 36. Trách nhiệm bảo mật chìa khóa cửa kho tiền 
 Không để xảy ra tình trạng lần lượt các chìa của các ổ khóa cửa kho tiền giao vào tay một người. Nếu xảy ra tình trạng này, coi như tất cả các ổ khóa cửa kho tiền đã bị lộ bí mật, bị mất chìa thì Giám đốc phải cho thay thế ổ khóa mới hoặc mã số mới theo quy định tại Khoản 1",content.csv,"Thông tư số 01/2014/TT-NHNN Quy định về giao nhận, bảo quản, vận chuyển tiền mặt, tài sản quý, giấy tờ có giá",Thông tư,20/02/2014,Hết hiệu lực một phần,"[""Admin"", ""Staff"", ""Guest""]"
44209_art_37,44209,Điều 37 Thông tư này.,content.csv,"Thông tư số 01/2014/TT-NHNN Quy định về giao nhận, bảo quản, vận chuyển tiền mặt, tài sản quý, giấy tờ có giá",Thông tư,20/02/2014,Hết hiệu lực một phần,"[""Admin"", ""Staff"", ""Guest""]"
44209_art_39,44209,"Điều 39. Đối tượng được vào kho tiền 
 Khi thực hiện nhiệm vụ, những đối tượng sau được phép vào kho tiền: 
 1. Thống đốc, Phó Thống đốc Ngân hàng Nhà nước kiểm tra các kho tiền trong ngành Ngân hàng. 
 2. Cục trưởng Cục Phát hành và Kho quỹ vào các kho tiền trong ngành Ngân hàng để thực hiện các nhiệm vụ được giao. 
 3. Cán bộ được Thống đốc Ngân hàng Nhà nước cho phép bằng văn bản vào kiểm tra hoặc thanh tra kho tiền trong ngành Ngân hàng. 
 4. Giám đốc Ngân hàng Nhà nước chi nhánh, cán bộ được Giám đốc Ngân hàng Nhà nước chi nhánh có văn bản cho phép kiểm tra kho tiền của tổ chức tín dụng, chi nhánh ngân hàng nước ngoài trên địa bàn tỉnh, thành phố. 
 5. Chủ tịch Hội đồng quản trị, Chủ tịch Hội đồng thành viên, Tổng Giám đốc tổ chức tín dụng, chi nhánh ngân hàng nước ngoài kiểm tra kho tiền thuộc hệ thống. 
 6. Cán bộ được Chủ tịch Hội đồng quản trị, Chủ tịch Hội đồng thành viên, Tổng Giám đốc (Giám đốc) tổ chức tín dụng, chi nhánh ngân hàng nước ngoài có văn bản cho phép kiểm tra kho tiền tổ chức tín dụng, chi nhánh ngân hàng nước ngoài thuộc hệ thống. 
 7. Giám đốc và các thành viên có trách nhiệm giữ chìa khóa cửa kho tiền. 
 8. Cán bộ kiểm soát vào kho tiền để giám sát việc xuất nhập tài sản; cán bộ kiểm tra kho tiền theo kế hoạch công tác đã được Giám đốc duyệt. 
 9. Cán bộ, nhân viên được giao nhiệm vụ tổ chức và bốc xếp, vận chuyển tài sản bảo quản trong kho tiền. 
 10. Các thành viên của Hội đồng kiểm kê tài sản kho quy định kỳ, đột xuất. 
 11. Cán bộ giám sát và cán bộ kỹ thuật, công nhân sửa chữa kho tiền; sửa chữa, lắp đặt, bảo dưỡng các thiết bị, các ổ khóa trong kho tiền, có giấy đề nghị, được Giám đốc chấp thuận cho phép vào kho tiền.",content.csv,"Thông tư số 01/2014/TT-NHNN Quy định về giao nhận, bảo quản, vận chuyển tiền mặt, tài sản quý, giấy tờ có giá",Thông tư,20/02/2014,Hết hiệu lực một phần,"[""Admin"", ""Staff""]"
44209_art_40,44209,"Điều 40. Các trường hợp được vào kho tiền 
 1. Thực hiện lệnh, phiếu xuất, nhập tiền mặt, tài sản quý, giấy tờ có giá. 
 2. Nhập tiền mặt, tài sản quý, giấy tờ có giá vào bảo quản trong kho tiền hoặc xuất ra để sử dụng trong ngày. 
 3. Kiểm tra, kiểm kê tài sản trong kho tiền theo định kỳ hoặc đột xuất. 
 4. Vệ sinh kho tiền, bốc xếp, đảo kho. 
 5. Sửa chữa, bảo dưỡng, lắp đặt trang thiết bị trong kho tiền. 
 6. Cứu tài sản trong kho tiền trong các trường hợp khẩn cấp. 
 7. Xuất, nhập tài sản tạm gửi kho Ngân hàng Nhà nước; xuất nhập tài sản làm dịch vụ quản lý, bảo quản tài sản, cho thuê tủ, két an toàn, dịch vụ ngân quỹ khác của tổ chức tín dụng, chi nhánh ngân hàng nước ngoài. 
 8. Các trường hợp khác theo quyết định của cấp có thẩm quyền.",content.csv,"Thông tư số 01/2014/TT-NHNN Quy định về giao nhận, bảo quản, vận chuyển tiền mặt, tài sản quý, giấy tờ có giá",Thông tư,20/02/2014,Hết hiệu lực một phần,"[""Admin"", ""Staff""]"
44209_art_41,44209,"Điều 41. Quy định vào, ra kho tiền 
 1. Khi vào, thủ kho tiền vào đầu tiên; khi ra, thủ kho tiền ra cuối cùng. Việc mở và đóng các ô khóa cửa kho tiền theo nguyên tắc từng người một và theo đúng thứ tự, khi mở cửa kho tiền: Giám đốc, Trưởng phòng Kế toán, thủ kho tiền; ngược lại, khi đóng cửa kho tiền: thủ kho tiền, Trưởng phòng Kế toán, Giám đốc. Mỗi lần vào, ra kho tiền mọi người phải ký tên xác nhận trên sổ đăng ký vào kho tiền. 
 2. Trước khi vào và sau khi ra khỏi kho tiền, các thành viên vào kho tiền phải có mặt đầy đủ tại gian đệm để chứng kiến các thành viên giữ chìa khóa kho tiền mở, đóng cửa kho tiền. Các thành viên giữ chìa khóa kho tiền phải tự bảo vệ bí mật mã số, chìa khóa cửa kho tiền khi mở, đóng cửa kho tiền.",content.csv,"Thông tư số 01/2014/TT-NHNN Quy định về giao nhận, bảo quản, vận chuyển tiền mặt, tài sản quý, giấy tờ có giá",Thông tư,20/02/2014,Hết hiệu lực một phần,"[""Admin"", ""Staff"", ""Guest""]"
44209_art_42,44209,"Điều 42. Kiểm tra trước khi vào, ra kho tiền 
 1. Trước khi mở khóa, nhân viên an toàn kho, các thành viên giữ chìa khóa kho tiền phải quan sát kỹ tình trạng bên ngoài ổ khóa và cửa kho tiền. 
 a) Nếu thấy có vết tích nghi vấn, phải ghi đầy đủ nghi vấn trước khi mở khóa; 
 b) Nếu thấy vết tích đã có kẻ gian xâm nhập kho tiền, phải giữ nguyên hiện trường và thông báo cho cơ quan công an đến xem xét, lập biên bản; sau đó mới mở khóa vào kho tiền. 
 2. Trước khi ra khỏi kho tiền: 
 a) Kiểm tra các hiện vật cần mang ra ngoài kho; 
 b) Kiểm tra lại các hệ thống thiết bị an toàn; 
 c) Thủ kho tiền và nhân viên an toàn kho phải kiểm tra lại lần cuối cùng trước khi đóng cửa kho tiền. 
 Mục 5 
 CANH GÁC, BẢO VỆ KHO TIỀN, QUẦY GIAO DỊCH",content.csv,"Thông tư số 01/2014/TT-NHNN Quy định về giao nhận, bảo quản, vận chuyển tiền mặt, tài sản quý, giấy tờ có giá",Thông tư,20/02/2014,Hết hiệu lực một phần,"[""Admin"", ""Staff"", ""Guest""]"
44209_art_43,44209,"Điều 43. Nội quy kho tiền, quầy giao dịch tiền mặt 
 1. Những người có nhiệm vụ vào quầy giao dịch tiền mặt hoặc kho tiền phải mặc bảo hộ lao động hoặc trang phục giao dịch không có túi. 
 2. Người không có nhiệm vụ không được vào trong quầy giao dịch hoặc kho tiền. 
 3. Quầy giao dịch, kho tiền phải có nội quy do Giám đốc quy định.",content.csv,"Thông tư số 01/2014/TT-NHNN Quy định về giao nhận, bảo quản, vận chuyển tiền mặt, tài sản quý, giấy tờ có giá",Thông tư,20/02/2014,Hết hiệu lực một phần,"[""Admin"", ""Staff"", ""Guest""]"
44209_art_44,44209,"Điều 44. Về làm việc ngoài giờ tại trụ sở kiêm kho tiền 
 Hết giờ làm việc, phải khóa cửa quầy giao dịch và các cửa thuộc khu vực kho tiền; ngoài lực lượng bảo vệ, nhân viên trực điều khiển thiết bị an toàn kho tiền đã được phân công (nếu có), không ai được tự ý ở lại một mình tại nơi làm việc trong trụ sở kiêm kho tiền. Nếu có yêu cầu làm việc ngoài giờ, ít nhất phải có 2 người, được Giám đốc cho phép bằng văn bản và thông báo cho bộ phận bảo vệ biết.",content.csv,"Thông tư số 01/2014/TT-NHNN Quy định về giao nhận, bảo quản, vận chuyển tiền mặt, tài sản quý, giấy tờ có giá",Thông tư,20/02/2014,Hết hiệu lực một phần,"[""Admin"", ""Staff"", ""Guest""]"
44209_art_45,44209,"Điều 45. Canh gác, bảo vệ kho tiền 
 1. Kho tiền phải được canh gác, bảo vệ thường xuyên đảm bảo an toàn 24 giờ/ngày. Ngân hàng Nhà nước, tổ chức tín dụng, chi nhánh ngân hàng nước ngoài phối hợp chặt chẽ với lực lượng công an liên quan xây dựng phương án bảo vệ kho tiền. 
 2. Kho tiền Sở Giao dịch, kho tiền Ngân hàng Nhà nước chi nhánh, kho tiền Trung ương có lực lượng cảnh sát bảo vệ.",content.csv,"Thông tư số 01/2014/TT-NHNN Quy định về giao nhận, bảo quản, vận chuyển tiền mặt, tài sản quý, giấy tờ có giá",Thông tư,20/02/2014,Hết hiệu lực một phần,"[""Admin"", ""Staff""]"
44209_art_46,44209,"Điều 46. Trách nhiệm của bảo vệ 
 Những người có nhiệm vụ bảo vệ kho tiền phải chịu trách nhiệm về an toàn kho tiền trong phạm vi được phân công. 
 Chương IV 
 VẬN CHUYỂN TIỀN MẶT, TÀI SẢN QUÝ, GIẤY TỜ CÓ GIÁ",content.csv,"Thông tư số 01/2014/TT-NHNN Quy định về giao nhận, bảo quản, vận chuyển tiền mặt, tài sản quý, giấy tờ có giá",Thông tư,20/02/2014,Hết hiệu lực một phần,"[""Admin"", ""Staff"", ""Guest""]"
44209_art_47,44209,"Điều 47. Quy trình vận chuyển 
 Quy trình vận chuyển tiền mặt, tài sản quý, giấy tờ có giá bắt đầu từ khi nhận, đóng gói niêm phong tài sản; bốc xếp lên phương tiện vận chuyển; vận chuyển trên đường, đến địa điểm nhận; giao hàng và kết thúc khi hoàn thành đầy đủ các thủ tục giao nhận.",content.csv,"Thông tư số 01/2014/TT-NHNN Quy định về giao nhận, bảo quản, vận chuyển tiền mặt, tài sản quý, giấy tờ có giá",Thông tư,20/02/2014,Hết hiệu lực một phần,"[""Admin"", ""Staff"", ""Guest""]"
44209_art_48,44209,"Điều 48. Trách nhiệm tổ chức vận chuyển 
 1. Cục Phát hành và Kho quỹ có nhiệm vụ tổ chức vận chuyển tiền mặt, tài sản quý, giấy tờ có giá từ cơ sở in, đúc tiền, sân bay, bến cảng, nhà ga về kho tiền Trung ương; giữa các kho tiền Trung ương; từ kho tiền Trung ương đến kho tiền Sở Giao dịch, các kho tiền Ngân hàng Nhà nước chi nhánh và ngược lại; giữa các kho tiền Ngân hàng Nhà nước chi nhánh. 
 Trường hợp cần thiết, Sở Giao dịch, Ngân hàng Nhà nước chi nhánh cử người áp tải và giao tiền mặt, tài sản quý, giấy tờ có giá tại kho tiền Trung ương hoặc nhận, áp tải tiền mặt, tài sản quý, giấy tờ có giá từ Ngân hàng Nhà nước chi nhánh khác. 
 Ngân hàng Nhà nước chi nhánh tỉnh Bình Định có nhiệm vụ tổ chức vận chuyển tiền mặt, tài sản quý, giấy tờ có giá giữa chi nhánh tỉnh Bình Định và kho tiền Trung ương, giữa các Ngân hàng Nhà nước chi nhánh tỉnh, thành phố miền Trung, Tây Nguyên với nhau (theo quy định của Thống đốc Ngân hàng Nhà nước trong từng thời kỳ). 
 2. Ngân hàng Nhà nước vận chuyển ngoại tệ ra nước ngoài phải có Lệnh của Thống đốc. 
 3. Tổ chức tín dụng, chi nhánh ngân hàng nước ngoài quy định thủ tục và thẩm quyền cấp lệnh vận chuyển ngoại tệ ra nước ngoài, lệnh điều chuyển tiền mặt giữa các chi nhánh và quy định việc vận chuyển tiền mặt, tài sản quý, giấy tờ có giá của hệ thống.",content.csv,"Thông tư số 01/2014/TT-NHNN Quy định về giao nhận, bảo quản, vận chuyển tiền mặt, tài sản quý, giấy tờ có giá",Thông tư,20/02/2014,Hết hiệu lực một phần,"[""Admin"", ""Staff""]"
44209_art_49,44209,"Điều 49. Giấy ủy quyền vận chuyển 
 Khi giao nhận và vận chuyển tiền mặt, tài sản quý, giấy tờ có giá, người áp tải hàng phải có giấy ủy quyền của cấp có thẩm quyền. 
 Đối với việc vận chuyển ngoại tệ ra nước ngoài của Ngân hàng Nhà nước, người áp tải phải có giấy ủy quyền của Thống đốc Ngân hàng Nhà nước. 
 Trước khi giao hàng cho người nhận, người giao phải kiểm tra tính hợp lệ và hợp pháp của giấy ủy quyền; kiểm tra các yếu tố đảm bảo an toàn theo quy định mới cho phép vận chuyển hàng ra khỏi trụ sở Ngân hàng Nhà nước, tổ chức tín dụng, chi nhánh ngân hàng nước ngoài.",content.csv,"Thông tư số 01/2014/TT-NHNN Quy định về giao nhận, bảo quản, vận chuyển tiền mặt, tài sản quý, giấy tờ có giá",Thông tư,20/02/2014,Hết hiệu lực một phần,"[""Admin"", ""Staff""]"
44209_art_50,44209,"Điều 50. Phương tiện vận chuyển 
 1. Vận chuyển tiền mặt, tài sản quý, giấy tờ có giá phải sử dụng xe chuyên dùng và các phương tiện kỹ thuật cần thiết. 
 2. Vận chuyển tiền mặt, tài sản quý, giấy tờ có giá trong hệ thống Ngân hàng Nhà nước phải có xe hộ tống. 
 Trường hợp phải thuê phương tiện khác như máy bay, tàu hỏa, tàu biển để vận chuyển tiền mặt, tài sản quý, giấy tờ có giá do Thống đốc Ngân hàng Nhà nước quyết định. 
 3. Trường hợp tổ chức tín dụng, chi nhánh ngân hàng nước ngoài sử dụng phương tiện khác để vận chuyển tiền mặt, tài sản quý, giấy tờ có giá, tổ chức tín dụng, chi nhánh ngân hàng nước ngoài phải quy định bằng văn bản và hướng dẫn quy trình vận chuyển, bảo vệ, các biện pháp đảm bảo an toàn tài sản. 
 4. Trường hợp Sở Giao dịch, Ngân hàng Nhà nước chi nhánh có nhu cầu giao, nhận trực tiếp tiền mặt, tài sản quý, giấy tờ có giá của Ngân hàng Nhà nước tại kho tiền Trung ương và có khả năng tự bố trí phương tiện vận tải chở tiền mặt, tài sản quý, giấy tờ có giá (xe chuyên dùng), phải được sự chấp thuận của Cục trưởng Cục Phát hành và Kho quỹ.",content.csv,"Thông tư số 01/2014/TT-NHNN Quy định về giao nhận, bảo quản, vận chuyển tiền mặt, tài sản quý, giấy tờ có giá",Thông tư,20/02/2014,Hết hiệu lực một phần,"[""Admin"", ""Staff""]"
44209_art_51,44209,"Điều 51. Đảm bảo bí mật thông tin vận chuyển 
 1. Những người tổ chức và tham gia vận chuyển tiền mặt, tài sản quý, giấy tờ có giá phải tuyệt đối giữ bí mật các thông tin về thời gian, hành trình, loại hàng, khối lượng, giá trị, phương tiện vận chuyển, phương tiện bảo quản tài sản theo quy định bảo vệ bí mật Nhà nước. 
 2. Người không có nhiệm vụ không được đi cùng trên phương tiện vận chuyển tiền mặt, tài sản quý, giấy tờ có giá. 
 3. Các văn bản liên quan đến công tác vận chuyển tiền mặt, tài sản quý, giấy tờ có giá sử dụng cụm từ “hàng đặc biệt” thay cho cụm từ “tiền mặt, tài sản quý, giấy tờ có giá” để đảm bảo bí mật thông tin vận chuyển.",content.csv,"Thông tư số 01/2014/TT-NHNN Quy định về giao nhận, bảo quản, vận chuyển tiền mặt, tài sản quý, giấy tờ có giá",Thông tư,20/02/2014,Hết hiệu lực một phần,"[""Admin"", ""Staff"", ""Guest""]"
44209_art_52,44209,"Điều 52. Đảm bảo an toàn trên đường vận chuyển 
 1. Tiền mặt, tài sản quý, giấy tờ có giá khi vận chuyển phải được đóng gói, niêm phong và được bảo quản an toàn. 
 2. Phải tổ chức vận chuyển vào ban ngày (trừ trường hợp đặc biệt như vận chuyển bằng máy bay, tàu hỏa, tàu biển), hạn chế giao nhận hàng vào ban đêm. 
 3. Vận chuyển đường dài, cần nghỉ dọc đường tránh đỗ xe ở nơi đông người. Trường hợp nghỉ trên đường qua đêm, phải đưa xe hàng vào trụ sở Ngân hàng Nhà nước, tổ chức tín dụng, chi nhánh ngân hàng nước ngoài hoặc đơn vị công an, quân đội để có Điều kiện đảm bảo an toàn, phối hợp bố trí trực canh gác xe hàng hoặc gửi hàng vào bảo quản trong kho tiền.",content.csv,"Thông tư số 01/2014/TT-NHNN Quy định về giao nhận, bảo quản, vận chuyển tiền mặt, tài sản quý, giấy tờ có giá",Thông tư,20/02/2014,Hết hiệu lực một phần,"[""Admin"", ""Staff""]"
44209_art_53,44209,"Điều 53. Phối hợp bảo vệ trên tuyến đường vận chuyển 
 Sở Giao dịch, Ngân hàng Nhà nước chi nhánh, tổ chức tín dụng, chi nhánh ngân hàng nước ngoài nhận được thông báo xe vận chuyển tiền mặt, tài sản quý, giấy tờ có giá của ngành Ngân hàng gặp sự cố trên tuyến đường tại địa phương mình, phải chủ động liên lạc, phối hợp với cơ quan công an địa phương cùng lực lượng của xe vận chuyển có biện pháp đảm bảo an toàn tài sản. Trường hợp cần thiết, phải đề nghị ủy ban nhân dân địa phương phối hợp và xử lý kịp thời những sự cố xảy ra.",content.csv,"Thông tư số 01/2014/TT-NHNN Quy định về giao nhận, bảo quản, vận chuyển tiền mặt, tài sản quý, giấy tờ có giá",Thông tư,20/02/2014,Hết hiệu lực một phần,"[""Admin"", ""Staff""]"
44209_art_54,44209,"Điều 54. Tổ chức tiếp nhận 
 Khi tiền mặt, tài sản quý, giấy tờ có giá vận chuyển đến nơi nhận, đơn vị nhận hàng phải huy động lực lượng lao động trong đơn vị tiếp nhận hàng nhanh nhất (kể cả ngoài giờ làm việc hoặc ngày nghỉ) đưa hàng vào kho tiền bảo quản an toàn.",content.csv,"Thông tư số 01/2014/TT-NHNN Quy định về giao nhận, bảo quản, vận chuyển tiền mặt, tài sản quý, giấy tờ có giá",Thông tư,20/02/2014,Hết hiệu lực một phần,"[""Admin"", ""Staff"", ""Guest""]"
44209_art_55,44209,"Điều 55. Lực lượng tham gia vận chuyển và trách nhiệm của người áp tải 
 1. Khi vận chuyển tiền mặt, tài sản quý, giấy tờ có giá phải có đủ lực lượng Điều khiển phương tiện, áp tải, bảo vệ. 
 2. Người áp tải là người phụ trách chung trên đường vận chuyển, chịu trách nhiệm đảm bảo an toàn tiền mặt, tài sản quý, giấy tờ có giá; tổ chức thực hiện việc giao nhận, vận chuyển theo quy định tại Thông tư này. 
 Trường hợp khối lượng, giá trị tiền mặt, tài sản quý, giấy tờ có giá vận chuyển lớn phải tổ chức thành đoàn xe, có một số người áp tải, thì Giám đốc chỉ định một cán bộ áp tải làm trưởng đoàn.",content.csv,"Thông tư số 01/2014/TT-NHNN Quy định về giao nhận, bảo quản, vận chuyển tiền mặt, tài sản quý, giấy tờ có giá",Thông tư,20/02/2014,Hết hiệu lực một phần,"[""Admin"", ""Staff"", ""Guest""]"
44209_art_56,44209,"Điều 56. Trách nhiệm bảo vệ vận chuyển 
 1. Xe vận chuyển tiền mặt, tài sản quý, giấy tờ có giá của Ngân hàng Nhà nước do cảnh sát có vũ trang bảo vệ; tùy theo khối lượng, giá trị và tính chất của mỗi chuyến hàng mà ngân hàng bàn bạc, thống nhất với đơn vị cảnh sát để quyết định số lượng người đi bảo vệ. Trường hợp có một xe hàng thì ít nhất có hai cảnh sát bảo vệ. 
 Lực lượng bảo vệ hoặc cảnh sát bảo vệ tiền mặt, tài sản quý, giấy tờ có giá có trách nhiệm: có phương án bảo vệ hàng, người và phương tiện từ khi bắt đầu nhận hàng đến khi giao hàng xong và trở về trụ sở cơ quan an toàn; chấp hành đúng quy định trong vận chuyển theo Thông tư này; xử lý các trường hợp cụ thể xảy ra, không để xe bị kiểm tra, khám xét dọc đường. Khi xảy ra sự cố mất an toàn, phải trực tiếp chiến đấu và phân công các thành viên trong đoàn cùng phối hợp bảo vệ người, tiền mặt, tài sản quý, giấy tờ có giá và phương tiện. 
 2. Tổ chức tín dụng, chi nhánh ngân hàng nước ngoài quy định trách nhiệm bảo vệ, vận chuyển tiền mặt, tài sản quý, giấy tờ có giá trong hệ thống.",content.csv,"Thông tư số 01/2014/TT-NHNN Quy định về giao nhận, bảo quản, vận chuyển tiền mặt, tài sản quý, giấy tờ có giá",Thông tư,20/02/2014,Hết hiệu lực một phần,"[""Admin"", ""Staff""]"
44209_art_57,44209,"Điều 57. Trách nhiệm của người điều khiển phương tiện 
 Người điều khiển phương tiện chịu trách nhiệm về kỹ thuật của phương tiện vận chuyển; chấp hành đúng quy định vận chuyển tiền mặt, tài sản quý, giấy tờ có giá theo Thông tư này; chấp hành luật giao thông; chủ động xin giấy ưu tiên hoặc mua vé qua cầu, phà nhanh chóng.",content.csv,"Thông tư số 01/2014/TT-NHNN Quy định về giao nhận, bảo quản, vận chuyển tiền mặt, tài sản quý, giấy tờ có giá",Thông tư,20/02/2014,Hết hiệu lực một phần,"[""Admin"", ""Staff"", ""Guest""]"
44209_art_58,44209,"Điều 58. Sổ sách theo dõi vận chuyển 
 Đơn vị tổ chức vận chuyển tiền mặt, tài sản quý, giấy tờ có giá phải mở sổ theo dõi từng chuyến hàng, từ bố trí nhân lực, phương tiện, lịch trình vận chuyển. 
 Chương V 
 KIỂM TRA, KIỂM KÊ, BÀN GIAO, XỬ LÝ THỪA THIẾU 
 TIỀN MẶT, TÀI SẢN QUÝ, GIẤY TỜ CÓ GIÁ 
 Mục&nbsp;1 
 KIỂM TRA, KIỂM KÊ, BÀN GIAO TIỀN MẶT, 
 TÀI SẢN QUÝ, GIẤY TỜ CÓ GIÁ",content.csv,"Thông tư số 01/2014/TT-NHNN Quy định về giao nhận, bảo quản, vận chuyển tiền mặt, tài sản quý, giấy tờ có giá",Thông tư,20/02/2014,Hết hiệu lực một phần,"[""Admin"", ""Staff"", ""Guest""]"
44209_art_59,44209,"Điều 59. Định kỳ kiểm tra, kiểm kê 
 1. Kiểm tra toàn diện công tác đảm bảo an toàn kho quỹ và tổng kiểm kê tiền mặt, tài sản quý, giấy tờ có giá mỗi năm 2 lần, thời điểm 0 giờ ngày 01 tháng 01 và ngày 01 tháng 7. 
 2. Kiểm kê Quỹ dự trữ phát hành và các tài sản khác bảo quản trong kho tiền mỗi tháng 1 lần, thời điểm 0 giờ ngày 01 hàng tháng. 
 3. Kiểm kê tiền mặt thuộc Quỹ tiền mặt của tổ chức tín dụng, chi nhánh ngân hàng nước ngoài, Quỹ nghiệp vụ phát hành của Sở Giao dịch, Ngân hàng Nhà nước chi nhánh, giấy tờ có giá, tài sản quý vào cuối giờ làm việc hàng ngày. 
 4. Kiểm tra, kiểm kê đột xuất trong các trường hợp: 
 a) Khi thay đổi các thành viên giữ chìa khóa cửa kho tiền; 
 b) Khi thay đổi ổ khóa hoặc bị mất chìa khóa cửa kho tiền; 
 c) Khi nghi có kẻ gian xâm nhập kho tiền, quầy thu chi tiền mặt hoặc tiền mặt, tài sản quý, giấy tờ có giá vận chuyển trên đường; phát hiện có nhầm lẫn về tài sản trong khi xuất nhập kho tiền và thu chi tiền mặt; 
 d) Khi có lệnh hoặc văn bản kiểm tra kho tiền của cấp có thẩm quyền quy định tại Khoản 1, 2, 3, 4, 5, 6",content.csv,"Thông tư số 01/2014/TT-NHNN Quy định về giao nhận, bảo quản, vận chuyển tiền mặt, tài sản quý, giấy tờ có giá",Thông tư,20/02/2014,Hết hiệu lực một phần,"[""Admin"", ""Staff""]"
44209_art_60,44209,"Điều 60. Phương pháp kiểm kê 
 1. Kiểm kê hiện vật các loại tiền mặt, tài sản quý, giấy tờ có giá để đảm bảo sự khớp đúng giữa tồn quỹ thực tế với số dư trên sổ kế toán và sổ quỹ (hoặc sổ theo dõi xuất nhập tài sản). 
 2. Các thành viên tham gia kiểm kê phải trực tiếp kiểm đếm từng bó, túi, bao, hộp, thùng tiền nguyên niêm phong đối với tiền mặt, tài sản quý, giấy tờ có giá đã đóng gói theo quy định; xem xét tình trạng nguyên niêm phong bó, túi, bao, hộp, thùng tiền hoặc tài sản quý, giấy tờ có giá. Trường hợp có nghi vấn, phải mở ra kiểm đếm hiện vật bên trong hoặc kiểm đếm lại từng tờ (đối với tiền mặt). Phải ghi kết quả kiểm kê (chi tiết các loại tài sản theo số lượng, giá trị) vào sổ sách theo quy định. Đối chiếu tài sản thực tế đã kiểm kê (số lượng, giá trị) với số dư trên sổ sách của kế toán và thủ quỹ (hoặc thủ kho tiền); nếu có chênh lệch (thừa hoặc thiếu) thì phải lập biên bản và xử lý theo quy định tại",content.csv,"Thông tư số 01/2014/TT-NHNN Quy định về giao nhận, bảo quản, vận chuyển tiền mặt, tài sản quý, giấy tờ có giá",Thông tư,20/02/2014,Hết hiệu lực một phần,"[""Admin"", ""Staff"", ""Guest""]"
44209_art_64,44209,"Điều 64 Thông tư này. 
 Việc kiểm kê tồn quỹ cuối ngày, đối với tiền chưa chẵn bó (túi) phải kiểm đếm tờ (miếng). 
 3. Biên bản kiểm kê được thông qua công khai, các thành viên Hội đồng kiểm kê, thủ quỹ (hoặc thủ kho tiền) phải ký tên xác nhận. Giám đốc, Trưởng phòng Kế toán, thủ quỹ (hoặc thủ kho tiền) phải ký tên xác nhận số liệu trên sổ quỹ hoặc sổ kiểm kê (nếu có).",content.csv,"Thông tư số 01/2014/TT-NHNN Quy định về giao nhận, bảo quản, vận chuyển tiền mặt, tài sản quý, giấy tờ có giá",Thông tư,20/02/2014,Hết hiệu lực một phần,"[""Admin"", ""Staff"", ""Guest""]"
44209_art_61,44209,"Điều 61. Bàn giao tiền mặt, tài sản quý, giấy tờ có giá 
 Khi thay đổi một trong ba thành viên giữ chìa khóa cửa kho tiền (Giám đốc, Trưởng phòng Kế toán, thủ kho tiền) phải tiến hành bàn giao tiền mặt, tài sản quý, giấy tờ có giá. Tùy theo yêu cầu công việc, thời gian nghỉ, Giám đốc có thể quyết định bằng văn bản việc bàn giao từng phần hay toàn bộ tài sản. 
 Người nhận phải trực tiếp xem xét, kiểm tra, kiểm đếm, không được ủy quyền cho người khác làm thay.",content.csv,"Thông tư số 01/2014/TT-NHNN Quy định về giao nhận, bảo quản, vận chuyển tiền mặt, tài sản quý, giấy tờ có giá",Thông tư,20/02/2014,Hết hiệu lực một phần,"[""Admin"", ""Staff"", ""Guest""]"
44209_art_63,44209,"Điều 63. Hội đồng kiểm kê, Hội đồng kiểm đếm, phân loại tiền kho tiền Trung ương 
 1. Hội đồng kiểm kê Quỹ dự trữ phát hành, tài sản quý, giấy tờ có giá tại kho tiền Trung ương định kỳ thời điểm 0 giờ ngày 01 tháng 01 và ngày 01 tháng 7 do Thống đốc Ngân hàng Nhà nước quyết định thành lập, gồm các thành viên sau: 
 a) Chủ tịch Hội đồng: Vụ trưởng Vụ Kiểm toán nội bộ; 
 b) Các ủy viên: Vụ trưởng Vụ Tài chính - Kế toán, Cục trưởng Cục Phát hành và Kho quỹ. 
 2. Hội đồng kiểm kê Quỹ dự trữ phát hành, tài sản quý, giấy tờ có giá tại kho tiền Trung ương thời điểm 0 giờ ngày 01 hàng tháng gồm các thành viên sau: 
 a) Chủ tịch Hội đồng: Cục trưởng Cục Phát hành và Kho quỹ hoặc Chi cục trưởng Chi cục Phát hành và Kho quỹ; 
 b) Các ủy viên: Trưởng phòng Kế toán - Tài vụ, Trưởng Kho tiền, cán bộ kiểm soát. 
 3. Hội đồng kiểm đếm, phân loại tiền tại kho tiền Trung ương do Cục trưởng Cục Phát hành và Kho quỹ quyết định thành lập, gồm các thành viên sau: 
 a) Chủ tịch Hội đồng: Cục trưởng Cục Phát hành và Kho quỹ hoặc Chi cục trưởng Chi cục Phát hành và Kho quỹ; 
 b) Các ủy viên: Trưởng phòng Kế toán - Tài vụ, Trưởng Kho tiền, Trưởng phòng Tiêu hủy tiền, cán bộ kiểm soát. 
 4. Hội đồng kiểm kê, Hội đồng kiểm đếm, phân loại tiền kho tiền Trung ương được trưng tập một số cán bộ giúp việc do Chủ tịch hội đồng quyết định. 
 Hội đồng lập biên bản kiểm đếm, phân loại tiền hay biên bản kiểm kê và xử lý thừa hoặc thiếu tiền mặt, tài sản quý, giấy tờ có giá theo quy định hiện hành. 
 Mục 2 
 XỬ LÝ THỪA HOẶC THIẾU TIỀN MẶT, TÀI SẢN QUÝ, 
 GIẤY TỜ CÓ GIÁ&nbsp;",content.csv,"Thông tư số 01/2014/TT-NHNN Quy định về giao nhận, bảo quản, vận chuyển tiền mặt, tài sản quý, giấy tờ có giá",Thông tư,20/02/2014,Hết hiệu lực một phần,"[""Admin"", ""Staff"", ""Guest""]"
44209_art_65,44209,"Điều 65. Xử lý các trường hợp thừa hoặc thiếu tiền mặt, tài sản quý, giấy tờ có giá bảo quản trong kho tiền, quầy giao dịch, trên đường vận chuyển 
 1. Các trường hợp phát hiện thừa hoặc thiếu tiền mặt, tài sản quý, giấy tờ có giá trong kho tiền, quầy giao dịch, trong quá trình vận chuyển, Giám đốc phải quyết định kiểm kê toàn bộ tài sản có liên quan. Giám đốc, Trưởng các phòng, ban hoặc bộ phận Kế toán, Kiểm soát, Kho quỹ có liên quan phải trực tiếp xem xét, kiểm tra, lập biên bản, ghi sổ sách và truy cứu trách nhiệm cá nhân của người được giao nhiệm vụ bảo quản tài sản, trách nhiệm của những người có liên quan để kịp thời thu hồi toàn bộ giá trị tài sản thiếu, mất. 
 2. Những vụ thiếu, mất tiền mặt, tài sản quý, giấy tờ có giá có giá trị từ 50 (năm mươi) triệu đồng trở lên hoặc các trường hợp thiếu, mất tiền mặt thuộc Quỹ dự trữ phát hành, phải điện báo cáo cấp trên theo hệ thống dọc (nếu có); tổ chức tín dụng, chi nhánh ngân hàng nước ngoài báo cáo Ngân hàng Nhà nước chi nhánh, Ngân hàng Nhà nước chi nhánh điện báo cáo Ngân hàng Nhà nước (Cục Phát hành và Kho quỹ) trong 24 giờ. 
 3. Những vụ mất tiền có dấu hiệu do kẻ gian đột nhập lấy cắp, cướp tài sản; do tham ô, lợi dụng (có yếu tố cấu thành tội phạm), phải giữ nguyên hiện trường và báo cáo cơ quan công an.",content.csv,"Thông tư số 01/2014/TT-NHNN Quy định về giao nhận, bảo quản, vận chuyển tiền mặt, tài sản quý, giấy tờ có giá",Thông tư,20/02/2014,Hết hiệu lực một phần,"[""Admin"", ""Staff""]"
44209_art_66,44209,"Điều 66. Xử lý thiếu mất tiền do sơ suất trong nghiệp vụ 
 1. Trường hợp do sơ suất trong giao nhận, kiểm đếm, bảo quản dẫn đến thiếu, mất tiền mặt, tài sản quý, giấy tờ có giá phải bồi thường toàn bộ thiệt hại và bị xử lý theo quy định của pháp luật. 
 2. Đối với vụ việc thuộc Ngân hàng Nhà nước, phải thành lập Hội đồng giải quyết việc bồi thường thiệt hại để xử lý trách nhiệm vật chất.",content.csv,"Thông tư số 01/2014/TT-NHNN Quy định về giao nhận, bảo quản, vận chuyển tiền mặt, tài sản quý, giấy tờ có giá",Thông tư,20/02/2014,Hết hiệu lực một phần,"[""Admin"", ""Staff"", ""Guest""]"
44209_art_68,44209,"Điều 68. Quyền lợi đối với cán bộ kho quỹ 
 1. Những cán bộ, nhân viên làm nhiệm vụ quản lý, bảo quản, vận chuyển tiền mặt, tài sản quý, giấy tờ có giá và chiến sĩ cảnh sát làm nhiệm vụ bảo vệ có thành tích xuất sắc, dũng cảm bảo vệ tài sản thì được khen thưởng. 
 2. Những cán bộ, nhân viên làm công tác kho quỹ quy định ở Thông tư này được hưởng phụ cấp trách nhiệm; phụ cấp độc hại, nặng nhọc; bồi dưỡng độc hại bằng hiện vật; trang bị phương tiện bảo vệ cá nhân và các quyền lợi khác theo quy định của Nhà nước và của ngành.",content.csv,"Thông tư số 01/2014/TT-NHNN Quy định về giao nhận, bảo quản, vận chuyển tiền mặt, tài sản quý, giấy tờ có giá",Thông tư,20/02/2014,Hết hiệu lực một phần,"[""Admin"", ""Staff"", ""Guest""]"
44209_art_69,44209,"Điều 69. Báo cáo công tác an toàn kho quỹ 
 Hàng năm, Ngân hàng Nhà nước chi nhánh, tổ chức tín dụng, chi nhánh ngân hàng nước ngoài báo cáo công tác an toàn kho quỹ theo các nội dung tại Thông tư này. Báo cáo của tổ chức tín dụng, chi nhánh ngân hàng nước ngoài gửi về Ngân hàng Nhà nước chi nhánh trên địa bàn và tổ chức tín dụng, chi nhánh ngân hàng nước ngoài cấp trên (nếu có). Ngân hàng Nhà nước chi nhánh, tổ chức tín dụng, chi nhánh ngân hàng nước ngoài tổng hợp báo cáo gửi Ngân hàng Nhà nước (Cục Phát hành và Kho quỹ) trước ngày 15 tháng 01 năm kế tiếp.",content.csv,"Thông tư số 01/2014/TT-NHNN Quy định về giao nhận, bảo quản, vận chuyển tiền mặt, tài sản quý, giấy tờ có giá",Thông tư,20/02/2014,Hết hiệu lực một phần,"[""Admin"", ""Staff""]"
44209_art_70,44209,"Điều 70. Trách nhiệm của các đơn vị liên quan thuộc Ngân hàng Nhà nước 
 1. Cục trưởng Cục Phát hành và Kho quỹ có trách nhiệm hướng dẫn và kiểm tra việc thực hiện Thông tư này. 
 2. Vụ trưởng Vụ Kiểm toán nội bộ chịu trách nhiệm hướng dẫn kiểm soát việc tổ chức thực hiện trong hệ thống Ngân hàng Nhà nước. 
 3. Chánh Thanh tra, giám sát ngân hàng có trách nhiệm thanh tra việc tổ chức thực hiện Thông tư này của tổ chức tín dụng, chi nhánh ngân hàng nước ngoài.",content.csv,"Thông tư số 01/2014/TT-NHNN Quy định về giao nhận, bảo quản, vận chuyển tiền mặt, tài sản quý, giấy tờ có giá",Thông tư,20/02/2014,Hết hiệu lực một phần,"[""Admin"", ""Staff""]"
44209_art_71,44209,"Điều 71. Trách nhiệm của tổ chức tín dụng, chi nhánh ngân hàng nước ngoài 
 Tổ chức tín dụng, chi nhánh ngân hàng nước ngoài căn cứ các quy định tại Thông tư này để quy định và hướng dẫn thực hiện trong hệ thống cho phù hợp với mô hình hoạt động, cơ cấu tổ chức của đơn vị mình và chịu trách nhiệm đảm bảo an toàn tiền, tài sản; tổ chức công tác kiểm soát việc tổ chức thực hiện trong hệ thống. 
 Chương VII 
 ĐIỀU KHOẢN THI HÀNH",content.csv,"Thông tư số 01/2014/TT-NHNN Quy định về giao nhận, bảo quản, vận chuyển tiền mặt, tài sản quý, giấy tờ có giá",Thông tư,20/02/2014,Hết hiệu lực một phần,"[""Admin"", ""Staff""]"
44209_art_72,44209,"Điều 72. Hiệu lực thi hành 
 1. Thông tư này có hiệu lực thi hành kể từ ngày 20/02/2014. 
 2. Kể từ ngày Thông tư này có hiệu lực, các văn bản sau hết hiệu lực thi hành: 
 a) Quyết định số 60/2006/QĐ-NHNN ngày 27/12/2006 của Thống đốc Ngân hàng Nhà nước ban hành Chế độ giao nhận, bảo quản, vận chuyển tiền mặt, tài sản quý, giấy tờ có giá; 
 b) Quyết định số 27/2007/QĐ-NHNN ngày 21/6/2007 sửa đổi, bổ sung một số Điều của Chế độ giao nhận, bảo quản, vận chuyển tiền mặt, tài sản quý, giấy tờ có giá ban hành theo Quyết định số 60/2006/QĐ-NHNN; 
 c) Thông tư số 21/2011/TT-NHNN ngày 30/8/2011 sửa đổi, bổ sung Khoản 5",content.csv,"Thông tư số 01/2014/TT-NHNN Quy định về giao nhận, bảo quản, vận chuyển tiền mặt, tài sản quý, giấy tờ có giá",Thông tư,20/02/2014,Hết hiệu lực một phần,"[""Admin"", ""Staff"", ""Guest""]"
44209_art_73,44209,"Điều 73. Trách nhiệm tổ chức thi hành 
 Chánh Văn phòng, Cục trưởng Cục Phát hành và Kho quỹ, Giám đốc Sở Giao dịch Ngân hàng Nhà nước, Thủ trưởng các đơn vị thuộc Ngân hàng Nhà nước, Giám đốc Ngân hàng Nhà nước chi nhánh tỉnh, thành phố trực thuộc Trung ương, Chủ tịch Hội đồng quản trị, Chủ tịch Hội đồng thành viên, Tổng Giám đốc (Giám đốc) tổ chức tín dụng, chi nhánh ngân hàng nước ngoài chịu trách nhiệm tổ chức thi hành Thông tư này./. 
 
 
 
 
 &nbsp; Nơi nhận: - Như Điều 73; - Ban Lãnh đạo NHNN; - Bộ Tư pháp (để kiểm tra); - Văn phòng Chính phủ; - Phòng Công báo - VPCP; - Lưu: VP, PC, PHKQ. 
 
 KT. THỐNG ĐỐC 
 PHÓ THỐNG ĐỐC 
 Đào Minh Tú 
 
 
 
 &nbsp;",content.csv,"Thông tư số 01/2014/TT-NHNN Quy định về giao nhận, bảo quản, vận chuyển tiền mặt, tài sản quý, giấy tờ có giá",Thông tư,20/02/2014,Hết hiệu lực một phần,"[""Admin"", ""Staff""]"
177271_chunk_1,177271,"NGÂN HÀNG NHÀ NƯỚC VIỆT NAM 
 
 
 
 
 
 CỘNG HÒA XÃ HỘI CHỦ NGHĨA VIỆT NAM 
 
 
 Độc lập – Tự do – Hạnh phúc 
 
 
 
 
 
 
 Số: 01/2025/TT-NHNN 
 
 
 Hà Nội, ngày 29 tháng 4 năm 2025 &nbsp; 
 
 
 
 THÔNG TƯ 
 Quy định về cấp Giấy phép lần đầu, cấp đổi 
 Giấy phép của quỹ tín dụng nhân dân 
 ______________________ 
 Căn cứ Luật Ngân hàng Nhà nước Việt Nam ngày 16 tháng 6 năm 2010; 
 Căn cứ Luật Các tổ chức tín dụng ngày 18 tháng 01 năm 2024; 
 Căn cứ Luật Hợp tác xã ngày 20 tháng 6 năm 2023; 
 Căn cứ Nghị định số 2 6 /202 5 /NĐ-CP ngày 2 4 tháng 0 2 năm 202 5 của Chính phủ quy định chức năng, nhiệm vụ, quyền hạn và cơ cấu tổ chức của Ngân hàng Nhà nước Việt Nam; 
 Căn cứ Nghị định số 162 /202 4 /NĐ-CP ngày 20 tháng 1 2 năm 202 4 của Chính phủ quy định điều kiện cấp Giấy phép đối với quỹ tín dụng nhân dân, tổ chức tài chính vi mô và điều kiện đối với chủ sở hữu của tổ chức tín dụng là công ty trách nhiệm hữu hạn một thành viên, cổ đông sáng lập, thành viên sáng lập ; 
 Theo đề nghị của Cục trưởng Cục An toàn hệ thống các tổ chức tín dụng ; 
 Thống đốc Ngân hàng Nhà nước Việt Nam ban hành Thông tư quy định về cấp Giấy phép lần đầu, cấp đổi Giấy phép của quỹ tín dụng nhân dân. 
 Chương I 
 QUY ĐỊNH CHUNG",content.csv,"Thông tư số 01/2025/TT-NHNN Quy định về cấp Giấy phép lần đầu, cấp đổi Giấy phép của quỹ tín dụng nhân dân",Thông tư,15/06/2025,Hết hiệu lực một phần,"[""Admin"", ""Staff""]"
177271_art_1,177271,"Điều 1. Phạm vi điều chỉnh 
 Thông tư này quy định về: 
 1. Hồ sơ, trình tự cấp Giấy phép lần đầu của quỹ tín dụng nhân dân. 
 2. Nguyên tắc, hồ sơ, trình tự cấp đổi Giấy phép của quỹ tín dụng nhân dân. 
 3. Thẩm quyền cấp Giấy phép lần đầu, cấp đổi Giấy phép, cấp bản sao Giấy phép từ sổ gốc. 
 4. Giấy phép, trình tự cấp bản sao Giấy phép từ sổ gốc. 
 5. Nộp lệ phí cấp Giấy phép lần đầu, cấp đổi Giấy phép. 
 6. Khai trương hoạt động. 
 7. Việc thông báo thông tin về cấp Giấy phép lần đầu, cấp đổi Giấy phép của quỹ tín dụng nhân dân cho cơ quan đăng ký kinh doanh.",content.csv,"Thông tư số 01/2025/TT-NHNN Quy định về cấp Giấy phép lần đầu, cấp đổi Giấy phép của quỹ tín dụng nhân dân",Thông tư,15/06/2025,Hết hiệu lực một phần,"[""Admin"", ""Staff""]"
177271_art_2,177271,"Điều 2. Đối tượng áp dụng 
 1. Quỹ tín dụng nhân dân. 
 2. Tổ chức, cá nhân có liên quan đến việc cấp Giấy phép lần đầu, cấp đổi Giấy phép của quỹ tín dụng nhân dân, cấp bản sao Giấy phép từ sổ gốc.",content.csv,"Thông tư số 01/2025/TT-NHNN Quy định về cấp Giấy phép lần đầu, cấp đổi Giấy phép của quỹ tín dụng nhân dân",Thông tư,15/06/2025,Hết hiệu lực một phần,"[""Admin"", ""Staff""]"
177271_art_3,177271,"Điều 3. Giải thích từ ngữ 
 Trong Thông tư này, các từ ngữ dưới đây được hiểu như sau: 
 1. Ban trù bị là một nhóm người do thành viên sáng lập lựa chọn thay mặt các thành viên sáng lập triển khai các công việc liên quan đến việc đề nghị cấp Giấy phép. Ban trù bị phải có tối thiểu 03 thành viên, trong đó có 01 thành viên là Trưởng ban. 
 2. Ngân hàng Nhà nước Khu vực là Ngân hàng Nhà nước chi nhánh tại các Khu vực nơi quỹ tín dụng nhân dân đặt trụ sở chính. 
 3. Hội nghị thành lập là Hội nghị của các thành viên sáng lập quỹ tín dụng nhân dân, có nhiệm vụ: 
 a) Thông qua dự thảo Điều lệ quỹ tín dụng nhân dân; Đề án thành lập quỹ tín dụng nhân dân; Danh sách nhân sự dự kiến bầu, bổ nhiệm làm Chủ tịch và các thành viên khác của Hội đồng quản trị, Trưởng ban và các thành viên khác của Ban kiểm soát, Giám đốc của quỹ tín dụng nhân dân nhiệm kỳ đầu tiên; 
 b) Bầu Ban trù bị, Trưởng ban trù bị từ những thành viên sáng lập là những người trong danh sách dự kiến bầu, bổ nhiệm làm Chủ tịch và các thành viên khác của Hội đồng quản trị, Trưởng ban và các thành viên khác của Ban kiểm soát, Giám đốc của quỹ tín dụng nhân dân nhiệm kỳ đầu tiên và một số thành viên khác để thay mặt các thành viên sáng lập triển khai các công việc liên quan đến đề nghị chấp thuận nguyên tắc việc thành lập quỹ tín dụng nhân dân và sửa đổi, bổ sung hồ sơ đề nghị cấp Giấy phép trong trường hợp Ngân hàng Nhà nước Khu vực có yêu cầu; 
 c) Quyết định các vấn đề khác liên quan đến việc thành lập quỹ tín dụng nhân dân. 
 4. Giấy phép là Giấy phép thành lập và hoạt động của quỹ tín dụng nhân dân do Ngân hàng Nhà nước Khu vực cấp. Giấy phép đồng thời là Giấy chứng nhận đăng ký hợp tác xã. Văn bản của Ngân hàng Nhà nước về sửa đổi, bổ sung Giấy phép là một bộ phận không tách rời của Giấy phép. 
 5. Đại hội thành viên đầu tiên là đại hội của tất cả các thành viên sáng lập quỹ tín dụng nhân dân được tổ chức sau khi được Ngân hàng Nhà nước Khu vực chấp thuận nguyên tắc việc thành lập, có nhiệm vụ: 
 a) Thông qua Điều lệ của quỹ tín dụng nhân dân; 
 b) Bầu Chủ tịch và các thành viên khác của Hội đồng quản trị, Trưởng ban và các thành viên khác của Ban kiểm soát nhiệm kỳ đầu tiên theo danh sách nhân sự dự kiến đã được Ngân hàng Nhà nước Khu vực chấp thuận; 
 c) Thông qua các quy định về tổ chức và hoạt động của Hội đồng quản trị, Ban kiểm soát quỹ tín dụng nhân dân; 
 d) Thông qua chủ trương thành viên Hội đồng quản trị kiêm Giám đốc hoặc thuê Giám đốc; 
 đ) Quyết định các vấn đề khác liên quan đến việc thành lập quỹ tín dụng nhân dân.",content.csv,"Thông tư số 01/2025/TT-NHNN Quy định về cấp Giấy phép lần đầu, cấp đổi Giấy phép của quỹ tín dụng nhân dân",Thông tư,15/06/2025,Hết hiệu lực một phần,"[""Admin""]"
177271_art_4,177271,"Điều 4. Thẩm quyền cấp Giấy phép lần đầu, cấp đổi Giấy phép, cấp bản sao Giấy phép từ sổ gốc 
 Giám đốc Ngân hàng Nhà nước Khu vực có thẩm quyền quyết định cấp Giấy phép lần đầu, cấp đổi Giấy phép, cấp bản sao Giấy phép từ sổ gốc đối với quỹ tín dụng nhân dân có trụ sở chính đặt trên địa bàn.",content.csv,"Thông tư số 01/2025/TT-NHNN Quy định về cấp Giấy phép lần đầu, cấp đổi Giấy phép của quỹ tín dụng nhân dân",Thông tư,15/06/2025,Hết hiệu lực một phần,"[""Admin"", ""Staff""]"
177271_art_5,177271,"Điều 5. Nguyên tắc lập và gửi hồ sơ 
 1. Các văn bản tại hồ sơ đề nghị cấp Giấy phép lần đầu phải do Trưởng ban trù bị ký, trừ trường hợp Thông tư này có quy định khác. Các văn bản do Trưởng ban trù bị ký phải có tiêu đề ""Ban trù bị thành lập quỹ tín dụng nhân dân … (tên quỹ tín dụng nhân dân) đề nghị cấp phép"". 
 2. Các văn bản tại hồ sơ đề nghị cấp đổi Giấy phép, cấp bản sao Giấy phép từ sổ gốc phải do người đại diện theo pháp luật hoặc người đại diện theo ủy quyền ký (sau đây gọi là người đại diện hợp pháp). Trường hợp ký theo ủy quyền, hồ sơ phải có văn bản ủy quyền được lập phù hợp với quy định của pháp luật. 
 3. Hồ sơ đề nghị cấp Giấy phép lần đầu, cấp đổi Giấy phép, cấp bản sao Giấy phép từ sổ gốc của quỹ tín dụng nhân dân được lập 01 bộ bằng tiếng Việt. 
 4. Đối với thành phần hồ sơ là bản sao, quỹ tín dụng nhân dân nộp bản sao được cấp từ sổ gốc hoặc bản sao có chứng thực hoặc bản sao kèm xuất trình bản chính để đối chiếu. Trong trường hợp người nộp hồ sơ nộp bản sao kèm xuất trình bản chính để đối chiếu, người đối chiếu phải ký xác nhận vào bản sao và chịu trách nhiệm về tính chính xác của bản sao so với bản chính. 
 5. Trong mỗi bộ hồ sơ phải có danh mục tài liệu. 
 6. Hồ sơ cấp Giấy phép lần đầu, cấp đổi Giấy phép được nộp trực tiếp hoặc gửi qua dịch vụ bưu chính đến Bộ phận Một cửa của Ngân hàng Nhà nước Khu vực.",content.csv,"Thông tư số 01/2025/TT-NHNN Quy định về cấp Giấy phép lần đầu, cấp đổi Giấy phép của quỹ tín dụng nhân dân",Thông tư,15/06/2025,Hết hiệu lực một phần,"[""Admin"", ""Staff""]"
177271_art_6,177271,"Điều 6. Giấy phép 
 1. Ngân hàng Nhà nước Khu vực quy định cụ thể nội dung hoạt động, địa bàn hoạt động, thời hạn hoạt động trong Giấy phép theo mẫu quy định tại Phụ lục số 01 ban hành kèm theo Thông tư này. 
 2. Trường hợp Giấy phép bị mất, bị rách nát, bị cháy, hư hỏng, quỹ tín dụng nhân dân có đơn đề nghị cấp bản sao Giấy phép từ sổ gốc theo mẫu quy định tại Phụ lục số 02 ban hành kèm theo Thông tư này, gửi trực tiếp hoặc qua dịch vụ bưu chính đến Bộ phận Một cửa của Ngân hàng Nhà nước Khu vực hoặc nộp trực tuyến qua Cổng dịch vụ công Ngân hàng Nhà nước Việt Nam (sau đây gọi là Ngân hàng Nhà nước) đề nghị xem xét cấp bản sao Giấy phép từ sổ gốc theo quy định của pháp luật. 
 Trong thời hạn 04 ngày làm việc kể từ ngày nhận được đơn đề nghị, Ngân hàng Nhà nước Khu vực xem xét, cấp bản sao Giấy phép từ sổ gốc cho quỹ tín dụng nhân dân.",content.csv,"Thông tư số 01/2025/TT-NHNN Quy định về cấp Giấy phép lần đầu, cấp đổi Giấy phép của quỹ tín dụng nhân dân",Thông tư,15/06/2025,Hết hiệu lực một phần,"[""Admin"", ""Staff""]"
177271_art_7,177271,"Điều 7. Nộp lệ phí cấp Giấp phép 
 1. Quỹ tín dụng nhân dân được cấp Giấy phép lần đầu, cấp đổi Giấy phép phải nộp lệ phí cấp Giấy phép lần đầu, cấp đổi Giấy phép tại Ngân hàng Nhà nước Khu vực hoặc thanh toán trực tuyến trên Cổng Dịch vụ công quốc gia trong thời hạn 15 ngày kể từ ngày được cấp Giấy phép lần đầu, cấp đổi Giấy phép. 
 2. Mức lệ phí cấp Giấy phép lần đầu, cấp đổi Giấy phép theo quy định của pháp luật về phí và lệ phí.&nbsp; 
 Chương II 
 QUY ĐỊNH CỤ THỂ 
 Mục 1 
 QUY ĐỊNH VỀ CẤP GIẤY PHÉP LẦN ĐẦU",content.csv,"Thông tư số 01/2025/TT-NHNN Quy định về cấp Giấy phép lần đầu, cấp đổi Giấy phép của quỹ tín dụng nhân dân",Thông tư,15/06/2025,Hết hiệu lực một phần,"[""Admin"", ""Staff""]"
177271_art_8,177271,"Điều 8. Hồ sơ đề nghị cấp Giấy phép lần đầu 
 1. Đơn đề nghị cấp Giấy phép theo mẫu quy định tại Phụ lục số 03 ban hành kèm theo Thông tư này. 
 2. Dự thảo Điều lệ quỹ tín dụng nhân dân được Hội nghị thành lập thông qua. 
 3. Đề án thành lập quỹ tín dụng nhân dân được Hội nghị thành lập thông qua, trong đó nêu rõ: 
 a) Sự cần thiết thành lập quỹ tín dụng nhân dân; 
 b) Tên quỹ tín dụng nhân dân, địa bàn hoạt động, địa điểm dự kiến đặt trụ sở chính, thời hạn hoạt động, vốn điều lệ khi thành lập, nội dung hoạt động phù hợp với quy định tại Luật Các tổ chức tín dụng và các quy định liên quan của pháp luật; 
 c) Cơ cấu tổ chức; 
 d) Quy định về quản lý rủi ro, trong đó nêu rõ các loại rủi ro có thể xảy ra trong quá trình hoạt động, phương thức và biện pháp phòng ngừa, kiểm soát các loại rủi ro này; 
 đ) Quy trình, chính sách cho vay đối với thành viên, người có tiền gửi tại quỹ tín dụng nhân dân, hộ nghèo trên địa bàn không phải là thành viên của quỹ tín dụng nhân dân; 
 e) Công nghệ thông tin: Dự kiến hệ thống công nghệ thông tin đảm bảo an toàn, bảo mật thông tin, hỗ trợ hoạt động nghiệp vụ, quản trị và các yêu cầu báo cáo, thống kê; khả năng áp dụng hệ thống công nghệ thông tin trong hoạt động ngân hàng và việc đầu tư cho hệ thống công nghệ thông tin; 
 g) Dự kiến hệ thống kiểm soát, kiểm toán nội bộ phù hợp với quy định của Thống đốc Ngân hàng Nhà nước: 
 (i) Nguyên tắc hoạt động của hệ thống kiểm soát nội bộ; 
 (ii) Dự thảo các quy định nội bộ về tổ chức và hoạt động của quỹ tín dụng nhân dân, tối thiểu gồm các quy định nội bộ quy định tại khoản 2",content.csv,"Thông tư số 01/2025/TT-NHNN Quy định về cấp Giấy phép lần đầu, cấp đổi Giấy phép của quỹ tín dụng nhân dân",Thông tư,15/06/2025,Hết hiệu lực một phần,"[""Admin"", ""Staff""]"
177271_art_101,177271,"Điều 101 Luật Các tổ chức tín dụng và các quy định về tổ chức và hoạt động của Hội đồng quản trị, Ban kiểm soát, Người điều hành; 
 (iii) Nội dung và quy trình hoạt động của kiểm toán nội bộ; 
 h) Phương án kinh doanh dự kiến trong 03 năm đầu phù hợp với nội dung, phạm vi hoạt động, trong đó phân tích, thuyết minh tính hiệu quả và khả năng thực hiện phương án trong từng năm. 
 4. Danh sách nhân sự dự kiến bầu, bổ nhiệm làm Chủ tịch và thành viên Hội đồng quản trị, Trưởng ban và thành viên Ban kiểm soát, Giám đốc quỹ tín dụng nhân dân. 
 5. Tài liệu chứng minh về việc đáp ứng tiêu chuẩn, điều kiện của những người dự kiến bầu, bổ nhiệm làm Chủ tịch và thành viên Hội đồng quản trị, Trưởng ban và thành viên Ban kiểm soát, Giám đốc quỹ tín dụng nhân dân gồm: 
 a) Sơ yếu lý lịch theo mẫu quy định tại Phụ lục số 04 ban hành kèm theo Thông tư này; 
 b) Bản sao các văn bằng chứng minh trình độ, chuyên môn; 
 c) Phiếu lý lịch tư pháp, đảm bảo các quy định sau: 
 (i) Phải có đầy đủ thông tin về tình trạng án tích (bao gồm án tích đã được xóa và án tích chưa được xóa) và thông tin về việc đảm nhiệm chức vụ, thành lập, quản lý doanh nghiệp, hợp tác xã; 
 (ii) Phải được cơ quan có thẩm quyền cấp trước thời điểm nộp hồ sơ đề nghị cấp Giấy phép không quá 06 tháng. 
 Nhân sự dự kiến bầu, bổ nhiệm có thể xuất trình Phiếu lý lịch tư pháp bản điện tử đã được cấp trên ứng dụng định danh và xác thực điện tử VNeID hoặc nộp Phiếu lý lịch tư pháp bản điện tử theo quy định của pháp luật; 
 d) Bản kê khai người có liên quan của nhân sự dự kiến bầu, bổ nhiệm; văn bản đánh giá về việc nhân sự dự kiến bầu, bổ nhiệm có đạo đức nghề nghiệp của tổ chức tín dụng, chi nhánh ngân hàng nước ngoài nơi nhân sự dự kiến đã, đang công tác theo quy định của Thống đốc Ngân hàng Nhà nước về chấp thuận danh sách nhân sự dự kiến. 
 6. Danh sách các thành viên sáng lập quỹ tín dụng nhân dân. Danh sách phải được tất cả thành viên sáng lập ký xác nhận, có tối thiểu các nội dung sau: 
 a) Họ và tên (đối với thành viên là cá nhân, người đại diện hộ gia đình); Tên, địa chỉ đặt trụ sở chính (đối với thành viên là pháp nhân); 
 b) Số định danh cá nhân đối với thành viên là cá nhân; số định danh cá nhân của người đại diện gia đình đối với thành viên là hộ gia đình; mã số doanh nghiệp hoặc số Quyết định thành lập hoặc số giấy tờ khác có giá trị tương đương và số định danh cá nhân của người đại diện phần vốn góp đối với thành viên là pháp nhân; 
 c) Số tiền tham gia góp vốn, tỷ lệ góp vốn của từng thành viên. 
 7. Bản sao Giấy chứng nhận đăng ký doanh nghiệp hoặc Quyết định thành lập hoặc giấy tờ có giá trị tương đương (đối với thành viên là pháp nhân). 
 8. Văn bản ủy quyền của pháp nhân cho người đại diện của pháp nhân tham gia góp vốn. 
 9. Văn bản ủy quyền của hộ gia đình cho người đại diện hộ gia đình tham gia góp vốn. 
 10. Báo cáo tài chính năm liền kề năm đề nghị cấp Giấy phép và Báo cáo tài chính đến thời điểm gần nhất nhưng không quá 90 ngày trở về trước tính từ thời điểm ký đơn đề nghị cấp Giấy phép (đối với thành viên là pháp nhân). 
 11. Báo cáo khả năng tài chính để tham gia góp vốn thành lập quỹ tín dụng nhân dân đối với pháp nhân theo mẫu quy định tại Phụ lục số 05 ban hành kèm theo Thông tư này. 
 12. Đơn đề nghị tham gia thành viên theo quy định của Thống đốc Ngân hàng Nhà nước về quỹ tín dụng nhân dân. 
 13. Biên bản Hội nghị thành lập thông qua dự thảo Điều lệ; Đề án thành lập quỹ tín dụng nhân dân; danh sách nhân sự dự kiến bầu, bổ nhiệm làm Chủ tịch và thành viên Hội đồng quản trị, Trưởng ban và thành viên Ban kiểm soát, Giám đốc quỹ tín dụng nhân dân và lựa chọn Ban trù bị, Trưởng Ban trù bị. 
 14. Sau khi nhận được văn bản chấp thuận nguyên tắc, Ban trù bị phải nộp bổ sung các văn bản sau: 
 a) Điều lệ của quỹ tín dụng nhân dân đã được Đại hội thành viên đầu tiên quỹ tín dụng nhân dân thông qua; 
 b) Biên bản họp và Nghị quyết của Đại hội thành viên đầu tiên quỹ tín dụng nhân dân về việc thông qua Điều lệ, bầu Chủ tịch và các thành viên khác của Hội đồng quản trị, Trưởng ban và các thành viên khác của Ban kiểm soát; chủ trương thành viên Hội đồng quản trị kiêm Giám đốc hoặc thuê Giám đốc. Nghị quyết của Đại hội thành viên đầu tiên về việc thông qua Điều lệ phải được ít nhất 75% tổng số phiếu biểu quyết tán thành của thành viên tham dự. Nghị quyết của Đại hội thành viên đầu tiên về việc thông qua bầu Chủ tịch và các thành viên khác của Hội đồng quản trị, Trưởng ban và các thành viên khác của Ban kiểm soát; chủ trương thành viên Hội đồng quản trị kiêm Giám đốc hoặc thuê Giám đốc phải được trên 50% tổng số phiếu biểu quyết tán thành của thành viên tham dự; 
 c) Quyết định của Hội đồng quản trị quỹ tín dụng nhân dân về việc bổ nhiệm Giám đốc quỹ tín dụng nhân dân theo danh sách nhân sự dự kiến đã được Ngân hàng Nhà nước Khu vực chấp thuận; 
 d) Văn bản chứng minh quyền sở hữu hoặc quyền sử dụng hợp pháp địa điểm đặt trụ sở chính; 
 đ) Các quy định nội bộ về tổ chức và hoạt động của quỹ tín dụng nhân dân quy định tại điểm g(ii) khoản 3",content.csv,"Thông tư số 01/2025/TT-NHNN Quy định về cấp Giấy phép lần đầu, cấp đổi Giấy phép của quỹ tín dụng nhân dân",Thông tư,15/06/2025,Hết hiệu lực một phần,"[""Admin""]"
177271_art_9,177271,"Điều 9. Trình tự cấp Giấy phép lần đầu 
 1. Ngân hàng Nhà nước Khu vực khai thác các thông tin cần thiết trong Cơ sở dữ liệu quốc gia về dân cư khi xem xét, thẩm định thông tin về cư trú. Trong trường hợp không khai thác được các thông tin cần thiết trong Cơ sở dữ liệu quốc gia về dân cư, Ngân hàng Nhà nước Khu vực có quyền yêu cầu Ban trù bị cung cấp bản sao một trong các giấy tờ có giá trị chứng minh thông tin về cư trú theo quy định của pháp luật về khai thác, sử dụng thông tin về cư trú để giải quyết thủ tục hành chính, cung cấp dịch vụ công. 
 2. Ban trù bị lập hồ sơ đề nghị cấp Giấy phép theo quy định từ khoản 1 đến khoản 13",content.csv,"Thông tư số 01/2025/TT-NHNN Quy định về cấp Giấy phép lần đầu, cấp đổi Giấy phép của quỹ tín dụng nhân dân",Thông tư,15/06/2025,Hết hiệu lực một phần,"[""Admin"", ""Staff""]"
177271_art_10,177271,"Điều 10. Khai trương hoạt động 
 1. Quỹ tín dụng nhân dân phải niêm yết tại trụ sở Ủy ban nhân dân cấp xã, thông báo trên đài truyền thanh cấp xã nơi đặt trụ sở chính (nếu có) trong 03 ngày liên tiếp, công bố trên 01 phương tiện truyền thông của Ngân hàng Nhà nước và trên 01 tờ báo in trong 03 số liên tiếp hoặc trên 01 báo điện tử của Việt Nam ít nhất 30 ngày trước ngày dự kiến khai trương hoạt động các thông tin sau đây: 
 a) Tên, địa chỉ đặt trụ sở chính; 
 b) Số, ngày cấp Giấy phép; 
 c) Nội dung hoạt động, thời hạn hoạt động, địa bàn hoạt động; 
 d) Vốn điều lệ; 
 đ) Người đại diện theo pháp luật; 
 e) Danh sách và tỷ lệ góp vốn tương ứng của từng thành viên sáng lập quỹ tín dụng nhân dân; 
 g) Ngày dự kiến khai trương hoạt động. 
 2. Để khai trương hoạt động, quỹ tín dụng nhân dân đã được cấp Giấy phép phải có đủ các điều kiện sau đây: 
 a) Đã gửi Ngân hàng Nhà nước Khu vực Điều lệ của quỹ tín dụng nhân dân được Đại hội thành viên đầu tiên thông qua; 
 b) Có đủ vốn điều lệ. Vốn điều lệ bằng đồng Việt Nam phải được gửi đầy đủ vào tài khoản phong tỏa không hưởng lãi mở tại Ngân hàng Nhà nước Khu vực ít nhất 30 ngày trước ngày khai trương hoạt động. Vốn điều lệ được giải tỏa khi quỹ tín dụng nhân dân đã khai trương hoạt động; 
 c) Có trụ sở chính đáp ứng các điều kiện sau: 
 (i) Là nơi làm việc của Hội đồng quản trị, Ban điều hành, được ghi trong Giấy phép theo quy định của pháp luật và được thực hiện giao dịch với khách hàng; 
 (ii) Nằm trên địa bàn hoạt động được quy định trong Giấy phép, có địa chỉ được xác định gồm tên tòa nhà, số nhà, ngách, hẻm, ngõ phố, phố, đường hoặc thôn, xóm, ấp, xã, phường, tỉnh, thành phố trực thuộc Trung ương; số điện thoại, số fax và thư điện tử (nếu có); 
 (iii) Thuộc quyền sở hữu hoặc sử dụng hợp pháp của quỹ tín dụng nhân dân; 
 (iv) Đảm bảo thuận tiện giao dịch với khách hàng và có kho tiền đảm bảo tiêu chuẩn kỹ thuật theo quy định của Thống đốc Ngân hàng Nhà nước; 
 (v) Đảm bảo an toàn tài sản và phù hợp với yêu cầu hoạt động của quỹ tín dụng nhân dân; 
 d) Có cơ cấu tổ chức quản lý, hệ thống kiểm soát nội bộ, kiểm toán nội bộ phù hợp với loại hình hoạt động theo quy định của Luật Các tổ chức tín dụng và quy định khác của pháp luật có liên quan; 
 đ) Có hệ thống công nghệ thông tin đáp ứng yêu cầu tại điểm e khoản 3",content.csv,"Thông tư số 01/2025/TT-NHNN Quy định về cấp Giấy phép lần đầu, cấp đổi Giấy phép của quỹ tín dụng nhân dân",Thông tư,15/06/2025,Hết hiệu lực một phần,"[""Admin"", ""Staff""]"
177271_art_11,177271,"Điều 11. Nguyên tắc cấp đổi Giấy phép 
 1. Ngân hàng Nhà nước Khu vực không thực hiện cấp đổi đối với các nội dung hoạt động mà quỹ tín dụng nhân dân không được phép thực hiện theo quy định của pháp luật tại thời điểm cấp đổi. 
 2. Ngân hàng Nhà nước Khu vực điều chỉnh tên nội dung hoạt động được phép thực hiện phù hợp với quy định của Luật Các tổ chức tín dụng. Giấy phép được cấp đổi theo mẫu quy định tại Phụ lục số 07 ban hành kèm theo Thông tư này thay thế tất cả các Giấy phép, các văn bản sửa đổi bổ sung Giấy phép có liên quan mà Ngân hàng Nhà nước đã cấp cho quỹ tín dụng nhân dân đó trước thời điểm cấp đổi. 
 3. Trường hợp quỹ tín dụng nhân dân đề nghị bổ sung nội dung hoạt động vào Giấy phép đồng thời với cấp đổi Giấy phép, Ngân hàng Nhà nước Khu vực sẽ xem xét cấp đổi Giấy phép trong đó bao gồm nội dung bổ sung theo đề nghị trên cơ sở quỹ tín dụng nhân dân đáp ứng đầy đủ hồ sơ theo quy định tại khoản 1",content.csv,"Thông tư số 01/2025/TT-NHNN Quy định về cấp Giấy phép lần đầu, cấp đổi Giấy phép của quỹ tín dụng nhân dân",Thông tư,15/06/2025,Hết hiệu lực một phần,"[""Admin"", ""Staff""]"
177271_art_12,177271,Điều 12 Thông tư này.,content.csv,"Thông tư số 01/2025/TT-NHNN Quy định về cấp Giấy phép lần đầu, cấp đổi Giấy phép của quỹ tín dụng nhân dân",Thông tư,15/06/2025,Hết hiệu lực một phần,"[""Admin"", ""Staff""]"
177271_art_13,177271,"Điều 13. Thông báo thông tin về cấp Giấy phép lần đầu, cấp đổi Giấy phép cho cơ quan đăng ký kinh doanh 
 1. Trong thời hạn 05 ngày làm việc kể từ ngày cấp Giấy phép lần đầu, Ngân hàng Nhà nước Khu vực có trách nhiệm thông báo bằng văn bản kèm Giấy phép, thông tin về người đại diện theo pháp luật của quỹ tín dụng nhân dân cho cơ quan đăng ký kinh doanh theo quy định về đăng ký hợp tác xã để cập nhật vào hệ thống thông tin quốc gia về đăng ký hợp tác xã. 
 2. Trong thời hạn 05 ngày làm việc kể từ ngày cấp đổi Giấy phép, Ngân hàng Nhà nước Khu vực có trách nhiệm thông báo bằng văn bản kèm Giấy phép cấp đổi cho cơ quan đăng ký kinh doanh theo quy định về đăng ký hợp tác xã để cập nhật vào hệ thống thông tin quốc gia về đăng ký hợp tác xã. 
 Chương III 
 TRÁCH NHIỆM CỦA CÁC TỔ CHỨC, CÁ NHÂN CÓ LIÊN QUAN",content.csv,"Thông tư số 01/2025/TT-NHNN Quy định về cấp Giấy phép lần đầu, cấp đổi Giấy phép của quỹ tín dụng nhân dân",Thông tư,15/06/2025,Hết hiệu lực một phần,"[""Admin"", ""Staff""]"
177271_art_14,177271,"Điều 14. Trách nhiệm của Ban trù bị 
 1. Lập và gửi hồ sơ đề nghị cấp Giấy phép lần đầu theo quy định tại Thông tư này. 
 2. Sau khi nhận được văn bản chấp thuận nguyên tắc, Ban trù bị có trách nhiệm: 
 a) Tổ chức cuộc họp Đại hội thành viên đầu tiên theo quy định tại điểm a khoản 6",content.csv,"Thông tư số 01/2025/TT-NHNN Quy định về cấp Giấy phép lần đầu, cấp đổi Giấy phép của quỹ tín dụng nhân dân",Thông tư,15/06/2025,Hết hiệu lực một phần,"[""Admin"", ""Staff""]"
177271_art_15,177271,"Điều 15. Trách nhiệm của Trưởng Ban trù bị 
 1. Triệu tập cuộc họp Đại hội thành viên đầu tiên theo quy định của pháp luật. 
 2. Ký các văn bản thuộc thẩm quyền có liên quan đến việc thành lập quỹ tín dụng nhân dân cho đến khi được Ngân hàng Nhà nước Khu vực cấp Giấy phép.",content.csv,"Thông tư số 01/2025/TT-NHNN Quy định về cấp Giấy phép lần đầu, cấp đổi Giấy phép của quỹ tín dụng nhân dân",Thông tư,15/06/2025,Hết hiệu lực một phần,"[""Admin"", ""Staff""]"
177271_art_16,177271,"Điều 16. Trách nhiệm của tổ chức, cá nhân có liên quan đến việc thành lập quỹ tín dụng nhân dân 
 Tổ chức, cá nhân có liên quan đến việc thành lập quỹ tín dụng nhân dân phải cung cấp đầy đủ, chính xác, kịp thời các thông tin theo yêu cầu của Ngân hàng Nhà nước Khu vực, Ban trù bị theo quy định tại Thông tư này và chịu trách nhiệm trước pháp luật về các thông tin trên.",content.csv,"Thông tư số 01/2025/TT-NHNN Quy định về cấp Giấy phép lần đầu, cấp đổi Giấy phép của quỹ tín dụng nhân dân",Thông tư,15/06/2025,Hết hiệu lực một phần,"[""Admin"", ""Staff""]"
177271_art_17,177271,"Điều 17. Trách nhiệm của quỹ tín dụng nhân dân 
 1. Cung cấp đầy đủ, chính xác, kịp thời các thông tin theo yêu cầu của Ngân hàng Nhà nước Khu vực theo quy định tại Thông tư này về việc cấp đổi Giấy phép và chịu hoàn toàn trách nhiệm trước pháp luật về các thông tin trên. 
 2. Quỹ tín dụng nhân dân phải niêm yết tại trụ sở Ủy ban nhân dân cấp xã, thông báo trên đài truyền thanh cấp xã nơi đặt trụ sở chính (nếu có) trong 03 ngày liên tiếp, công bố trên 01 phương tiện truyền thông của Ngân hàng Nhà nước và trên 01 tờ báo in trong 03 số liên tiếp hoặc trên 01 báo điện tử của Việt Nam về việc cấp đổi Giấy phép trong thời hạn 07 ngày làm việc kể từ ngày được Ngân hàng Nhà nước Khu vực cấp đổi Giấy phép và thực hiện sửa đổi, bổ sung Điều lệ phù hợp với nội dung Giấy phép cấp đổi. 
 3. Thực hiện các nội dung khác theo quy định tại Thông tư này.",content.csv,"Thông tư số 01/2025/TT-NHNN Quy định về cấp Giấy phép lần đầu, cấp đổi Giấy phép của quỹ tín dụng nhân dân",Thông tư,15/06/2025,Hết hiệu lực một phần,"[""Admin"", ""Staff""]"
177271_art_18,177271,"Điều 18. Trách nhiệm của Ngân hàng Nhà nước Khu vực 
 1. Thẩm định tính đầy đủ, hợp lệ của hồ sơ đề nghị cấp Giấy phép quỹ tín dụng nhân dân trước khi chấp thuận nguyên tắc và có văn bản gửi Ban trù bị để xác nhận hồ sơ đầy đủ, hợp lệ hoặc yêu cầu bổ sung hồ sơ. 
 2. Cấp Giấy phép cho quỹ tín dụng nhân dân nếu đủ điều kiện và đảm bảo đủ hồ sơ theo quy định tại Thông tư này hoặc có văn bản từ chối không cấp Giấy phép cho quỹ tín dụng nhân dân (trong đó nêu rõ lý do). 
 3. Chịu trách nhiệm về quản lý và lưu trữ hồ sơ cấp Giấy phép lần đầu, cấp đổi Giấy phép sau khi đã cấp Giấy phép lần đầu, cấp đổi Giấy phép. 
 4. Kiểm tra, chỉ đạo, giám sát quỹ tín dụng nhân dân thực hiện và đảm bảo các điều kiện theo quy định của pháp luật, của Ngân hàng Nhà nước trước khi tiến hành khai trương hoạt động. 
 5. Đình chỉ quỹ tín dụng nhân dân khai trương hoạt động trong trường hợp quỹ tín dụng nhân dân không đáp ứng các điều kiện khai trương hoạt động. 
 6. Thẩm định hồ sơ đề nghị cấp đổi Giấy phép của quỹ tín dụng nhân dân. Cấp đổi Giấy phép cho quỹ tín dụng nhân dân hoặc có văn bản từ chối không cấp đổi Giấy phép cho quỹ tín dụng nhân dân (trong đó nêu rõ lý do). 
 7. Có văn bản gửi Ngân hàng Nhà nước để công bố trên Cổng thông tin điện tử Ngân hàng Nhà nước về Giấy phép của quỹ tín dụng nhân dân hết hiệu lực theo quy định tại khoản 3",content.csv,"Thông tư số 01/2025/TT-NHNN Quy định về cấp Giấy phép lần đầu, cấp đổi Giấy phép của quỹ tín dụng nhân dân",Thông tư,15/06/2025,Hết hiệu lực một phần,"[""Admin"", ""Staff""]"
177271_art_19,177271,"Điều 19. Trách nhiệm của ngân hàng hợp tác xã 
 Tham gia ý kiến bằng văn bản đối với danh sách nhân sự dự kiến bầu, bổ nhiệm làm Chủ tịch và các thành viên khác của Hội đồng quản trị, Trưởng ban và các thành viên khác của Ban kiểm soát, Giám đốc quỹ tín dụng nhân dân khi Ngân hàng Nhà nước Khu vực yêu cầu. 
 Chương IV 
 ĐIỀU KHOẢN THI HÀNH",content.csv,"Thông tư số 01/2025/TT-NHNN Quy định về cấp Giấy phép lần đầu, cấp đổi Giấy phép của quỹ tín dụng nhân dân",Thông tư,15/06/2025,Hết hiệu lực một phần,"[""Admin""]"
177271_art_20,177271,"Điều 20. Hiệu lực thi hành 
 Thông tư này có hiệu lực thi hành từ ngày 15 tháng 6 năm 2025.",content.csv,"Thông tư số 01/2025/TT-NHNN Quy định về cấp Giấy phép lần đầu, cấp đổi Giấy phép của quỹ tín dụng nhân dân",Thông tư,15/06/2025,Hết hiệu lực một phần,"[""Admin"", ""Staff""]"
177271_art_21,177271,"Điều 21. Tổ chức thực hiện 
 Thủ trưởng các đơn vị thuộc Ngân hàng Nhà nước, Giám đốc Ngân hàng Nhà nước Khu vực, ngân hàng hợp tác xã, quỹ tín dụng nhân dân chịu trách nhiệm tổ chức thực hiện Thông tư này./. 
 &nbsp; 
 
 
 
 KT. thống đốc 
 
 
 PHÓ THỐNG ĐỐC 
 
 
 (Đã ký) 
 
 
 Đoàn Thái Sơn",content.csv,"Thông tư số 01/2025/TT-NHNN Quy định về cấp Giấy phép lần đầu, cấp đổi Giấy phép của quỹ tín dụng nhân dân",Thông tư,15/06/2025,Hết hiệu lực một phần,"[""Admin"", ""Staff""]"
112025_chunk_1,112025,"CHÍNH PHỦ 
 
 
 
 
 
 CỘNG HÒA XÃ HỘI CHỦ NGHĨA VIỆT NAM 
 
 
 Độc lập – Tự do – Hạnh phúc 
 
 
 
 
 
 
 Số: 73/2016/NĐ-CP 
 
 
 Hà Nội, ngày 01 tháng 7 năm 2016 
 
 
 
 
 
 NGHỊ ĐỊNH 
 QUY ĐỊNH CHI TIẾT THI HÀNH LUẬT KINH DOANH BẢO HIỂM VÀ LUẬT SỬA ĐỔI, BỔ SUNG MỘT SỐ ĐIỀU CỦA LUẬT KINH DOANH BẢO HIỂM 
 Căn cứ Luật tổ chức Chính phủ ngày 19 tháng 6 năm 2015; 
 Căn cứ Luật kinh doanh bảo hiểm ngày 09 tháng 12 năm 2000; 
 Căn cứ Luật sửa đổi, bổ sung một số điều của Luật kinh doanh bảo hiểm ngày 24 tháng 11 năm 2010; 
 Căn cứ Luật đầu tư ngày 26 tháng 11 năm 2014; 
 Căn cứ Luật doanh nghiệp ngày 26 tháng 11 năm 2014; 
 Theo đề nghị của Bộ trưởng Bộ Tài chính; 
 Chính phủ ban hành Nghị định quy định chi tiết thi hành Luật kinh doanh bảo hiểm và Luật sửa đổi, bổ sung một số điều của Luật kinh doanh bảo hiểm. 
 Chương I 
 NHỮNG QUY ĐỊNH CHUNG",content.csv,"Nghị định số 73/2016/NĐ-CP Quy định chi tiết thi hành Luật kinh doanh bảo hiểm và Luật sửa đổi, bổ sung một số điều của Luật kinh doanh bảo hiểm",Nghị định,01/07/2016,Hết hiệu lực một phần,"[""Admin"", ""Staff"", ""Guest""]"
112025_art_1,112025,"Điều 1. Phạm vi và đối tượng áp dụng 
 1. Nghị định này quy định chi tiết và hướng dẫn thi hành một số điều của Luật kinh doanh bảo hiểm và Luật sửa đổi, bổ sung một số điều của Luật kinh doanh bảo hiểm bao gồm: 
 a) Thành lập và hoạt động của các doanh nghiệp bảo hiểm nhân thọ, doanh nghiệp bảo hiểm phi nhân thọ, doanh nghiệp bảo hiểm sức khỏe, doanh nghiệp tái bảo hiểm (sau đây gọi tắt là doanh nghiệp bảo hiểm), chi nhánh doanh nghiệp bảo hiểm phi nhân thọ nước ngoài (sau đây gọi tắt là chi nhánh nước ngoài), doanh nghiệp môi giới bảo hiểm, đại lý bảo hiểm, cung cấp dịch vụ bảo hiểm qua biên giới, văn phòng đại diện của doanh nghiệp bảo hiểm, doanh nghiệp môi giới bảo hiểm nước ngoài và quỹ bảo vệ người được bảo hiểm; 
 b) Chế độ quản lý tài chính đối với các doanh nghiệp bảo hiểm, chi nhánh nước ngoài, doanh nghiệp môi giới bảo hiểm. 
 2. Nghị định này áp dụng đối với: 
 a) Doanh nghiệp bảo hiểm; 
 b) Chi nhánh nước ngoài; 
 c) Doanh nghiệp môi giới bảo hiểm, đại lý bảo hiểm; 
 d) Các tổ chức, cá nhân khác có liên quan.",content.csv,"Nghị định số 73/2016/NĐ-CP Quy định chi tiết thi hành Luật kinh doanh bảo hiểm và Luật sửa đổi, bổ sung một số điều của Luật kinh doanh bảo hiểm",Nghị định,01/07/2016,Hết hiệu lực một phần,"[""Admin"", ""Staff"", ""Guest""]"
112025_art_2,112025,"Điều 2. Chính sách phát triển thị trường bảo hiểm 
 1. Phát triển thị trường bảo hiểm toàn diện, an toàn và lành mạnh nhằm đáp ứng nhu cầu bảo hiểm của nền kinh tế và dân cư; bảo đảm cho các tổ chức, cá nhân được thụ hưởng những sản phẩm bảo hiểm đạt tiêu chuẩn quốc tế; tạo lập môi trường pháp lý kinh doanh bình đẳng nhằm phát huy tối đa các nguồn lực thuộc mọi thành phần kinh tế, nâng cao năng lực cạnh tranh ngành bảo hiểm, đáp ứng yêu cầu hội nhập kinh tế quốc tế. 
 2. Nhà nước tạo điều kiện thuận lợi cho các doanh nghiệp bảo hiểm, chi nhánh nước ngoài, doanh nghiệp môi giới bảo hiểm trong việc nghiên cứu, phát triển các sản phẩm bảo hiểm và khuyến khích tổ chức, cá nhân tham gia bảo hiểm. 
 3. Nhà nước tạo điều kiện để Hiệp hội bảo hiểm Việt Nam và các tổ chức xã hội - nghề nghiệp tăng cường vai trò tự quản trong lĩnh vực bảo hiểm; bảo đảm cạnh tranh lành mạnh vì quyền và lợi ích hợp pháp của tổ chức, cá nhân tham gia bảo hiểm.",content.csv,"Nghị định số 73/2016/NĐ-CP Quy định chi tiết thi hành Luật kinh doanh bảo hiểm và Luật sửa đổi, bổ sung một số điều của Luật kinh doanh bảo hiểm",Nghị định,01/07/2016,Hết hiệu lực một phần,"[""Admin"", ""Staff"", ""Guest""]"
112025_art_3,112025,"Điều 3. Nguyên tắc tham gia bảo hiểm và cung cấp dịch vụ bảo hiểm tại Việt Nam 
 1. Tổ chức, cá nhân muốn hoạt động kinh doanh bảo hiểm, kinh doanh tái bảo hiểm, hoạt động môi giới bảo hiểm tại Việt Nam phải được Bộ Tài chính cấp Giấy phép thành lập và hoạt động (sau đây gọi tắt là Giấy phép) hoặc đáp ứng các điều kiện về cung cấp dịch vụ bảo hiểm qua biên giới theo quy định tại khoản 1",content.csv,"Nghị định số 73/2016/NĐ-CP Quy định chi tiết thi hành Luật kinh doanh bảo hiểm và Luật sửa đổi, bổ sung một số điều của Luật kinh doanh bảo hiểm",Nghị định,01/07/2016,Hết hiệu lực một phần,"[""Admin"", ""Staff"", ""Guest""]"
112025_art_90,112025,Điều 90 và,content.csv,"Nghị định số 73/2016/NĐ-CP Quy định chi tiết thi hành Luật kinh doanh bảo hiểm và Luật sửa đổi, bổ sung một số điều của Luật kinh doanh bảo hiểm",Nghị định,01/07/2016,Hết hiệu lực một phần,"[""Admin"", ""Staff"", ""Guest""]"
112025_art_91,112025,"Điều 91 Nghị định này. 
 2. Tổ chức, cá nhân có nhu cầu tham gia bảo hiểm có quyền lựa chọn doanh nghiệp bảo hiểm và chỉ được tham gia bảo hiểm tại doanh nghiệp bảo hiểm, chi nhánh nước ngoài được phép hoạt động tại Việt Nam, trừ trường hợp sử dụng dịch vụ bảo hiểm qua biên giới theo quy định tại khoản 2, khoản 3",content.csv,"Nghị định số 73/2016/NĐ-CP Quy định chi tiết thi hành Luật kinh doanh bảo hiểm và Luật sửa đổi, bổ sung một số điều của Luật kinh doanh bảo hiểm",Nghị định,01/07/2016,Hết hiệu lực một phần,"[""Admin"", ""Staff"", ""Guest""]"
112025_art_4,112025,"Điều 4. Nghiệp vụ và sản phẩm bảo hiểm 
 1. Bảo hiểm nhân thọ gồm các nghiệp vụ quy định tại khoản 1",content.csv,"Nghị định số 73/2016/NĐ-CP Quy định chi tiết thi hành Luật kinh doanh bảo hiểm và Luật sửa đổi, bổ sung một số điều của Luật kinh doanh bảo hiểm",Nghị định,01/07/2016,Hết hiệu lực một phần,"[""Admin"", ""Staff"", ""Guest""]"
112025_art_7,112025,Điều 7 Luật kinh doanh bảo hiểm và khoản 3,content.csv,"Nghị định số 73/2016/NĐ-CP Quy định chi tiết thi hành Luật kinh doanh bảo hiểm và Luật sửa đổi, bổ sung một số điều của Luật kinh doanh bảo hiểm",Nghị định,01/07/2016,Hết hiệu lực một phần,"[""Admin"", ""Staff"", ""Guest""]"
112025_art_5,112025,"Điều 5. Bảo hiểm bắt buộc 
 1. Doanh nghiệp bảo hiểm, chi nhánh nước ngoài được kinh doanh bảo hiểm bắt buộc không được từ chối bán bảo hiểm bắt buộc trong trường hợp đối tượng bảo hiểm đã đáp ứng đủ điều kiện mua bảo hiểm bắt buộc theo quy định pháp luật. 
 2. Tổ chức, cá nhân thuộc đối tượng thực hiện bảo hiểm bắt buộc có nghĩa vụ tham gia bảo hiểm bắt buộc theo quy định pháp luật. 
 Chương II 
 CẤP GIẤY PHÉP THÀNH LẬP VÀ HOẠT ĐỘNG CỦA DOANH NGHIỆP BẢO HIỂM, CHI NHÁNH NƯỚC NGOÀI, DOANH NGHIỆP MÔI GIỚI BẢO HIỂM 
 Mục 1 
 CẤP GIẤY PHÉP THÀNH LẬP VÀ HOẠT ĐỘNG",content.csv,"Nghị định số 73/2016/NĐ-CP Quy định chi tiết thi hành Luật kinh doanh bảo hiểm và Luật sửa đổi, bổ sung một số điều của Luật kinh doanh bảo hiểm",Nghị định,01/07/2016,Hết hiệu lực một phần,"[""Admin"", ""Staff"", ""Guest""]"
112025_art_6,112025,"Điều 6. Điều kiện chung để được cấp Giấy phép thành lập và hoạt động của doanh nghiệp bảo hiểm, chi nhánh nước ngoài, doanh nghiệp môi giới bảo hiểm 
 1. Đối với tổ chức, cá nhân tham gia góp vốn: Tổ chức, cá nhân góp vốn thành lập doanh nghiệp bảo hiểm, doanh nghiệp môi giới bảo hiểm phải đáp ứng các điều kiện sau: 
 a) Không thuộc các đối tượng bị cấm theo quy định tại khoản 2",content.csv,"Nghị định số 73/2016/NĐ-CP Quy định chi tiết thi hành Luật kinh doanh bảo hiểm và Luật sửa đổi, bổ sung một số điều của Luật kinh doanh bảo hiểm",Nghị định,01/07/2016,Hết hiệu lực một phần,"[""Admin"", ""Staff"", ""Guest""]"
112025_art_18,112025,"Điều 18 của Luật doanh nghiệp; 
 b) Tổ chức, cá nhân tham gia góp vốn phải góp vốn bằng tiền và không được sử dụng vốn vay, vốn ủy thác đầu tư của tổ chức, cá nhân khác để tham gia góp vốn; 
 c) Tổ chức tham gia góp vốn từ 10% vốn điều lệ trở lên phải hoạt động kinh doanh có lãi trong 03 năm liền kề trước năm nộp hồ sơ đề nghị cấp Giấy phép và không có lỗ lũy kế đến thời điểm nộp hồ sơ đề nghị cấp Giấy phép; 
 d) Tổ chức tham gia góp vốn hoạt động trong ngành nghề kinh doanh có yêu cầu vốn pháp định phải bảo đảm vốn chủ sở hữu trừ đi vốn pháp định tối thiểu bằng số vốn dự kiến góp; 
 đ) Trường hợp tổ chức tham gia góp vốn là doanh nghiệp bảo hiểm, doanh nghiệp môi giới bảo hiểm, ngân hàng thương mại, công ty tài chính, công ty chứng khoán thì các tổ chức này phải bảo đảm duy trì và đáp ứng các điều kiện an toàn tài chính và được cơ quan có thẩm quyền chấp thuận cho phép tham gia góp vốn theo quy định pháp luật chuyên ngành. 
 2. Đối với doanh nghiệp bảo hiểm, chi nhánh nước ngoài, doanh nghiệp môi giới bảo hiểm dự kiến được thành lập: 
 a) Có vốn điều lệ đã góp (đối với doanh nghiệp bảo hiểm, doanh nghiệp môi giới bảo hiểm), vốn được cấp (đối với chi nhánh nước ngoài) không thấp hơn mức vốn pháp định theo quy định tại",content.csv,"Nghị định số 73/2016/NĐ-CP Quy định chi tiết thi hành Luật kinh doanh bảo hiểm và Luật sửa đổi, bổ sung một số điều của Luật kinh doanh bảo hiểm",Nghị định,01/07/2016,Hết hiệu lực một phần,"[""Admin"", ""Staff"", ""Guest""]"
112025_art_10,112025,"Điều 10 Nghị định này; 
 b) Có loại hình doanh nghiệp, Điều lệ công ty (đối với doanh nghiệp bảo hiểm, doanh nghiệp môi giới bảo hiểm), Quy chế tổ chức và hoạt động (đối với chi nhánh nước ngoài) phù hợp với quy định tại Nghị định này và các quy định pháp luật khác có liên quan; 
 c) Có người quản trị, điều hành dự kiến đáp ứng quy định tại Nghị định này. 
 3. Có hồ sơ đề nghị cấp Giấy phép theo quy định tại Nghị định này.",content.csv,"Nghị định số 73/2016/NĐ-CP Quy định chi tiết thi hành Luật kinh doanh bảo hiểm và Luật sửa đổi, bổ sung một số điều của Luật kinh doanh bảo hiểm",Nghị định,01/07/2016,Hết hiệu lực một phần,"[""Admin"", ""Staff"", ""Guest""]"
112025_art_8,112025,"Điều 8. Điều kiện thành lập chi nhánh nước ngoài 
 1. Chi nhánh nước ngoài là đơn vị phụ thuộc của doanh nghiệp bảo hiểm phi nhân thọ nước ngoài, không có tư cách pháp nhân, được doanh nghiệp bảo hiểm phi nhân thọ nước ngoài bảo đảm chịu trách nhiệm về mọi nghĩa vụ và cam kết của chi nhánh tại Việt Nam. 
 2. Doanh nghiệp bảo hiểm phi nhân thọ nước ngoài thành lập chi nhánh tại Việt Nam phải đáp ứng các điều kiện sau: 
 a) Các điều kiện quy định tại điểm a khoản 1",content.csv,"Nghị định số 73/2016/NĐ-CP Quy định chi tiết thi hành Luật kinh doanh bảo hiểm và Luật sửa đổi, bổ sung một số điều của Luật kinh doanh bảo hiểm",Nghị định,01/07/2016,Hết hiệu lực một phần,"[""Admin"", ""Staff"", ""Guest""]"
112025_art_9,112025,"Điều 9. Điều kiện thành lập doanh nghiệp môi giới bảo hiểm 
 1. Tổ chức Việt Nam, cá nhân góp vốn thành lập doanh nghiệp môi giới bảo hiểm phải đáp ứng các điều kiện quy định tại",content.csv,"Nghị định số 73/2016/NĐ-CP Quy định chi tiết thi hành Luật kinh doanh bảo hiểm và Luật sửa đổi, bổ sung một số điều của Luật kinh doanh bảo hiểm",Nghị định,01/07/2016,Hết hiệu lực một phần,"[""Admin"", ""Staff"", ""Guest""]"
112025_art_11,112025,"Điều 11. Hồ sơ đề nghị cấp Giấy phép thành lập và hoạt động của công ty trách nhiệm hữu hạn bảo hiểm 
 1. Văn bản đề nghị cấp Giấy phép theo mẫu do Bộ Tài chính quy định. 
 2. Dự thảo Điều lệ công ty theo quy định tại",content.csv,"Nghị định số 73/2016/NĐ-CP Quy định chi tiết thi hành Luật kinh doanh bảo hiểm và Luật sửa đổi, bổ sung một số điều của Luật kinh doanh bảo hiểm",Nghị định,01/07/2016,Hết hiệu lực một phần,"[""Admin"", ""Staff"", ""Guest""]"
112025_art_25,112025,"Điều 25 Luật doanh nghiệp. 
 3. Phương án hoạt động 05 năm đầu phù hợp với lĩnh vực kinh doanh đề nghị cấp Giấy phép, trong đó nêu rõ thị trường mục tiêu, kênh phân phối, phương pháp trích lập dự phòng nghiệp vụ, chương trình tái bảo hiểm, đầu tư vốn, hiệu quả kinh doanh, khả năng thanh toán của doanh nghiệp bảo hiểm. 
 4. Bản sao thẻ căn cước công dân, giấy chứng minh nhân dân, hộ chiếu hoặc chứng thực cá nhân hợp pháp khác; lý lịch tư pháp, lý lịch, bản sao văn bằng, chứng chỉ của người dự kiến được bổ nhiệm là Chủ tịch Công ty hoặc Chủ tịch Hội đồng thành viên, Tổng Giám đốc, chuyên gia tính toán hoặc chuyên gia tính toán dự phòng và khả năng thanh toán, kế toán trưởng của doanh nghiệp bảo hiểm. 
 5. Danh sách thành viên sáng lập hoặc góp từ 10% vốn điều lệ trở lên và các giấy tờ kèm theo sau đây: 
 a) Bản sao quyết định thành lập, giấy chứng nhận đăng ký kinh doanh hoặc tài liệu tương đương khác; 
 b) Điều lệ công ty; 
 c) Văn bản của cấp có thẩm quyền của tổ chức góp vốn quyết định việc tham gia góp vốn thành lập doanh nghiệp bảo hiểm; 
 d) Văn bản ủy quyền, bản sao thẻ căn cước công dân, giấy chứng minh nhân dân, hộ chiếu hoặc chứng thực cá nhân hợp pháp khác của người đại diện theo ủy quyền của tổ chức góp vốn; 
 đ) Báo cáo tài chính đã được kiểm toán cho 03 năm liền kề trước năm nộp hồ sơ đề nghị cấp Giấy phép. Trường hợp doanh nghiệp bảo hiểm nước ngoài ủy quyền cho công ty con góp vốn thành lập doanh nghiệp bảo hiểm tại Việt Nam thì cung cấp cả báo cáo tài chính của công ty con đó; 
 e) Văn bản ủy quyền của doanh nghiệp bảo hiểm nước ngoài cho công ty con chuyên thực hiện chức năng đầu tư ra nước ngoài và cam kết cùng công ty con chịu trách nhiệm đối với việc góp vốn và nghĩa vụ của công ty con trong việc thành lập doanh nghiệp bảo hiểm tại Việt Nam (đối với trường hợp doanh nghiệp bảo hiểm nước ngoài ủy quyền cho công ty con chuyên thực hiện chức năng đầu tư ra nước ngoài thành lập doanh nghiệp bảo hiểm tại Việt Nam). 
 6. Quy tắc, điều khoản, biểu phí bảo hiểm của các sản phẩm bảo hiểm dự kiến triển khai. 
 7. Xác nhận của ngân hàng được phép hoạt động tại Việt Nam về mức vốn điều lệ gửi tại tài khoản phong tỏa mở tại ngân hàng. 
 8. Hợp đồng hợp tác theo quy định tại",content.csv,"Nghị định số 73/2016/NĐ-CP Quy định chi tiết thi hành Luật kinh doanh bảo hiểm và Luật sửa đổi, bổ sung một số điều của Luật kinh doanh bảo hiểm",Nghị định,01/07/2016,Hết hiệu lực một phần,"[""Admin""]"
112025_art_19,112025,"Điều 19 Luật doanh nghiệp (đối với trường hợp tổ chức trong nước và tổ chức nước ngoài cùng góp vốn thành lập công ty trách nhiệm hữu hạn 2 thành viên trở lên). 
 9. Biên bản họp của các thành viên góp vốn (đối với hồ sơ đề nghị thành lập công ty trách nhiệm hữu hạn 2 thành viên trở lên) về việc: 
 a) Nhất trí góp vốn thành lập công ty trách nhiệm hữu hạn bảo hiểm, kèm theo danh sách các thành viên sáng lập hoặc góp từ 10% vốn điều lệ trở lên; 
 b) Thông qua dự thảo Điều lệ công ty. 
 10. Văn bản của cơ quan có thẩm quyền của nước nơi tổ chức nước ngoài góp vốn đóng trụ sở chính xác nhận: 
 a) Tổ chức nước ngoài được phép thành lập doanh nghiệp bảo hiểm tại Việt Nam. Trường hợp quy định của nước nơi tổ chức nước ngoài đóng trụ sở chính không yêu cầu phải có văn bản chấp thuận thì phải có bằng chứng xác nhận việc này; 
 b) Tổ chức nước ngoài đang hoạt động trong lĩnh vực dự kiến tiến hành hoạt động ở Việt Nam; 
 c) Tổ chức nước ngoài đang trong tình trạng tài chính lành mạnh và đáp ứng đầy đủ các yêu cầu quản lý tại nước nơi doanh nghiệp đóng trụ sở chính; 
 d) Không vi phạm nghiêm trọng các quy định về hoạt động kinh doanh bảo hiểm và các quy định pháp luật khác của nước nơi tổ chức nước ngoài đóng trụ sở chính trong thời hạn 03 năm liền kề trước năm nộp hồ sơ đề nghị cấp Giấy phép. 
 11. Văn bản của cơ quan nhà nước có thẩm quyền về việc tổ chức Việt Nam góp vốn đáp ứng các điều kiện an toàn tài chính và được phép góp vốn thành lập doanh nghiệp bảo hiểm theo quy định pháp luật chuyên ngành. 
 12. Văn bản cam kết của các thành viên góp vốn đối với việc đáp ứng điều kiện để được cấp Giấy phép theo quy định tại khoản 1",content.csv,"Nghị định số 73/2016/NĐ-CP Quy định chi tiết thi hành Luật kinh doanh bảo hiểm và Luật sửa đổi, bổ sung một số điều của Luật kinh doanh bảo hiểm",Nghị định,01/07/2016,Hết hiệu lực một phần,"[""Admin"", ""Staff"", ""Guest""]"
112025_art_12,112025,"Điều 12. Hồ sơ đề nghị cấp Giấy phép thành lập và hoạt động của công ty cổ phần bảo hiểm 
 1. Văn bản đề nghị cấp Giấy phép theo mẫu do Bộ Tài chính quy định. 
 2. Dự thảo Điều lệ công ty theo quy định tại",content.csv,"Nghị định số 73/2016/NĐ-CP Quy định chi tiết thi hành Luật kinh doanh bảo hiểm và Luật sửa đổi, bổ sung một số điều của Luật kinh doanh bảo hiểm",Nghị định,01/07/2016,Hết hiệu lực một phần,"[""Admin"", ""Staff"", ""Guest""]"
112025_art_13,112025,"Điều 13. Hồ sơ đề nghị cấp Giấy phép thành lập và hoạt động của chi nhánh nước ngoài 
 1. Văn bản đề nghị cấp Giấy phép theo mẫu do Bộ Tài chính quy định. 
 2. Dự thảo Quy chế tổ chức và hoạt động của chi nhánh nước ngoài đã được doanh nghiệp bảo hiểm phi nhân thọ nước ngoài phê chuẩn. 
 3. Phương án hoạt động 05 năm đầu phù hợp với lĩnh vực kinh doanh đề nghị cấp Giấy phép, trong đó nêu rõ phương thức trích lập dự phòng nghiệp vụ, chương trình tái bảo hiểm, đầu tư vốn, hiệu quả kinh doanh, khả năng thanh toán của chi nhánh nước ngoài. 
 4. Bản sao thẻ căn cước công dân, giấy chứng minh nhân dân, hộ chiếu hoặc chứng thực cá nhân hợp pháp khác; lý lịch tư pháp, lý lịch, bản sao các văn bằng, chứng chỉ của người dự kiến được bổ nhiệm là Giám đốc, chuyên gia tính toán dự phòng và khả năng thanh toán, kế toán trưởng của chi nhánh nước ngoài. 
 5. Tài liệu về doanh nghiệp bảo hiểm phi nhân thọ nước ngoài: 
 a) Bản sao quyết định thành lập, giấy chứng nhận đăng ký kinh doanh hoặc tài liệu tương đương khác có chứng thực của cơ quan nơi doanh nghiệp bảo hiểm phi nhân thọ nước ngoài đã đăng ký không quá 03 tháng trước ngày nộp hồ sơ đề nghị cấp Giấy phép; 
 b) Điều lệ công ty; 
 c) Văn bản của cấp có thẩm quyền của doanh nghiệp bảo hiểm phi nhân thọ nước ngoài quyết định việc thành lập chi nhánh tại Việt Nam; 
 d) Văn bản ủy quyền, bản sao thẻ căn cước công dân, giấy chứng minh nhân dân, hộ chiếu hoặc chứng thực cá nhân hợp pháp khác của người đại diện theo ủy quyền của doanh nghiệp bảo hiểm phi nhân thọ nước ngoài; 
 đ) Báo cáo tài chính đã được kiểm toán cho 03 năm liền kề trước năm nộp hồ sơ đề nghị cấp Giấy phép. 
 6. Quy tắc, điều khoản, biểu phí bảo hiểm của các sản phẩm bảo hiểm dự kiến tiến hành triển khai. 
 7. Xác nhận của ngân hàng được phép hoạt động tại Việt Nam về mức vốn được cấp gửi tại tài khoản phong tỏa mở tại ngân hàng. 
 8. Văn bản của cơ quan quản lý nhà nước về bảo hiểm nước ngoài nơi doanh nghiệp bảo hiểm phi nhân thọ nước ngoài đóng trụ sở chính xác nhận: 
 a) Doanh nghiệp bảo hiểm phi nhân thọ nước ngoài được phép thành lập chi nhánh tại Việt Nam. Trường hợp quy định của nước nơi doanh nghiệp bảo hiểm phi nhân thọ nước ngoài đóng trụ sở chính không yêu cầu phải có văn bản chấp thuận thì phải có bằng chứng xác nhận việc này; 
 b) Doanh nghiệp bảo hiểm phi nhân thọ nước ngoài đang hoạt động trong lĩnh vực dự kiến tiến hành hoạt động tại Việt Nam; 
 c) Doanh nghiệp bảo hiểm phi nhân thọ nước ngoài đang trong tình trạng tài chính lành mạnh và đáp ứng đầy đủ các yêu cầu quản lý tại nước nơi doanh nghiệp đóng trụ sở chính; 
 d) Doanh nghiệp bảo hiểm phi nhân thọ nước ngoài không vi phạm nghiêm trọng các quy định về hoạt động kinh doanh bảo hiểm và các quy định pháp luật khác của nước nơi doanh nghiệp đóng trụ sở chính trong thời hạn 03 năm liền kề trước năm nộp hồ sơ đề nghị cấp Giấy phép. 
 9. Văn bản cam kết và giấy ủy quyền của doanh nghiệp bảo hiểm phi nhân thọ nước ngoài đáp ứng quy định tại khoản 2",content.csv,"Nghị định số 73/2016/NĐ-CP Quy định chi tiết thi hành Luật kinh doanh bảo hiểm và Luật sửa đổi, bổ sung một số điều của Luật kinh doanh bảo hiểm",Nghị định,01/07/2016,Hết hiệu lực một phần,"[""Admin""]"
112025_art_14,112025,"Điều 14. Hồ sơ đề nghị cấp Giấy phép thành lập và hoạt động của doanh nghiệp môi giới bảo hiểm 
 1. Văn bản đề nghị cấp Giấy phép theo mẫu do Bộ Tài chính quy định. 
 2. Dự thảo Điều lệ công ty theo quy định tại",content.csv,"Nghị định số 73/2016/NĐ-CP Quy định chi tiết thi hành Luật kinh doanh bảo hiểm và Luật sửa đổi, bổ sung một số điều của Luật kinh doanh bảo hiểm",Nghị định,01/07/2016,Hết hiệu lực một phần,"[""Admin"", ""Staff"", ""Guest""]"
112025_art_15,112025,"Điều 15. Thủ tục cấp Giấy phép thành lập và hoạt động 
 1. Hồ sơ đề nghị cấp Giấy phép được lập thành 03 bộ trong đó có 01 bộ là bản chính, 02 bộ là bản sao. Đối với hồ sơ đề nghị cấp Giấy phép của tổ chức, cá nhân nước ngoài, mỗi bộ gồm 01 bản bằng tiếng Việt và 01 bản bằng tiếng Anh. Các tài liệu có chữ ký, chức danh, con dấu của nước ngoài tại hồ sơ đề nghị cấp Giấy phép phải được hợp pháp hóa lãnh sự. Các bản sao tiếng Việt và các bản dịch từ tiếng nước ngoài ra tiếng Việt phải được cơ quan công chứng Việt Nam xác nhận theo quy định pháp luật về công chứng. Tổ chức, cá nhân đề nghị cấp Giấy phép phải chịu trách nhiệm về tính chính xác của hồ sơ đề nghị cấp Giấy phép. 
 2. Trong thời hạn 21 ngày làm việc kể từ ngày nhận được hồ sơ đề nghị cấp Giấy phép, nếu hồ sơ chưa đầy đủ và hợp lệ, Bộ Tài chính thông báo bằng văn bản yêu cầu bổ sung, sửa đổi hồ sơ. Thời hạn bổ sung, sửa đổi hồ sơ của chủ đầu tư tối đa là 06 tháng kể từ ngày ra thông báo. Trường hợp chủ đầu tư không bổ sung, sửa đổi hồ sơ theo đúng thời hạn quy định, Bộ Tài chính có văn bản từ chối xem xét cấp Giấy phép. 
 3. Trong thời hạn 60 ngày kể từ ngày nhận đủ hồ sơ hợp lệ, Bộ Tài chính cấp Giấy phép cho doanh nghiệp bảo hiểm, chi nhánh nước ngoài, doanh nghiệp môi giới bảo hiểm. Trường hợp từ chối cấp Giấy phép, Bộ Tài chính có văn bản giải thích rõ lý do. Bộ Tài chính chỉ được từ chối cấp Giấy phép khi tổ chức, cá nhân tham gia góp vốn hoặc doanh nghiệp bảo hiểm, chi nhánh nước ngoài, doanh nghiệp môi giới bảo hiểm dự kiến thành lập không đáp ứng đủ điều kiện cấp Giấy phép theo quy định tại Nghị định này.",content.csv,"Nghị định số 73/2016/NĐ-CP Quy định chi tiết thi hành Luật kinh doanh bảo hiểm và Luật sửa đổi, bổ sung một số điều của Luật kinh doanh bảo hiểm",Nghị định,01/07/2016,Hết hiệu lực một phần,"[""Admin"", ""Staff"", ""Guest""]"
112025_art_16,112025,"Điều 16. Thủ tục sau khi doanh nghiệp bảo hiểm, chi nhánh nước ngoài, doanh nghiệp môi giới bảo hiểm được cấp Giấy phép thành lập và hoạt động 
 1. Trong thời hạn 30 ngày kể từ ngày được cấp Giấy phép, doanh nghiệp bảo hiểm, chi nhánh nước ngoài, doanh nghiệp môi giới bảo hiểm phải đăng báo hàng ngày trong 05 số báo liên tiếp về những nội dung chủ yếu như sau: 
 a) Tên, địa chỉ trụ sở chính, chi nhánh, văn phòng đại diện của doanh nghiệp bảo hiểm, doanh nghiệp môi giới bảo hiểm; tên, địa chỉ của chi nhánh nước ngoài; 
 b) Nội dung, phạm vi và thời hạn hoạt động; 
 c) Mức vốn điều lệ và số vốn điều lệ đã góp của doanh nghiệp bảo hiểm, doanh nghiệp môi giới bảo hiểm; vốn được cấp của chi nhánh nước ngoài; 
 d) Họ, tên của người đại diện theo pháp luật của doanh nghiệp bảo hiểm, chi nhánh nước ngoài, doanh nghiệp môi giới bảo hiểm; 
 đ) Số và ngày cấp Giấy phép; 
 e) Các nghiệp vụ bảo hiểm, nghiệp vụ môi giới bảo hiểm được phép kinh doanh. 
 2. Trong thời hạn 60 ngày kể từ ngày được cấp Giấy phép, doanh nghiệp bảo hiểm, chi nhánh nước ngoài phải sử dụng một phần vốn điều lệ đã góp hoặc vốn được cấp để ký quỹ tại một ngân hàng thương mại hoạt động tại Việt Nam. Mức tiền ký quỹ bằng 2% vốn pháp định được quy định tại",content.csv,"Nghị định số 73/2016/NĐ-CP Quy định chi tiết thi hành Luật kinh doanh bảo hiểm và Luật sửa đổi, bổ sung một số điều của Luật kinh doanh bảo hiểm",Nghị định,01/07/2016,Hết hiệu lực một phần,"[""Admin"", ""Staff"", ""Guest""]"
112025_art_69,112025,Điều 69 Luật kinh doanh bảo hiểm và khoản 9,content.csv,"Nghị định số 73/2016/NĐ-CP Quy định chi tiết thi hành Luật kinh doanh bảo hiểm và Luật sửa đổi, bổ sung một số điều của Luật kinh doanh bảo hiểm",Nghị định,01/07/2016,Hết hiệu lực một phần,"[""Admin"", ""Staff"", ""Guest""]"
112025_art_17,112025,"Điều 17. Đổi tên doanh nghiệp bảo hiểm, chi nhánh nước ngoài, doanh nghiệp môi giới bảo hiểm 
 1. Hồ sơ đổi tên doanh nghiệp bảo hiểm, chi nhánh nước ngoài, doanh nghiệp môi giới bảo hiểm bao gồm các tài liệu sau: 
 a) Văn bản đề nghị đổi tên doanh nghiệp, chi nhánh theo mẫu do Bộ Tài chính quy định; 
 b) Văn bản của cấp có thẩm quyền theo quy định tại Điều lệ công ty (đối với doanh nghiệp bảo hiểm, doanh nghiệp môi giới bảo hiểm) hoặc Quy chế tổ chức và hoạt động (đối với chi nhánh nước ngoài) về việc đổi tên doanh nghiệp, chi nhánh. 
 2. Trong thời hạn 14 ngày làm việc kể từ ngày nhận đủ hồ sơ hợp lệ, Bộ Tài chính có văn bản chấp thuận. Trường hợp từ chối chấp thuận, Bộ Tài chính có văn bản giải thích rõ lý do.",content.csv,"Nghị định số 73/2016/NĐ-CP Quy định chi tiết thi hành Luật kinh doanh bảo hiểm và Luật sửa đổi, bổ sung một số điều của Luật kinh doanh bảo hiểm",Nghị định,01/07/2016,Hết hiệu lực một phần,"[""Admin"", ""Staff"", ""Guest""]"
112025_art_29,112025,"Điều 29 Nghị định này; 
 e) Có hồ sơ đề nghị mở chi nhánh, văn phòng đại diện hoặc chuyển đổi văn phòng đại diện thành chi nhánh theo quy định tại khoản 2 Điều này. 
 2. Hồ sơ đề nghị mở chi nhánh, văn phòng đại diện hoặc chuyển đổi văn phòng đại diện thành chi nhánh bao gồm: 
 a) Văn bản đề nghị mở chi nhánh, văn phòng đại diện theo mẫu do Bộ Tài chính quy định; 
 b) Dự thảo Quy chế tổ chức và hoạt động của chi nhánh, văn phòng đại diện theo quy định pháp luật; 
 c) Bằng chứng chứng minh doanh nghiệp bảo hiểm, doanh nghiệp môi giới bảo hiểm đáp ứng yêu cầu về vốn chủ sở hữu và biên khả năng thanh toán theo quy định tại điểm a và b khoản 1 Điều này; 
 d) Lý lịch tư pháp, bản sao thẻ căn cước công dân, giấy chứng minh nhân dân, hộ chiếu hoặc chứng thực cá nhân hợp pháp khác, lý lịch, bản sao văn bằng chứng chỉ chứng minh trình độ, kinh nghiệm của người dự kiến được bổ nhiệm Giám đốc chi nhánh, Trưởng văn phòng đại diện; 
 đ) Bằng chứng về quyền sử dụng địa điểm đặt trụ sở chi nhánh, văn phòng đại diện. 
 e) Văn bản của cấp có thẩm quyền theo quy định tại Điều lệ công ty về việc thành lập chi nhánh, văn phòng đại diện. 
 3. Doanh nghiệp bảo hiểm, doanh nghiệp môi giới bảo hiểm muốn chấm dứt hoạt động của chi nhánh, văn phòng đại diện phải đáp ứng các điều kiện sau: 
 a) Có hồ sơ đề nghị chấm dứt hoạt động của chi nhánh, văn phòng đại diện theo quy định tại khoản 4 Điều này; 
 b) Việc chấm dứt hoạt động của chi nhánh, văn phòng đại diện không gây thiệt hại đến các nghĩa vụ hiện tại đối với nhà nước, quyền lợi của bên mua bảo hiểm và các đối tượng khác có liên quan. 
 4. Hồ sơ đề nghị chấm dứt hoạt động của chi nhánh, văn phòng đại diện bao gồm: 
 a) Văn bản đề nghị chấm dứt hoạt động của chi nhánh, văn phòng đại diện theo mẫu do Bộ Tài chính quy định; 
 b) Văn bản của cấp có thẩm quyền theo quy định tại Điều lệ công ty về việc chấm dứt hoạt động chi nhánh, văn phòng đại diện; 
 c) Báo cáo tình hình hoạt động của chi nhánh, văn phòng đại diện trong 03 năm gần nhất. Trường hợp chi nhánh, văn phòng đại diện hoạt động chưa được 03 năm thì báo cáo tình hình hoạt động từ khi bắt đầu hoạt động; 
 d) Báo cáo trách nhiệm, các vấn đề phát sinh và phương án xử lý khi chấm dứt hoạt động chi nhánh, văn phòng đại diện. 
 5. Trong thời hạn 14 ngày làm việc, kể từ ngày nhận đủ hồ sơ hợp lệ, Bộ Tài chính có văn bản chấp thuận. Trường hợp từ chối chấp thuận, Bộ Tài chính có văn bản giải thích rõ lý do. 
 6. Doanh nghiệp bảo hiểm, chi nhánh nước ngoài, doanh nghiệp môi giới bảo hiểm được chủ động thành lập hoặc chấm dứt hoạt động địa điểm kinh doanh. Trong thời hạn 10 ngày làm việc, kể từ ngày quyết định lập hoặc chấm dứt hoạt động địa điểm kinh doanh, doanh nghiệp bảo hiểm, chi nhánh nước ngoài, doanh nghiệp môi giới bảo hiểm gửi thông báo đến Bộ Tài chính. Nội dung thông báo lập địa điểm kinh doanh gồm: 
 a) Tên, địa chỉ địa điểm kinh doanh; 
 b) Nội dung hoạt động của địa điểm kinh doanh; 
 c) Họ, tên, nơi cư trú, bản sao thẻ căn cước công dân, giấy chứng minh nhân dân, hộ chiếu hoặc chứng thực cá nhân hợp pháp khác của người đứng đầu địa điểm kinh doanh. 
 7. Trường hợp mở hoặc chấm dứt hoạt động của chi nhánh, văn phòng đại diện ở nước ngoài, doanh nghiệp bảo hiểm, doanh nghiệp môi giới bảo hiểm thực hiện theo quy định tại khoản 1, khoản 2, khoản 3, khoản 4 Điều này và quy định pháp luật về đầu tư trực tiếp ra nước ngoài.",content.csv,"Nghị định số 73/2016/NĐ-CP Quy định chi tiết thi hành Luật kinh doanh bảo hiểm và Luật sửa đổi, bổ sung một số điều của Luật kinh doanh bảo hiểm",Nghị định,01/07/2016,Hết hiệu lực một phần,"[""Admin""]"
112025_art_20,112025,"Điều 20. Thay đổi địa điểm đặt trụ sở chính, chi nhánh, văn phòng đại diện, địa điểm kinh doanh 
 1. Hồ sơ đề nghị thay đổi địa điểm đặt trụ sở chính, chi nhánh, văn phòng đại diện bao gồm các tài liệu sau: 
 a) Văn bản đề nghị thay đổi địa điểm đặt trụ sở chính, chi nhánh, văn phòng đại diện theo mẫu do Bộ Tài chính quy định; 
 b) Văn bản của cấp có thẩm quyền theo quy định tại Điều lệ công ty (đối với doanh nghiệp bảo hiểm, doanh nghiệp môi giới bảo hiểm) hoặc Quy chế tổ chức và hoạt động (đối với chi nhánh nước ngoài) về việc thay đổi địa điểm đặt trụ sở chính, chi nhánh, văn phòng đại diện; 
 c) Bằng chứng về quyền sử dụng địa điểm đặt trụ sở chính, chi nhánh, văn phòng đại diện. 
 2. Trong thời hạn 07 ngày làm việc, kể từ ngày nhận đủ hồ sơ hợp lệ, Bộ Tài chính có văn bản chấp thuận. Trường hợp từ chối chấp thuận, Bộ Tài chính có văn bản giải thích rõ lý do. 
 3. Trong thời hạn 10 ngày làm việc, kể từ ngày thay đổi địa điểm kinh doanh, doanh nghiệp bảo hiểm, chi nhánh nước ngoài, doanh nghiệp môi giới bảo hiểm phải có văn bản thông báo cho Bộ Tài chính về thay đổi đó.",content.csv,"Nghị định số 73/2016/NĐ-CP Quy định chi tiết thi hành Luật kinh doanh bảo hiểm và Luật sửa đổi, bổ sung một số điều của Luật kinh doanh bảo hiểm",Nghị định,01/07/2016,Hết hiệu lực một phần,"[""Admin"", ""Staff"", ""Guest""]"
112025_art_21,112025,"Điều 21. Thay đổi nội dung, phạm vi và thời hạn hoạt động 
 1. Doanh nghiệp bảo hiểm, chi nhánh nước ngoài, doanh nghiệp môi giới bảo hiểm muốn mở rộng nội dung, phạm vi, thời hạn hoạt động được quy định trong Giấy phép phải đáp ứng các điều kiện sau: 
 a) Các điều kiện quy định tại điểm a, điểm b và điểm c khoản 1",content.csv,"Nghị định số 73/2016/NĐ-CP Quy định chi tiết thi hành Luật kinh doanh bảo hiểm và Luật sửa đổi, bổ sung một số điều của Luật kinh doanh bảo hiểm",Nghị định,01/07/2016,Hết hiệu lực một phần,"[""Admin"", ""Staff"", ""Guest""]"
112025_art_30,112025,"Điều 30 Nghị định này. 
 c) Trường hợp triển khai bảo hiểm hưu trí: 
 - Có biên khả năng thanh toán cao hơn biên khả năng thanh toán tối thiểu 300 tỷ đồng; 
 - Sử dụng tối thiểu 200 tỷ đồng từ vốn chủ sở hữu để thiết lập quỹ hưu trí tự nguyện; 
 - Có hệ thống công nghệ thông tin theo dõi và quản lý chi tiết từng giao dịch của từng tài khoản bảo hiểm hưu trí; 
 - Có tối thiểu 05 cán bộ trực tiếp quản lý quỹ hưu trí tự nguyện. Mỗi cán bộ có tối thiểu 05 năm kinh nghiệm quản lý quỹ hưu trí hoặc quỹ chủ hợp đồng bảo hiểm. 
 d) Trường hợp triển khai bảo hiểm liên kết đơn vị: 
 - Có biên khả năng thanh toán cao hơn biên khả năng thanh toán tối thiểu 200 tỷ đồng; 
 - Có hệ thống công nghệ thông tin phù hợp để quản lý và kiểm soát các quỹ liên kết đơn vị một cách thận trọng và hiệu quả; 
 - Có khả năng định giá tài sản và các đơn vị của quỹ liên kết đơn vị một cách khách quan, chính xác theo định kỳ tối thiểu mỗi tuần 01 lần và công bố công khai cho bên mua bảo hiểm về giá mua và giá bán đơn vị quỹ. 
 đ) Trường hợp triển khai bảo hiểm liên kết chung: 
 - Có biên khả năng thanh toán cao hơn biên khả năng thanh toán tối thiểu 100 tỷ đồng; 
 - Có hệ thống công nghệ thông tin phù hợp để quản lý và kiểm soát quỹ liên kết chung một cách thận trọng và hiệu quả. 
 e) Đối với các sản phẩm bảo hiểm do Chính phủ quy định hoặc Thủ tướng Chính phủ quyết định thì thực hiện theo các văn bản hướng dẫn đó. 
 2. Doanh nghiệp bảo hiểm, chi nhánh nước ngoài, doanh nghiệp môi giới bảo hiểm muốn thu hẹp nội dung, phạm vi, thời hạn hoạt động được quy định trong Giấy phép phải bảo đảm việc thu hẹp nội dung, phạm vi, thời hạn hoạt động không gây thiệt hại đến các nghĩa vụ hiện tại đối với nhà nước, quyền lợi của bên mua bảo hiểm và các đối tượng khác có liên quan. 
 3. Hồ sơ đề nghị thay đổi nội dung, phạm vi và thời hạn hoạt động bao gồm: 
 a) Văn bản đề nghị thay đổi nội dung, phạm vi và thời hạn hoạt động theo mẫu do Bộ Tài chính quy định; 
 b) Văn bản của cấp có thẩm quyền theo quy định tại Điều lệ công ty (đối với doanh nghiệp bảo hiểm, doanh nghiệp môi giới bảo hiểm) hoặc Quy chế tổ chức và hoạt động (đối với chi nhánh nước ngoài) về việc thay đổi nội dung, phạm vi và thời hạn hoạt động; 
 c) Quy tắc, điều khoản, biểu phí của sản phẩm bảo hiểm mới dự kiến triển khai (nếu có) đối với trường hợp đề nghị mở rộng nội dung, phạm vi hoạt động; 
 d) Các tài liệu chứng minh doanh nghiệp bảo hiểm, chi nhánh nước ngoài, doanh nghiệp môi giới bảo hiểm đáp ứng các điều kiện theo quy định tại khoản 1 Điều này trong trường hợp mở rộng nội dung, phạm vi và thời hạn hoạt động; 
 đ) Báo cáo của doanh nghiệp bảo hiểm, chi nhánh nước ngoài, doanh nghiệp môi giới bảo hiểm về trách nhiệm, các vấn đề phát sinh và phương án xử lý khi thu hợp nội dung, phạm vi hoạt động. 
 4. Trong thời hạn 14 ngày làm việc kể từ ngày nhận đủ hồ sơ hợp lệ, Bộ Tài chính có văn bản chấp thuận. Trường hợp từ chối chấp thuận, Bộ Tài chính có văn bản giải thích rõ lý do.",content.csv,"Nghị định số 73/2016/NĐ-CP Quy định chi tiết thi hành Luật kinh doanh bảo hiểm và Luật sửa đổi, bổ sung một số điều của Luật kinh doanh bảo hiểm",Nghị định,01/07/2016,Hết hiệu lực một phần,"[""Admin"", ""Staff"", ""Guest""]"
112025_art_22,112025,"Điều 22. Chia, tách, hợp nhất, sáp nhập, chuyển đổi hình thức, chuyển nhượng cổ phần, phần vốn góp 
 1. Việc chia, tách, hợp nhất, sáp nhập, chuyển đổi hình thức doanh nghiệp bảo hiểm, chi nhánh nước ngoài, doanh nghiệp môi giới bảo hiểm, chuyển nhượng cổ phần, phần vốn góp của doanh nghiệp bảo hiểm, chi nhánh nước ngoài, doanh nghiệp môi giới bảo hiểm phải bảo đảm: 
 a) Không gây thiệt hại đến quyền và lợi ích hợp pháp của bên mua bảo hiểm, người lao động và Nhà nước; 
 b) Tuân thủ các quy định pháp luật có liên quan; 
 c) Có sự chấp thuận bằng văn bản của Bộ Tài chính (không áp dụng đối với trường hợp chuyển nhượng dưới 10% vốn điều lệ); 
 d) Tổ chức, cá nhân dự kiến góp vốn vào doanh nghiệp bảo hiểm, chi nhánh nước ngoài, doanh nghiệp môi giới bảo hiểm sau khi chia, tách, hợp nhất, sáp nhập, chuyển đổi hình thức, chuyển nhượng cổ phần, phần vốn góp phải đáp ứng các điều kiện quy định tại Điều 7, Điều 8,",content.csv,"Nghị định số 73/2016/NĐ-CP Quy định chi tiết thi hành Luật kinh doanh bảo hiểm và Luật sửa đổi, bổ sung một số điều của Luật kinh doanh bảo hiểm",Nghị định,01/07/2016,Hết hiệu lực một phần,"[""Admin"", ""Staff"", ""Guest""]"
112025_art_23,112025,"Điều 23. Giải thể doanh nghiệp bảo hiểm, doanh nghiệp môi giới bảo hiểm, chấm dứt hoạt động chi nhánh nước ngoài 
 1. Doanh nghiệp bảo hiểm, doanh nghiệp môi giới bảo hiểm giải thể, chi nhánh nước ngoài chấm dứt hoạt động trong các trường hợp sau: 
 a) Hết thời hạn hoạt động theo quy định tại Giấy phép mà không đề nghị gia hạn hoặc có đề nghị gia hạn nhưng không được tiếp tục gia hạn; 
 b) Tự nguyện giải thể, chấm dứt hoạt động nếu có khả năng thanh toán các khoản nợ; 
 c) Bị thu hồi Giấy phép; 
 d) Mất khả năng thanh toán theo quyết định của Bộ Tài chính (chỉ áp dụng đối với chi nhánh nước ngoài); 
 đ) Doanh nghiệp bảo hiểm phi nhân thọ nước ngoài bị rút Giấy phép, hết thời hạn hoạt động hoặc bị giải thể, phá sản (chỉ áp dụng đối với chi nhánh nước ngoài). 
 2. Hồ sơ giải thể của doanh nghiệp bảo hiểm, doanh nghiệp môi giới bảo hiểm; chấm dứt hoạt động của chi nhánh nước ngoài, bao gồm: 
 a) Đơn đề nghị giải thể, chấm dứt hoạt động theo mẫu do Bộ Tài chính quy định; 
 b) Quyết định của cấp có thẩm quyền theo quy định tại Điều lệ công ty (đối với doanh nghiệp bảo hiểm, doanh nghiệp môi giới bảo hiểm), Quy chế tổ chức và hoạt động (đối với chi nhánh nước ngoài); 
 c) Quyết định của cơ quan nhà nước có thẩm quyền đối với trường hợp quy định tại các điểm a (đối với trường hợp đề nghị gia hạn nhưng không được tiếp tục gia hạn), điểm c, điểm d và điểm đ khoản 1 Điều này; 
 d) Bằng chứng chứng minh doanh nghiệp bảo hiểm, chi nhánh nước ngoài, doanh nghiệp môi giới bảo hiểm (trong trường hợp tự nguyện giải thể, chấm dứt hoạt động theo quy định tại điểm b khoản 1 Điều này) đã thực hiện hết các khoản nợ, nghĩa vụ tài sản và cam kết không trong quá trình giải quyết tranh chấp tại tòa án hoặc cơ quan trọng tài, gồm các tài liệu sau: 
 - Báo cáo việc thực hiện các nghĩa vụ đối với người lao động theo quy định pháp luật; 
 - Báo cáo việc thực hiện các nghĩa vụ nợ đối với bên mua bảo hiểm, bao gồm cả việc thanh toán các nghĩa vụ đến hạn theo hợp đồng bảo hiểm và chuyển giao hợp đồng bảo hiểm theo quy định (đối với doanh nghiệp bảo hiểm, chi nhánh nước ngoài); 
 - Báo cáo việc thực hiện các nghĩa vụ với nhà nước và các chủ nợ khác; 
 - Bản sao công chứng giấy xác nhận của cơ quan thuế về việc đã hoàn thành các nghĩa vụ về thuế; 
 - Các tài liệu chứng minh khác (nếu có). 
 đ) Giấy phép thành lập và hoạt động. 
 3. Trong thời hạn 14 ngày làm việc kể từ ngày nhận đủ hồ sơ hợp lệ, Bộ Tài chính ra quyết định giải thể doanh nghiệp bảo hiểm, doanh nghiệp môi giới bảo hiểm; chấm dứt hoạt động chi nhánh nước ngoài. 
 Chương III 
 TỔ CHỨC VÀ HOẠT ĐỘNG CỦA DOANH NGHIỆP BẢO HIỂM, CHI NHÁNH NƯỚC NGOÀI, DOANH NGHIỆP MÔI GIỚI BẢO HIỂM 
 Mục 1 
 TỔ CHỨC VÀ ĐIỀU HÀNH",content.csv,"Nghị định số 73/2016/NĐ-CP Quy định chi tiết thi hành Luật kinh doanh bảo hiểm và Luật sửa đổi, bổ sung một số điều của Luật kinh doanh bảo hiểm",Nghị định,01/07/2016,Hết hiệu lực một phần,"[""Admin"", ""Staff"", ""Guest""]"
112025_art_24,112025,"Điều 24. Tổ chức hoạt động của doanh nghiệp bảo hiểm, chi nhánh nước ngoài, doanh nghiệp môi giới bảo hiểm 
 1. Tổ chức hoạt động của doanh nghiệp bảo hiểm, doanh nghiệp môi giới bảo hiểm bao gồm: 
 a) Trụ sở chính; 
 b) Chi nhánh, sở giao dịch, hội sở, công ty thành viên hạch toán phụ thuộc (được gọi là Chi nhánh) trực thuộc doanh nghiệp bảo hiểm, doanh nghiệp môi giới bảo hiểm, có nhiệm vụ thực hiện toàn bộ hoặc một phần chức năng của doanh nghiệp kể cả chức năng đại diện theo ủy quyền; 
 c) Văn phòng đại diện là đơn vị phụ thuộc của doanh nghiệp bảo hiểm, doanh nghiệp môi giới bảo hiểm, có nhiệm vụ đại diện theo ủy quyền cho lợi ích của doanh nghiệp và bảo vệ các lợi ích đó; 
 d) Địa điểm kinh doanh, phòng giao dịch (được gọi là địa điểm kinh doanh) là nơi mà doanh nghiệp tiến hành hoạt động kinh doanh cụ thể. 
 2. Chi nhánh nước ngoài không được phép thành lập chi nhánh trực thuộc tại Việt Nam.",content.csv,"Nghị định số 73/2016/NĐ-CP Quy định chi tiết thi hành Luật kinh doanh bảo hiểm và Luật sửa đổi, bổ sung một số điều của Luật kinh doanh bảo hiểm",Nghị định,01/07/2016,Hết hiệu lực một phần,"[""Admin"", ""Staff"", ""Guest""]"
112025_art_26,112025,"Điều 26. Tiêu chuẩn chung của người quản trị, điều hành 
 1. Không thuộc các đối tượng bị cấm quản lý doanh nghiệp theo quy định tại khoản 2",content.csv,"Nghị định số 73/2016/NĐ-CP Quy định chi tiết thi hành Luật kinh doanh bảo hiểm và Luật sửa đổi, bổ sung một số điều của Luật kinh doanh bảo hiểm",Nghị định,01/07/2016,Hết hiệu lực một phần,"[""Admin"", ""Staff"", ""Guest""]"
112025_art_27,112025,"Điều 27. Tiêu chuẩn của thành viên Hội đồng quản trị, thành viên Hội đồng thành viên, Trưởng Ban kiểm soát, Kiểm soát viên, Trưởng Ban kiểm toán nội bộ 
 1. Các tiêu chuẩn chung quy định tại",content.csv,"Nghị định số 73/2016/NĐ-CP Quy định chi tiết thi hành Luật kinh doanh bảo hiểm và Luật sửa đổi, bổ sung một số điều của Luật kinh doanh bảo hiểm",Nghị định,01/07/2016,Hết hiệu lực một phần,"[""Admin"", ""Staff"", ""Guest""]"
112025_art_28,112025,"Điều 28. Tiêu chuẩn của Tổng Giám đốc (Giám đốc) hoặc người đại diện trước pháp luật 
 1. Các tiêu chuẩn chung quy định tại",content.csv,"Nghị định số 73/2016/NĐ-CP Quy định chi tiết thi hành Luật kinh doanh bảo hiểm và Luật sửa đổi, bổ sung một số điều của Luật kinh doanh bảo hiểm",Nghị định,01/07/2016,Hết hiệu lực một phần,"[""Admin"", ""Staff"", ""Guest""]"
112025_art_31,112025,"Điều 31. Tiêu chuẩn của chuyên gia tính toán (Appointed Actuary) của doanh nghiệp bảo hiểm nhân thọ, doanh nghiệp bảo hiểm sức khỏe 
 1. Các tiêu chuẩn chung quy định tại",content.csv,"Nghị định số 73/2016/NĐ-CP Quy định chi tiết thi hành Luật kinh doanh bảo hiểm và Luật sửa đổi, bổ sung một số điều của Luật kinh doanh bảo hiểm",Nghị định,01/07/2016,Hết hiệu lực một phần,"[""Admin"", ""Staff"", ""Guest""]"
112025_art_32,112025,"Điều 32. Chuyên gia tính toán dự phòng và khả năng thanh toán của doanh nghiệp bảo hiểm phi nhân thọ, doanh nghiệp tái bảo hiểm, chi nhánh nước ngoài 
 1. Chuyên gia tính toán dự phòng và khả năng thanh toán của doanh nghiệp bảo hiểm phi nhân thọ, doanh nghiệp tái bảo hiểm, chi nhánh nước ngoài phải đáp ứng các tiêu chuẩn sau: 
 a) Các tiêu chuẩn chung quy định tại",content.csv,"Nghị định số 73/2016/NĐ-CP Quy định chi tiết thi hành Luật kinh doanh bảo hiểm và Luật sửa đổi, bổ sung một số điều của Luật kinh doanh bảo hiểm",Nghị định,01/07/2016,Hết hiệu lực một phần,"[""Admin"", ""Staff"", ""Guest""]"
112025_art_33,112025,"Điều 33. Tiêu chuẩn của nhân viên môi giới bảo hiểm 
 Nhân viên của doanh nghiệp môi giới bảo hiểm trực tiếp thực hiện các nội dung hoạt động môi giới bảo hiểm quy định tại",content.csv,"Nghị định số 73/2016/NĐ-CP Quy định chi tiết thi hành Luật kinh doanh bảo hiểm và Luật sửa đổi, bổ sung một số điều của Luật kinh doanh bảo hiểm",Nghị định,01/07/2016,Hết hiệu lực một phần,"[""Admin"", ""Staff"", ""Guest""]"
112025_art_34,112025,"Điều 34. Thủ tục bổ nhiệm, thay đổi một số chức danh quản trị, điều hành của doanh nghiệp bảo hiểm, chi nhánh nước ngoài, doanh nghiệp môi giới bảo hiểm 
 1. Doanh nghiệp bảo hiểm, chi nhánh nước ngoài, doanh nghiệp môi giới bảo hiểm phải được Bộ Tài chính chấp thuận bằng văn bản khi bổ nhiệm, thay đổi các chức danh sau: 
 a) Chủ tịch Hội đồng quản trị (Chủ tịch Hội đồng thành viên, Chủ tịch công ty); 
 b) Tổng Giám đốc (Giám đốc); 
 c) Chuyên gia tính toán của doanh nghiệp bảo hiểm nhân thọ, doanh nghiệp bảo hiểm sức khỏe; 
 d) Chuyên gia tính toán dự phòng và khả năng thanh toán của doanh nghiệp bảo hiểm phi nhân thọ, doanh nghiệp tái bảo hiểm, chi nhánh nước ngoài. 
 2. Hồ sơ bổ nhiệm, thay đổi các chức danh quy định tại khoản 1 Điều này bao gồm các tài liệu sau: 
 a) Văn bản đề nghị bổ nhiệm, thay đổi theo mẫu do Bộ Tài chính quy định; 
 b) Văn bản của cấp có thẩm quyền theo quy định tại Điều lệ công ty (đối với doanh nghiệp bảo hiểm, doanh nghiệp môi giới bảo hiểm) hoặc Quy chế tổ chức và hoạt động (đối với chi nhánh nước ngoài); 
 c) Lý lịch tư pháp; bản sao thẻ căn cước công dân, giấy chứng minh nhân dân, hộ chiếu hoặc chứng thực cá nhân hợp pháp khác; lý lịch, bản sao văn bằng, chứng chỉ chứng minh trình độ và năng lực chuyên môn của người dự kiến được bổ nhiệm hoặc thay đổi; 
 d) Văn bản cam kết của người dự kiến được bổ nhiệm hoặc thay đổi sẽ làm việc cho doanh nghiệp bảo hiểm, chi nhánh nước ngoài, doanh nghiệp môi giới bảo hiểm sau khi được Bộ Tài chính chấp thuận. 
 3. Trong thời hạn 07 ngày làm việc kể từ ngày nhận đủ hồ sơ hợp lệ, Bộ Tài chính có văn bản chấp thuận. Trường hợp từ chối chấp thuận, Bộ Tài chính có văn bản giải thích rõ lý do. 
 4. Doanh nghiệp bảo hiểm, chi nhánh nước ngoài, doanh nghiệp môi giới bảo hiểm chịu trách nhiệm đối với việc bổ nhiệm, thay đổi các chức danh quản trị, điều hành khác ngoài các chức danh quy định tại khoản 1 Điều này.",content.csv,"Nghị định số 73/2016/NĐ-CP Quy định chi tiết thi hành Luật kinh doanh bảo hiểm và Luật sửa đổi, bổ sung một số điều của Luật kinh doanh bảo hiểm",Nghị định,01/07/2016,Hết hiệu lực một phần,"[""Admin""]"
112025_art_35,112025,"Điều 35. Hệ thống công nghệ thông tin 
 Doanh nghiệp bảo hiểm, chi nhánh nước ngoài, doanh nghiệp môi giới bảo hiểm chủ động thiết lập, duy trì và vận hành hệ thống cơ sở hạ tầng, trang thiết bị, phần mềm công nghệ thông tin đáp ứng quy định pháp luật về hoạt động kinh doanh bảo hiểm và quản trị doanh nghiệp.",content.csv,"Nghị định số 73/2016/NĐ-CP Quy định chi tiết thi hành Luật kinh doanh bảo hiểm và Luật sửa đổi, bổ sung một số điều của Luật kinh doanh bảo hiểm",Nghị định,01/07/2016,Hết hiệu lực một phần,"[""Admin"", ""Staff"", ""Guest""]"
112025_art_36,112025,"Điều 36. Kiểm soát nội bộ, kiểm toán nội bộ 
 1. Doanh nghiệp bảo hiểm, chi nhánh nước ngoài, doanh nghiệp môi giới bảo hiểm phải xây dựng, triển khai và giám sát việc thực hiện các quy chế phân công trách nhiệm trong nội bộ doanh nghiệp; quy trình nghiên cứu phát triển sản phẩm, khai thác, thẩm định, bồi thường, tái bảo hiểm (đối với doanh nghiệp bảo hiểm, chi nhánh nước ngoài), quy trình môi giới bảo hiểm (đối với doanh nghiệp môi giới bảo hiểm) và các quy trình nghiệp vụ khác theo quy định pháp luật. 
 2. Doanh nghiệp bảo hiểm, chi nhánh nước ngoài, doanh nghiệp môi giới bảo hiểm phải lập hệ thống kiểm soát nội bộ, kiểm toán nội bộ bảo đảm doanh nghiệp, chi nhánh hoạt động an toàn và đúng pháp luật. 
 3. Hoạt động kiểm soát nội bộ phải độc lập với các hoạt động điều hành, hoạt động kinh doanh; bộ phận kiểm toán nội bộ phải độc lập với bộ phận kiểm soát nội bộ và bảo đảm đánh giá, phát hiện kịp thời mọi rủi ro có nguy cơ ảnh hưởng xấu đến hiệu quả và mục tiêu hoạt động của doanh nghiệp bảo hiểm, chi nhánh nước ngoài, doanh nghiệp môi giới bảo hiểm, phản ánh kịp thời với cấp có thẩm quyền của doanh nghiệp, chi nhánh để có biện pháp xử lý thích hợp. 
 4. Doanh nghiệp bảo hiểm, chi nhánh nước ngoài, doanh nghiệp môi giới bảo hiểm phải thường xuyên kiểm tra việc chấp hành pháp luật, các quy trình nghiệp vụ và quy định nội bộ; trực tiếp kiểm tra, kiểm soát các hoạt động nghiệp vụ trên tất cả các lĩnh vực tại trụ sở chính, chi nhánh, văn phòng đại diện và địa điểm kinh doanh nhằm đánh giá chính xác kết quả hoạt động kinh doanh và thực trạng tài chính của doanh nghiệp. 
 5. Định kỳ hàng năm, doanh nghiệp bảo hiểm, chi nhánh nước ngoài, doanh nghiệp môi giới bảo hiểm phải thực hiện kiểm toán nội bộ đối với các hoạt động của doanh nghiệp, chi nhánh. 
 6. Kết quả kiểm toán nội bộ, kiểm soát nội bộ phải được lập thành văn bản và lưu giữ tại doanh nghiệp bảo hiểm, chi nhánh nước ngoài, doanh nghiệp môi giới bảo hiểm. 
 Mục 2 
 HOẠT ĐỘNG KINH DOANH BẢO HIỂM",content.csv,"Nghị định số 73/2016/NĐ-CP Quy định chi tiết thi hành Luật kinh doanh bảo hiểm và Luật sửa đổi, bổ sung một số điều của Luật kinh doanh bảo hiểm",Nghị định,01/07/2016,Hết hiệu lực một phần,"[""Admin"", ""Staff""]"
112025_art_37,112025,"Điều 37. Nội dung hoạt động 
 1. Doanh nghiệp bảo hiểm, chi nhánh nước ngoài được phép hoạt động theo các nội dung quy định tại khoản 1",content.csv,"Nghị định số 73/2016/NĐ-CP Quy định chi tiết thi hành Luật kinh doanh bảo hiểm và Luật sửa đổi, bổ sung một số điều của Luật kinh doanh bảo hiểm",Nghị định,01/07/2016,Hết hiệu lực một phần,"[""Admin"", ""Staff"", ""Guest""]"
112025_art_60,112025,"Điều 60 Luật kinh doanh bảo hiểm. 
 2. Doanh nghiệp bảo hiểm nhân thọ không được phép kinh doanh các nghiệp vụ bảo hiểm phi nhân thọ và ngược lại. 
 3. Doanh nghiệp bảo hiểm nhân thọ và doanh nghiệp bảo hiểm phi nhân thọ được phép kinh doanh nghiệp vụ bảo hiểm sức khỏe. 
 4. Chi nhánh nước ngoài chỉ được kinh doanh các nghiệp vụ, sản phẩm bảo hiểm mà doanh nghiệp bảo hiểm phi nhân thọ nước ngoài được kinh doanh theo quy định của nước nơi doanh nghiệp đóng trụ sở chính.",content.csv,"Nghị định số 73/2016/NĐ-CP Quy định chi tiết thi hành Luật kinh doanh bảo hiểm và Luật sửa đổi, bổ sung một số điều của Luật kinh doanh bảo hiểm",Nghị định,01/07/2016,Hết hiệu lực một phần,"[""Admin"", ""Staff"", ""Guest""]"
112025_art_38,112025,"Điều 38. Bán sản phẩm bảo hiểm 
 1. Doanh nghiệp bảo hiểm, chi nhánh nước ngoài được quyền chủ động bán sản phẩm bảo hiểm dưới các hình thức sau: 
 a) Trực tiếp; 
 b) Thông qua đại lý bảo hiểm, môi giới bảo hiểm; 
 c) Thông qua đấu thầu; 
 d) Thông qua giao dịch điện tử; 
 đ) Các hình thức khác phù hợp với quy định pháp luật. 
 2. Doanh nghiệp bảo hiểm, chi nhánh nước ngoài chỉ được bán sản phẩm bảo hiểm phù hợp với nội dung, phạm vi hoạt động quy định trong Giấy phép. 
 3. Doanh nghiệp bảo hiểm, chi nhánh nước ngoài không được ép buộc các tổ chức, cá nhân mua bảo hiểm dưới mọi hình thức. 
 4. Việc mua, bán bảo hiểm thông qua hình thức đấu thầu phải tuân thủ các quy định pháp luật về đấu thầu và quy định về quy tắc, điều khoản, biểu phí bảo hiểm tại",content.csv,"Nghị định số 73/2016/NĐ-CP Quy định chi tiết thi hành Luật kinh doanh bảo hiểm và Luật sửa đổi, bổ sung một số điều của Luật kinh doanh bảo hiểm",Nghị định,01/07/2016,Hết hiệu lực một phần,"[""Admin"", ""Staff"", ""Guest""]"
112025_art_39,112025,Điều 39 Nghị định này.,content.csv,"Nghị định số 73/2016/NĐ-CP Quy định chi tiết thi hành Luật kinh doanh bảo hiểm và Luật sửa đổi, bổ sung một số điều của Luật kinh doanh bảo hiểm",Nghị định,01/07/2016,Hết hiệu lực một phần,"[""Admin"", ""Staff"", ""Guest""]"
112025_art_40,112025,"Điều 40. Thủ tục phê chuẩn, đăng ký sản phẩm bảo hiểm 
 1. Đối với loại sản phẩm bảo hiểm do Bộ Tài chính phê chuẩn quy tắc, điều khoản, biểu phí quy định tại khoản 3",content.csv,"Nghị định số 73/2016/NĐ-CP Quy định chi tiết thi hành Luật kinh doanh bảo hiểm và Luật sửa đổi, bổ sung một số điều của Luật kinh doanh bảo hiểm",Nghị định,01/07/2016,Hết hiệu lực một phần,"[""Admin"", ""Staff"", ""Guest""]"
112025_art_41,112025,"Điều 41. Hoa hồng bảo hiểm 
 Doanh nghiệp bảo hiểm, chi nhánh nước ngoài được phép chi trả hoa hồng bảo hiểm cho doanh nghiệp môi giới bảo hiểm, đại lý bảo hiểm theo quy định của Bộ Tài chính. 
 Mục 3 
 HOẠT ĐỘNG TÁI BẢO HIỂM",content.csv,"Nghị định số 73/2016/NĐ-CP Quy định chi tiết thi hành Luật kinh doanh bảo hiểm và Luật sửa đổi, bổ sung một số điều của Luật kinh doanh bảo hiểm",Nghị định,01/07/2016,Hết hiệu lực một phần,"[""Admin"", ""Staff"", ""Guest""]"
112025_art_42,112025,"Điều 42. Tái bảo hiểm 
 1. Doanh nghiệp bảo hiểm, chi nhánh nước ngoài có thể chuyển một phần nhưng không được nhượng toàn bộ trách nhiệm đã nhận bảo hiểm trong một hợp đồng bảo hiểm cho một hoặc nhiều doanh nghiệp bảo hiểm trong và ngoài nước, chi nhánh nước ngoài khác. 
 2. Mức trách nhiệm giữ lại tối đa trên mỗi rủi ro hoặc trên mỗi tổn thất riêng lẻ không quá 10% vốn chủ sở hữu. 
 3. Trường hợp doanh nghiệp bảo hiểm, chi nhánh nước ngoài nhượng tái bảo hiểm theo chỉ định của người được bảo hiểm, tỷ lệ tái bảo hiểm chỉ định tối đa là 90% mức trách nhiệm bảo hiểm. 
 4. Doanh nghiệp bảo hiểm, chi nhánh nước ngoài có thể nhận tái bảo hiểm trách nhiệm mà doanh nghiệp bảo hiểm khác đã nhận bảo hiểm. Khi nhận tái bảo hiểm, doanh nghiệp bảo hiểm, chi nhánh nước ngoài phải đánh giá rủi ro để bảo đảm phù hợp với khả năng thanh toán của doanh nghiệp bảo hiểm, chi nhánh nước ngoài và không được nhận tái bảo hiểm đối với chính những rủi ro đã nhượng tái bảo hiểm. 
 5. Bộ Tài chính hướng dẫn hoạt động nhận, nhượng tái bảo hiểm và mức giữ lại đối với doanh nghiệp bảo hiểm, doanh nghiệp tái bảo hiểm, chi nhánh nước ngoài.",content.csv,"Nghị định số 73/2016/NĐ-CP Quy định chi tiết thi hành Luật kinh doanh bảo hiểm và Luật sửa đổi, bổ sung một số điều của Luật kinh doanh bảo hiểm",Nghị định,01/07/2016,Hết hiệu lực một phần,"[""Admin"", ""Staff""]"
112025_art_43,112025,"Điều 43. Điều kiện của doanh nghiệp nhận tái bảo hiểm nước ngoài 
 1. Doanh nghiệp nhận tái bảo hiểm nước ngoài đang hoạt động hợp pháp và đáp ứng đầy đủ các yêu cầu về khả năng thanh toán theo quy định pháp luật của nước nơi doanh nghiệp đóng trụ sở chính. 
 2. Doanh nghiệp đứng đầu nhận tái bảo hiểm và doanh nghiệp nhận tái bảo hiểm từ 10% tổng mức trách nhiệm của mỗi hợp đồng tái bảo hiểm phải được xếp hạng tối thiểu ""BBB"" theo Standard &amp; Poor's hoặc Fitch, ""B++"" theo A.M.Best, ""Baal"" theo Moody's hoặc các kết quả xếp hạng tương đương của các tổ chức có chức năng, kinh nghiệm xếp hạng khác tại năm tài chính gần nhất so với thời điểm giao kết hợp đồng tái bảo hiểm. 
 3. Trường hợp tái bảo hiểm cho công ty mẹ ở nước ngoài hoặc các công ty trong cùng tập đoàn mà công ty này không có đánh giá xếp hạng tín nhiệm theo quy định nêu trên thì doanh nghiệp bảo hiểm, doanh nghiệp tái bảo hiểm, chi nhánh nước ngoài phải nộp Bộ Tài chính văn bản của cơ quan quản lý bảo hiểm nước ngoài nơi công ty nhận tái bảo hiểm đóng trụ sở chính xác nhận công ty nhận tái bảo hiểm ở nước ngoài bảo đảm khả năng thanh toán tại năm tài chính gần nhất năm nhận tái bảo hiểm. 
 Mục 4 
 HOẠT ĐỘNG MÔI GIỚI BẢO HIỂM",content.csv,"Nghị định số 73/2016/NĐ-CP Quy định chi tiết thi hành Luật kinh doanh bảo hiểm và Luật sửa đổi, bổ sung một số điều của Luật kinh doanh bảo hiểm",Nghị định,01/07/2016,Hết hiệu lực một phần,"[""Admin"", ""Staff"", ""Guest""]"
112025_art_44,112025,"Điều 44. Nội dung hoạt động môi giới bảo hiểm 
 1. Cung cấp thông tin về loại hình bảo hiểm, điều kiện, điều khoản, phí bảo hiểm, doanh nghiệp bảo hiểm cho bên mua bảo hiểm. 
 2. Tư vấn cho bên mua bảo hiểm trong việc đánh giá rủi ro, lựa chọn loại hình bảo hiểm, điều kiện, điều khoản, biểu phí bảo hiểm, doanh nghiệp bảo hiểm. 
 3. Đàm phán, thu xếp giao kết hợp đồng bảo hiểm giữa doanh nghiệp bảo hiểm và bên mua bảo hiểm. 
 4. Thực hiện các công việc khác có liên quan đến việc thực hiện hợp đồng bảo hiểm theo yêu cầu của bên mua bảo hiểm.",content.csv,"Nghị định số 73/2016/NĐ-CP Quy định chi tiết thi hành Luật kinh doanh bảo hiểm và Luật sửa đổi, bổ sung một số điều của Luật kinh doanh bảo hiểm",Nghị định,01/07/2016,Hết hiệu lực một phần,"[""Admin"", ""Staff""]"
112025_art_45,112025,"Điều 45. Những hành vi bị cấm trong hoạt động môi giới bảo hiểm 
 1. Ngăn cản bên mua bảo hiểm, người được bảo hiểm cung cấp các thông tin liên quan đến hợp đồng bảo hiểm hoặc xúi giục bên mua bảo hiểm, người được bảo hiểm không kê khai các chi tiết liên quan đến hợp đồng bảo hiểm. 
 2. Khuyến mại khách hàng dưới hình thức hứa hẹn cung cấp các quyền lợi bất hợp pháp để xúi giục khách hàng giao kết hợp đồng bảo hiểm. 
 3. Xúi giục bên mua bảo hiểm hủy bỏ hợp đồng bảo hiểm hiện có để mua hợp đồng bảo hiểm mới. 
 4. Tư vấn cho khách hàng mua bảo hiểm tại một doanh nghiệp bảo hiểm, chi nhánh nước ngoài với các điều kiện, điều khoản kém cạnh tranh hơn so với doanh nghiệp bảo hiểm, chi nhánh nước ngoài khác nhằm thu được hoa hồng môi giới cao hơn. 
 5. Cung cấp cho khách hàng thông tin sai lệch, không phù hợp nội dung điều kiện, điều khoản bảo hiểm của doanh nghiệp bảo hiểm. 
 Mục 5 
 CÁC HOẠT ĐỘNG KHÁC",content.csv,"Nghị định số 73/2016/NĐ-CP Quy định chi tiết thi hành Luật kinh doanh bảo hiểm và Luật sửa đổi, bổ sung một số điều của Luật kinh doanh bảo hiểm",Nghị định,01/07/2016,Hết hiệu lực một phần,"[""Admin"", ""Staff"", ""Guest""]"
112025_art_46,112025,"Điều 46. Đề phòng, hạn chế tổn thất 
 1. Doanh nghiệp bảo hiểm, chi nhánh nước ngoài có thể áp dụng các biện pháp phòng ngừa để bảo đảm an toàn cho đối tượng bảo hiểm khi được sự đồng ý của bên mua bảo hiểm hoặc cơ quan nhà nước có thẩm quyền. 
 2. Các biện pháp đề phòng, hạn chế tổn thất bao gồm: 
 a) Tổ chức tuyên truyền, giáo dục; 
 b) Tài trợ, hỗ trợ các phương tiện, vật chất để đề phòng hạn chế rủi ro; 
 c) Hỗ trợ xây dựng các công trình nhằm mục đích đề phòng, giảm nhẹ mức độ rủi ro cho các đối tượng bảo hiểm; 
 d) Thuê các tổ chức, cá nhân khác giám sát, đề phòng, hạn chế tổn thất. 
 3. Chi phí đề phòng hạn chế tổn thất được tính theo tỷ lệ trên phí bảo hiểm thu được theo hướng dẫn của Bộ Tài chính.",content.csv,"Nghị định số 73/2016/NĐ-CP Quy định chi tiết thi hành Luật kinh doanh bảo hiểm và Luật sửa đổi, bổ sung một số điều của Luật kinh doanh bảo hiểm",Nghị định,01/07/2016,Hết hiệu lực một phần,"[""Admin"", ""Staff""]"
112025_art_47,112025,"Điều 47. Giám định tổn thất 
 1. Việc giám định tổn thất thực hiện theo quy định tại",content.csv,"Nghị định số 73/2016/NĐ-CP Quy định chi tiết thi hành Luật kinh doanh bảo hiểm và Luật sửa đổi, bổ sung một số điều của Luật kinh doanh bảo hiểm",Nghị định,01/07/2016,Hết hiệu lực một phần,"[""Admin"", ""Staff"", ""Guest""]"
112025_art_48,112025,"Điều 48 Luật kinh doanh bảo hiểm. Cơ quan giám định chịu trách nhiệm về kết quả giám định của mình. 
 2. Việc giám định tổn thất phải bảo đảm trung thực, khách quan, khoa học, kịp thời, chính xác. 
 3. Kết quả giám định tổn thất phải được thể hiện trong biên bản giám định.",content.csv,"Nghị định số 73/2016/NĐ-CP Quy định chi tiết thi hành Luật kinh doanh bảo hiểm và Luật sửa đổi, bổ sung một số điều của Luật kinh doanh bảo hiểm",Nghị định,01/07/2016,Hết hiệu lực một phần,"[""Admin"", ""Staff"", ""Guest""]"
112025_art_49,112025,"Điều 49. Vốn điều lệ, vốn được cấp 
 1. Vốn điều lệ của doanh nghiệp bảo hiểm, doanh nghiệp môi giới bảo hiểm là tổng số tiền do các thành viên đã góp hoặc cam kết góp khi thành lập công ty trách nhiệm hữu hạn, là tổng giá trị mệnh giá cổ phần đã bán hoặc được đăng ký mua khi thành lập công ty cổ phần và được ghi vào điều lệ của doanh nghiệp bảo hiểm, doanh nghiệp môi giới bảo hiểm. 
 2. Vốn được cấp của chi nhánh nước ngoài là số vốn do doanh nghiệp bảo hiểm phi nhân thọ nước ngoài cấp cho chi nhánh tại Việt Nam.",content.csv,"Nghị định số 73/2016/NĐ-CP Quy định chi tiết thi hành Luật kinh doanh bảo hiểm và Luật sửa đổi, bổ sung một số điều của Luật kinh doanh bảo hiểm",Nghị định,01/07/2016,Hết hiệu lực một phần,"[""Admin"", ""Staff"", ""Guest""]"
112025_art_50,112025,"Điều 50. Quản lý vốn chủ sở hữu 
 1. Trong suốt quá trình hoạt động, doanh nghiệp bảo hiểm, chi nhánh nước ngoài, doanh nghiệp môi giới bảo hiểm phải bảo đảm duy trì nguồn vốn chủ sở hữu đáp ứng các nguyên tắc sau: 
 a) Vốn chủ sở hữu của doanh nghiệp bảo hiểm, chi nhánh nước ngoài, doanh nghiệp môi giới bảo hiểm không thấp hơn mức vốn pháp định quy định tại",content.csv,"Nghị định số 73/2016/NĐ-CP Quy định chi tiết thi hành Luật kinh doanh bảo hiểm và Luật sửa đổi, bổ sung một số điều của Luật kinh doanh bảo hiểm",Nghị định,01/07/2016,Hết hiệu lực một phần,"[""Admin"", ""Staff"", ""Guest""]"
112025_art_51,112025,"Điều 51. Sử dụng tiền ký quỹ 
 1. Doanh nghiệp bảo hiểm, chi nhánh nước ngoài chỉ được sử dụng tiền ký quỹ để đáp ứng các cam kết đối với bên mua bảo hiểm khi khả năng thanh toán bị thiếu hụt và phải được Bộ Tài chính chấp thuận bằng văn bản. Trong thời hạn 90 ngày, kể từ ngày sử dụng tiền ký quỹ, doanh nghiệp bảo hiểm, chi nhánh nước ngoài có trách nhiệm bổ sung tiền ký quỹ đã sử dụng. 
 2. Doanh nghiệp bảo hiểm, chi nhánh nước ngoài được rút toàn bộ tiền ký quỹ khi chấm dứt hoạt động.",content.csv,"Nghị định số 73/2016/NĐ-CP Quy định chi tiết thi hành Luật kinh doanh bảo hiểm và Luật sửa đổi, bổ sung một số điều của Luật kinh doanh bảo hiểm",Nghị định,01/07/2016,Hết hiệu lực một phần,"[""Admin"", ""Staff"", ""Guest""]"
112025_art_52,112025,"Điều 52. Các quy định khác về quản lý sử dụng vốn, tài sản 
 Ngoài các quy định tại Nghị định này, doanh nghiệp bảo hiểm, chi nhánh nước ngoài, doanh nghiệp môi giới bảo hiểm phải tuân thủ quy định về quản lý sử dụng vốn, tài sản theo quy định pháp luật liên quan. 
 Mục 2 
 DỰ PHÒNG NGHIỆP VỤ BẢO HIỂM",content.csv,"Nghị định số 73/2016/NĐ-CP Quy định chi tiết thi hành Luật kinh doanh bảo hiểm và Luật sửa đổi, bổ sung một số điều của Luật kinh doanh bảo hiểm",Nghị định,01/07/2016,Hết hiệu lực một phần,"[""Admin"", ""Staff"", ""Guest""]"
112025_art_53,112025,"Điều 53. Dự phòng nghiệp vụ đối với bảo hiểm phi nhân thọ 
 1. Doanh nghiệp bảo hiểm phi nhân thọ, chi nhánh nước ngoài phải trích lập dự phòng nghiệp vụ theo từng nghiệp vụ bảo hiểm hoặc hợp đồng bảo hiểm tương ứng với trách nhiệm giữ lại của doanh nghiệp bảo hiểm, chi nhánh nước ngoài. 
 2. Dự phòng nghiệp vụ bao gồm: 
 a) Dự phòng phí chưa được hưởng: Được sử dụng để bồi thường cho trách nhiệm sẽ phát sinh trong thời gian còn hiệu lực của hợp đồng bảo hiểm trong năm tiếp theo; 
 b) Dự phòng bồi thường: Được sử dụng để bồi thường cho các tổn thất đã phát sinh thuộc trách nhiệm bảo hiểm chưa khiếu nại hoặc đã khiếu nại nhưng đến cuối năm tài chính chưa được giải quyết; 
 c) Dự phòng bồi thường cho các dao động lớn về tổn thất: Được sử dụng để bồi thường khi có dao động lớn về tổn thất hoặc tổn thất lớn xảy ra mà tổng phí bảo hiểm giữ lại trong năm tài chính sau khi đã trích lập dự phòng phí chưa được hưởng và dự phòng bồi thường cho khiếu nại chưa giải quyết không đủ để chi trả tiền bồi thường đối với phần trách nhiệm giữ lại của doanh nghiệp bảo hiểm, chi nhánh nước ngoài.",content.csv,"Nghị định số 73/2016/NĐ-CP Quy định chi tiết thi hành Luật kinh doanh bảo hiểm và Luật sửa đổi, bổ sung một số điều của Luật kinh doanh bảo hiểm",Nghị định,01/07/2016,Hết hiệu lực một phần,"[""Admin"", ""Staff"", ""Guest""]"
112025_art_54,112025,"Điều 54. Dự phòng nghiệp vụ đối với bảo hiểm nhân thọ 
 1. Doanh nghiệp bảo hiểm nhân thọ phải trích lập dự phòng nghiệp vụ cho từng hợp đồng bảo hiểm nhân thọ tương ứng với trách nhiệm của doanh nghiệp bảo hiểm. 
 2. Dự phòng nghiệp vụ bao gồm: 
 a) Dự phòng toán học: Được sử dụng để trả tiền bảo hiểm đối với những trách nhiệm đã cam kết khi xảy ra sự kiện bảo hiểm; 
 b) Dự phòng phí chưa được hưởng: Được sử dụng để trả tiền bảo hiểm sẽ phát sinh trong thời gian còn hiệu lực của hợp đồng bảo hiểm trong năm tiếp theo; 
 c) Dự phòng bồi thường: Được sử dụng để trả tiền cho các sự kiện bảo hiểm đã xảy ra chưa khiếu nại hoặc đã khiếu nại nhưng đến cuối năm tài chính chưa được giải quyết; 
 d) Dự phòng chia lãi: Được sử dụng để trả lãi mà doanh nghiệp bảo hiểm đã thỏa thuận với bên mua bảo hiểm trong hợp đồng bảo hiểm; 
 đ) Dự phòng bảo đảm lãi suất cam kết: Được sử dụng để bảo đảm mức lãi suất cam kết của doanh nghiệp đối với khách hàng theo thỏa thuận tại hợp đồng bảo hiểm; 
 e) Dự phòng bảo đảm cân đối: Được sử dụng để trả tiền bảo hiểm khi xảy ra sự kiện bảo hiểm do có biến động lớn về tỷ lệ rủi ro, lãi suất kỹ thuật.",content.csv,"Nghị định số 73/2016/NĐ-CP Quy định chi tiết thi hành Luật kinh doanh bảo hiểm và Luật sửa đổi, bổ sung một số điều của Luật kinh doanh bảo hiểm",Nghị định,01/07/2016,Hết hiệu lực một phần,"[""Admin"", ""Staff""]"
112025_art_55,112025,"Điều 55. Dự phòng nghiệp vụ đối với bảo hiểm sức khỏe 
 1. Doanh nghiệp bảo hiểm nhân thọ, doanh nghiệp bảo hiểm phi nhân thọ, doanh nghiệp bảo hiểm sức khỏe, chi nhánh nước ngoài phải trích lập dự phòng nghiệp vụ cho từng hợp đồng bảo hiểm sức khỏe tương ứng với trách nhiệm của doanh nghiệp bảo hiểm, chi nhánh nước ngoài. 
 2. Dự phòng nghiệp vụ bao gồm: 
 a) Dự phòng toán học: Được sử dụng để trả tiền bảo hiểm cho những trách nhiệm đã cam kết khi xảy ra sự kiện bảo hiểm; 
 b) Dự phòng phí chưa được hưởng: Được sử dụng để trả tiền bảo hiểm sẽ phát sinh trong thời gian còn hiệu lực của hợp đồng bảo hiểm trong năm tiếp theo; 
 c) Dự phòng bồi thường: Được sử dụng để trả tiền cho các sự kiện bảo hiểm đã xảy ra chưa khiếu nại hoặc đã khiếu nại nhưng đến cuối năm tài chính chưa được giải quyết; 
 d) Dự phòng bảo đảm cân đối: Được sử dụng để trả tiền bảo hiểm khi xảy ra sự kiện bảo hiểm do có biến động lớn về tỷ lệ rủi ro, lãi suất kỹ thuật.",content.csv,"Nghị định số 73/2016/NĐ-CP Quy định chi tiết thi hành Luật kinh doanh bảo hiểm và Luật sửa đổi, bổ sung một số điều của Luật kinh doanh bảo hiểm",Nghị định,01/07/2016,Hết hiệu lực một phần,"[""Admin"", ""Staff""]"
112025_art_56,112025,"Điều 56. Dự phòng nghiệp vụ đối với tái bảo hiểm 
 1. Đối với tái bảo hiểm phi nhân thọ: Bao gồm các loại dự phòng theo quy định tại",content.csv,"Nghị định số 73/2016/NĐ-CP Quy định chi tiết thi hành Luật kinh doanh bảo hiểm và Luật sửa đổi, bổ sung một số điều của Luật kinh doanh bảo hiểm",Nghị định,01/07/2016,Hết hiệu lực một phần,"[""Admin"", ""Staff"", ""Guest""]"
112025_art_57,112025,"Điều 57. Mức trích lập, phương pháp trích lập dự phòng nghiệp vụ 
 Bộ Tài chính hướng dẫn cụ thể mức trích lập, phương pháp trích lập, cơ sở trích lập dự phòng nghiệp vụ quy định tại Điều 53,",content.csv,"Nghị định số 73/2016/NĐ-CP Quy định chi tiết thi hành Luật kinh doanh bảo hiểm và Luật sửa đổi, bổ sung một số điều của Luật kinh doanh bảo hiểm",Nghị định,01/07/2016,Hết hiệu lực một phần,"[""Admin"", ""Staff"", ""Guest""]"
112025_art_58,112025,"Điều 58. Thủ tục phê chuẩn việc áp dụng phương pháp trích lập dự phòng nghiệp vụ bảo hiểm 
 1. Doanh nghiệp bảo hiểm, chi nhánh nước ngoài không được thay đổi phương pháp trích lập dự phòng nghiệp vụ trong năm tài chính. Trường hợp thay đổi phương pháp trích lập dự phòng nghiệp vụ trong năm tài chính kế tiếp, doanh nghiệp bảo hiểm, chi nhánh nước ngoài phải đề nghị và được Bộ Tài chính chấp thuận trước khi thực hiện. 
 2. Hồ sơ đề nghị chấp thuận áp dụng hoặc thay đổi phương pháp trích lập dự phòng nghiệp vụ bảo hiểm bao gồm các tài liệu sau: 
 a) Văn bản đề nghị áp dụng hoặc thay đổi phương pháp trích lập dự phòng nghiệp vụ bảo hiểm theo mẫu do Bộ Tài chính quy định; 
 b) Tài liệu giải trình và minh họa về các phương pháp trích lập dự phòng nghiệp vụ bảo hiểm dự kiến áp dụng có xác nhận của chuyên gia tính toán dự phòng nghiệp vụ và biên khả năng thanh toán (đối với doanh nghiệp bảo hiểm phi nhân thọ, doanh nghiệp tái bảo hiểm, chi nhánh nước ngoài), của chuyên gia tính toán (đối với doanh nghiệp bảo hiểm nhân thọ, doanh nghiệp bảo hiểm sức khỏe). Trường hợp thay đổi phương pháp trích lập dự phòng nghiệp vụ bảo hiểm, tài liệu giải trình phải chứng minh được phương pháp trích lập mới phản ánh chính xác, đầy đủ hơn so với phương pháp trích lập cũ về trách nhiệm của doanh nghiệp bảo hiểm, chi nhánh nước ngoài. 
 3. Trong thời hạn 14 ngày làm việc kể từ ngày nhận đủ hồ sơ hợp lệ, Bộ Tài chính có văn bản chấp thuận. Trường hợp từ chối chấp thuận, Bộ Tài chính có văn bản giải thích rõ lý do. 
 Mục 3 
 ĐẦU TƯ VỐN",content.csv,"Nghị định số 73/2016/NĐ-CP Quy định chi tiết thi hành Luật kinh doanh bảo hiểm và Luật sửa đổi, bổ sung một số điều của Luật kinh doanh bảo hiểm",Nghị định,01/07/2016,Hết hiệu lực một phần,"[""Admin"", ""Staff"", ""Guest""]"
112025_art_59,112025,"Điều 59. Nguyên tắc đầu tư 
 1. Nguồn vốn đầu tư của doanh nghiệp bảo hiểm, chi nhánh nước ngoài, doanh nghiệp môi giới bảo hiểm bao gồm: 
 a) Vốn chủ sở hữu; 
 b) Vốn nhàn rỗi từ dự phòng nghiệp vụ bảo hiểm; 
 c) Các nguồn hợp pháp khác theo quy định pháp luật. 
 2. Hoạt động đầu tư của doanh nghiệp bảo hiểm, chi nhánh nước ngoài, doanh nghiệp môi giới bảo hiểm phải bảo đảm các nguyên tắc sau: 
 a) Tuân thủ quy định pháp luật, tự chịu trách nhiệm về hoạt động đầu tư, bảo đảm tính an toàn, hiệu quả và thanh khoản; 
 b) Không được đi vay để đầu tư trực tiếp hoặc ủy thác đầu tư vào chứng khoán, bất động sản và góp vốn vào doanh nghiệp khác; 
 c) Không được đầu tư trở lại dưới mọi hình thức cho các cổ đông (thành viên) góp vốn hoặc người có liên quan với cổ đông (thành viên) góp vốn theo quy định tại Luật doanh nghiệp, trừ tiền gửi tại các cổ đông (thành viên) là tổ chức tín dụng; 
 d) Không được đầu tư quá 30% nguồn vốn đầu tư vào các công ty trong cùng một tập đoàn hay một nhóm công ty có quan hệ sở hữu lẫn nhau (quy định này không áp dụng đối với việc gửi tiền vào các tổ chức tín dụng và nguồn vốn đầu tư ra nước ngoài dưới hình thức thành lập doanh nghiệp hoặc thành lập chi nhánh tại nước ngoài); 
 đ) Trường hợp ủy thác đầu tư, tổ chức nhận ủy thác phải được cơ quan có thẩm quyền cấp phép thực hiện hoạt động nhận ủy thác đầu tư phù hợp với nội dung nhận ủy thác đầu tư.",content.csv,"Nghị định số 73/2016/NĐ-CP Quy định chi tiết thi hành Luật kinh doanh bảo hiểm và Luật sửa đổi, bổ sung một số điều của Luật kinh doanh bảo hiểm",Nghị định,01/07/2016,Hết hiệu lực một phần,"[""Admin"", ""Staff""]"
112025_art_62,112025,"Điều 62 Nghị định này; 
 b) Doanh nghiệp bảo hiểm nhân thọ, doanh nghiệp bảo hiểm sức khỏe: Thực hiện theo quy định tại khoản 2",content.csv,"Nghị định số 73/2016/NĐ-CP Quy định chi tiết thi hành Luật kinh doanh bảo hiểm và Luật sửa đổi, bổ sung một số điều của Luật kinh doanh bảo hiểm",Nghị định,01/07/2016,Hết hiệu lực một phần,"[""Admin"", ""Staff"", ""Guest""]"
112025_art_61,112025,"Điều 61. Nguồn vốn nhàn rỗi từ dự phòng nghiệp vụ bảo hiểm 
 1. Nguồn vốn nhàn rỗi từ dự phòng nghiệp vụ bảo hiểm của doanh nghiệp bảo hiểm, chi nhánh nước ngoài là tổng dự phòng nghiệp vụ bảo hiểm trừ các khoản tiền dùng để bồi thường bảo hiểm thường xuyên trong kỳ đối với bảo hiểm phi nhân thọ, trả tiền bảo hiểm thường xuyên trong kỳ đối với bảo hiểm nhân thọ, bảo hiểm sức khỏe. 
 2. Khoản tiền dùng để bồi thường bảo hiểm thường xuyên trong kỳ đối với doanh nghiệp bảo hiểm phi nhân thọ, chi nhánh nước ngoài không thấp hơn 25% tổng dự phòng nghiệp vụ bảo hiểm và được gửi tại các tổ chức tín dụng hoạt động tại Việt Nam. 
 3. Khoản tiền dùng để trả tiền bảo hiểm thường xuyên trong kỳ đối với doanh nghiệp bảo hiểm nhân thọ, doanh nghiệp bảo hiểm sức khỏe không thấp hơn 5% tổng dự phòng nghiệp vụ bảo hiểm và được gửi tại các tổ chức tín dụng hoạt động tại Việt Nam.",content.csv,"Nghị định số 73/2016/NĐ-CP Quy định chi tiết thi hành Luật kinh doanh bảo hiểm và Luật sửa đổi, bổ sung một số điều của Luật kinh doanh bảo hiểm",Nghị định,01/07/2016,Hết hiệu lực một phần,"[""Admin"", ""Staff""]"
112025_art_98,112025,"Điều 98 Luật kinh doanh bảo hiểm. 
 Mục 4 
 KHẢ NĂNG THANH TOÁN VÀ KHÔI PHỤC KHẢ NĂNG THANH TOÁN",content.csv,"Nghị định số 73/2016/NĐ-CP Quy định chi tiết thi hành Luật kinh doanh bảo hiểm và Luật sửa đổi, bổ sung một số điều của Luật kinh doanh bảo hiểm",Nghị định,01/07/2016,Hết hiệu lực một phần,"[""Admin"", ""Staff"", ""Guest""]"
112025_art_63,112025,"Điều 63. Khả năng thanh toán 
 1. Doanh nghiệp bảo hiểm, chi nhánh nước ngoài phải luôn duy trì khả năng thanh toán trong suốt quá trình hoạt động kinh doanh bảo hiểm. 
 2. Doanh nghiệp bảo hiểm, chi nhánh nước ngoài được coi là có đủ khả năng thanh toán khi đã trích lập đầy đủ dự phòng nghiệp vụ bảo hiểm và có biên khả năng thanh toán không thấp hơn biên khả năng thanh toán tối thiểu quy định tại",content.csv,"Nghị định số 73/2016/NĐ-CP Quy định chi tiết thi hành Luật kinh doanh bảo hiểm và Luật sửa đổi, bổ sung một số điều của Luật kinh doanh bảo hiểm",Nghị định,01/07/2016,Hết hiệu lực một phần,"[""Admin"", ""Staff"", ""Guest""]"
112025_art_64,112025,Điều 64 Nghị định này.,content.csv,"Nghị định số 73/2016/NĐ-CP Quy định chi tiết thi hành Luật kinh doanh bảo hiểm và Luật sửa đổi, bổ sung một số điều của Luật kinh doanh bảo hiểm",Nghị định,01/07/2016,Hết hiệu lực một phần,"[""Admin"", ""Staff"", ""Guest""]"
112025_art_65,112025,"Điều 65. Biên khả năng thanh toán 
 Biên khả năng thanh toán của doanh nghiệp bảo hiểm, chi nhánh nước ngoài là phần chênh lệch giữa giá trị tài sản và các khoản nợ phải trả của doanh nghiệp bảo hiểm, chi nhánh nước ngoài tại thời điểm tính biên khả năng thanh toán. Các tài sản tính biên khả năng thanh toán của doanh nghiệp bảo hiểm, chi nhánh nước ngoài phải bảo đảm tính thanh khoản. Các tài sản bị loại trừ toàn bộ hoặc một phần khi tính biên khả năng thanh toán của doanh nghiệp bảo hiểm, chi nhánh nước ngoài thực hiện theo hướng dẫn của Bộ Tài chính.",content.csv,"Nghị định số 73/2016/NĐ-CP Quy định chi tiết thi hành Luật kinh doanh bảo hiểm và Luật sửa đổi, bổ sung một số điều của Luật kinh doanh bảo hiểm",Nghị định,01/07/2016,Hết hiệu lực một phần,"[""Admin"", ""Staff"", ""Guest""]"
112025_art_66,112025,"Điều 66. Nguy cơ mất khả năng thanh toán 
 Doanh nghiệp bảo hiểm, chi nhánh nước ngoài bị coi là có nguy cơ mất khả năng thanh toán khi biên khả năng thanh toán của doanh nghiệp bảo hiểm, chi nhánh nước ngoài thấp hơn biên khả năng thanh toán tối thiểu.",content.csv,"Nghị định số 73/2016/NĐ-CP Quy định chi tiết thi hành Luật kinh doanh bảo hiểm và Luật sửa đổi, bổ sung một số điều của Luật kinh doanh bảo hiểm",Nghị định,01/07/2016,Hết hiệu lực một phần,"[""Admin"", ""Staff"", ""Guest""]"
112025_art_67,112025,"Điều 67. Khôi phục khả năng thanh toán 
 1. Khi có nguy cơ mất khả năng thanh toán, doanh nghiệp bảo hiểm, chi nhánh nước ngoài phải chủ động thực hiện ngay các biện pháp tự khôi phục khả năng thanh toán đồng thời báo cáo Bộ Tài chính về thực trạng tài chính, nguyên nhân dẫn đến nguy cơ mất khả năng thanh toán và phương án khôi phục khả năng thanh toán. 
 2. Trong trường hợp doanh nghiệp bảo hiểm, chi nhánh nước ngoài không tự khôi phục được khả năng thanh toán thì Bộ Tài chính có quyền yêu cầu doanh nghiệp bảo hiểm, chi nhánh nước ngoài thực hiện khôi phục khả năng thanh toán, gồm những biện pháp sau: 
 a) Bổ sung nguồn vốn chủ sở hữu; 
 b) Tái bảo hiểm; thu hẹp nội dung, phạm vi và địa bàn hoạt động; đình chỉ một phần hoặc toàn bộ hoạt động; 
 c) Củng cố tổ chức bộ máy và thay đổi người quản trị, điều hành của doanh nghiệp; 
 d) Yêu cầu chuyển giao hợp đồng bảo hiểm; 
 đ) Các biện pháp khác. 
 3. Trong trường hợp doanh nghiệp bảo hiểm, chi nhánh nước ngoài không khôi phục được khả năng thanh toán theo yêu cầu của Bộ Tài chính quy định tại khoản 2 Điều này, doanh nghiệp bảo hiểm, chi nhánh nước ngoài bị đặt vào tình trạng kiểm soát đặc biệt. Bộ Tài chính hướng dẫn việc thành lập và cơ chế hoạt động của Ban Kiểm soát khả năng thanh toán để áp dụng các biện pháp khôi phục khả năng thanh toán theo quy định tại",content.csv,"Nghị định số 73/2016/NĐ-CP Quy định chi tiết thi hành Luật kinh doanh bảo hiểm và Luật sửa đổi, bổ sung một số điều của Luật kinh doanh bảo hiểm",Nghị định,01/07/2016,Hết hiệu lực một phần,"[""Admin"", ""Staff"", ""Guest""]"
112025_art_80,112025,"Điều 80 Luật kinh doanh bảo hiểm. 
 Mục 5 
 DOANH THU VÀ CHI PHÍ",content.csv,"Nghị định số 73/2016/NĐ-CP Quy định chi tiết thi hành Luật kinh doanh bảo hiểm và Luật sửa đổi, bổ sung một số điều của Luật kinh doanh bảo hiểm",Nghị định,01/07/2016,Hết hiệu lực một phần,"[""Admin"", ""Staff"", ""Guest""]"
112025_art_68,112025,"Điều 68. Doanh thu của doanh nghiệp bảo hiểm, chi nhánh nước ngoài 
 Doanh thu của doanh nghiệp bảo hiểm, chi nhánh nước ngoài là số tiền phải thu phát sinh trong kỳ bao gồm: 
 1. Doanh thu hoạt động kinh doanh bảo hiểm là số tiền phải thu phát sinh trong kỳ sau khi đã trừ các khoản phải chi để giảm thu phát sinh trong kỳ: 
 a) Số tiền phải thu phát sinh trong kỳ bao gồm: 
 - Thu phí bảo hiểm gốc; 
 - Thu phí nhận tái bảo hiểm; 
 - Thu hoa hồng nhượng tái bảo hiểm; 
 - Thu phí về dịch vụ đại lý bao gồm giám định tổn thất, xét giải quyết bồi thường, yêu cầu người thứ ba bồi hoàn, xử lý hàng bồi thường 100%; 
 - Thu phí giám định tổn thất không kể giám định hộ giữa các đơn vị thành viên hạch toán nội bộ trong cùng một doanh nghiệp bảo hiểm hạch toán độc lập; 
 - Thu phí quản lý hợp đồng (leading fee) của công ty bảo hiểm đứng đầu trong trường hợp đồng bảo hiểm. 
 b) Các khoản phải chi để giảm thu phát sinh trong kỳ bao gồm: 
 - Hoàn phí bảo hiểm; 
 - Giảm phí bảo hiểm; 
 - Phí nhượng tái bảo hiểm; 
 - Hoàn phí nhận tái bảo hiểm; 
 - Giảm phí nhận tái bảo hiểm; 
 - Hoàn hoa hồng nhượng tái bảo hiểm; 
 - Giảm hoa hồng nhượng tái bảo hiểm. 
 2. Doanh thu hoạt động tài chính: 
 a) Thu hoạt động đầu tư theo quy định tại Mục 3 Chương IV Nghị định này; 
 b) Thu từ hoạt động mua bán chứng khoán; 
 c) Thu lãi trên số tiền ký quỹ; 
 d) Thu cho thuê tài sản; 
 đ) Thu khác theo quy định pháp luật. 
 3. Thu nhập hoạt động khác: 
 a) Thu từ nhượng bán, thanh lý tài sản cố định; 
 b) Các khoản nợ khó đòi đã xoá nay thu hồi được; 
 c) Thu khác theo quy định pháp luật.",content.csv,"Nghị định số 73/2016/NĐ-CP Quy định chi tiết thi hành Luật kinh doanh bảo hiểm và Luật sửa đổi, bổ sung một số điều của Luật kinh doanh bảo hiểm",Nghị định,01/07/2016,Hết hiệu lực một phần,"[""Admin"", ""Staff"", ""Guest""]"
112025_art_70,112025,"Điều 70. Tách nguồn vốn chủ sở hữu và nguồn phí bảo hiểm 
 1. Doanh nghiệp bảo hiểm, chi nhánh nước ngoài phải tách riêng nguồn vốn chủ sở hữu và nguồn phí bảo hiểm thu được của bên mua bảo hiểm theo hướng dẫn của Bộ Tài chính (sau đây gọi tắt là quỹ chủ sở hữu và quỹ chủ hợp đồng). 
 2. Doanh nghiệp bảo hiểm, chi nhánh nước ngoài phải đăng ký với Bộ Tài chính các nguyên tắc phân bổ tài sản, nguồn vốn, doanh thu, chi phí chung liên quan đến cả quỹ chủ sở hữu và quỹ chủ hợp đồng trước khi áp dụng. Hồ sơ đăng ký bao gồm các tài liệu sau: 
 a) Văn bản đề nghị áp dụng hoặc thay đổi theo mẫu do Bộ Tài chính quy định; 
 b) Tài liệu giải trình về các nguyên tắc phân bổ dự kiến áp dụng có xác nhận của chuyên gia tính toán, chuyên gia tính toán dự phòng và khả năng thanh toán của doanh nghiệp. Trong thời hạn 21 ngày làm việc kể từ ngày nhận đủ hồ sơ hợp lệ, Bộ Tài chính có văn bản chấp thuận. Trường hợp từ chối chấp thuận, Bộ Tài chính có văn bản giải thích rõ lý do.",content.csv,"Nghị định số 73/2016/NĐ-CP Quy định chi tiết thi hành Luật kinh doanh bảo hiểm và Luật sửa đổi, bổ sung một số điều của Luật kinh doanh bảo hiểm",Nghị định,01/07/2016,Hết hiệu lực một phần,"[""Admin"", ""Staff"", ""Guest""]"
112025_art_71,112025,"Điều 71. Doanh thu của doanh nghiệp môi giới bảo hiểm 
 Doanh thu của doanh nghiệp môi giới bảo hiểm là số tiền phải thu phát sinh trong kỳ bao gồm: 
 1. Doanh thu hoạt động môi giới bảo hiểm: 
 a) Thu hoa hồng môi giới bảo hiểm từ phí bảo hiểm thu được đối với hoạt động hướng dẫn, tư vấn khách hàng giao kết hợp đồng bảo hiểm; 
 b) Thu từ các hoạt động quy định tại khoản 1, khoản 2 và khoản 4",content.csv,"Nghị định số 73/2016/NĐ-CP Quy định chi tiết thi hành Luật kinh doanh bảo hiểm và Luật sửa đổi, bổ sung một số điều của Luật kinh doanh bảo hiểm",Nghị định,01/07/2016,Hết hiệu lực một phần,"[""Admin"", ""Staff"", ""Guest""]"
112025_art_72,112025,"Điều 72. Chi phí của doanh nghiệp môi giới bảo hiểm 
 Chi phí của doanh nghiệp môi giới bảo hiểm là số tiền phải chi, phải trích phát sinh trong kỳ bao gồm: 
 1. Chi phí hoạt động môi giới bảo hiểm: 
 a) Chi hoạt động môi giới bảo hiểm; 
 b) Chi mua bảo hiểm trách nhiệm nghề nghiệp; 
 c) Các khoản chi phí, trích lập khác theo quy định pháp luật. 
 2. Chi phí hoạt động tài chính: 
 a) Chi phí cho thuê tài sản; 
 b) Chi thủ tục phí ngân hàng, trả lãi tiền vay; 
 c) Chi phí, trích lập khác theo quy định pháp luật. 
 3. Chi phí hoạt động khác: 
 a) Chi nhượng bán, thanh lý tài sản cố định; 
 b) Chi phí cho việc thu hồi khoản nợ phải thu khó đòi đã xóa nay thu hồi được; 
 c) Chi phí, trích lập khác theo quy định pháp luật. 
 Mục 6 
 LỢI NHUẬN VÀ PHÂN PHỐI LỢI NHUẬN",content.csv,"Nghị định số 73/2016/NĐ-CP Quy định chi tiết thi hành Luật kinh doanh bảo hiểm và Luật sửa đổi, bổ sung một số điều của Luật kinh doanh bảo hiểm",Nghị định,01/07/2016,Hết hiệu lực một phần,"[""Admin"", ""Staff"", ""Guest""]"
112025_art_73,112025,"Điều 73. Lợi nhuận của doanh nghiệp bảo hiểm, chi nhánh nước ngoài, doanh nghiệp môi giới bảo hiểm 
 Lợi nhuận của doanh nghiệp bảo hiểm, chi nhánh nước ngoài, doanh nghiệp môi giới bảo hiểm là khoản chênh lệch giữa tổng doanh thu và tổng chi phí của doanh nghiệp bảo hiểm, chi nhánh nước ngoài doanh nghiệp môi giới bảo hiểm. Lợi nhuận thực hiện trong năm của doanh nghiệp bảo hiểm, chi nhánh nước ngoài, doanh nghiệp môi giới bảo hiểm bao gồm lợi nhuận hoạt động kinh doanh bảo hiểm, lợi nhuận hoạt động tài chính và lợi nhuận hoạt động khác.",content.csv,"Nghị định số 73/2016/NĐ-CP Quy định chi tiết thi hành Luật kinh doanh bảo hiểm và Luật sửa đổi, bổ sung một số điều của Luật kinh doanh bảo hiểm",Nghị định,01/07/2016,Hết hiệu lực một phần,"[""Admin"", ""Staff"", ""Guest""]"
112025_art_74,112025,"Điều 74. Nghĩa vụ với ngân sách nhà nước 
 Doanh nghiệp bảo hiểm, chi nhánh nước ngoài, doanh nghiệp môi giới bảo hiểm phải thực hiện đầy đủ nghĩa vụ với ngân sách nhà nước theo quy định của pháp luật.",content.csv,"Nghị định số 73/2016/NĐ-CP Quy định chi tiết thi hành Luật kinh doanh bảo hiểm và Luật sửa đổi, bổ sung một số điều của Luật kinh doanh bảo hiểm",Nghị định,01/07/2016,Hết hiệu lực một phần,"[""Admin"", ""Staff"", ""Guest""]"
112025_art_75,112025,"Điều 75. Phân phối lợi nhuận 
 Sau khi đáp ứng các quy định về vốn, khả năng thanh toán, nộp thuế thu nhập doanh nghiệp theo luật định, trích lập quỹ dự trữ bắt buộc, doanh nghiệp bảo hiểm, chi nhánh nước ngoài, doanh nghiệp môi giới bảo hiểm được phân phối lợi nhuận còn lại theo quy định pháp luật",content.csv,"Nghị định số 73/2016/NĐ-CP Quy định chi tiết thi hành Luật kinh doanh bảo hiểm và Luật sửa đổi, bổ sung một số điều của Luật kinh doanh bảo hiểm",Nghị định,01/07/2016,Hết hiệu lực một phần,"[""Admin"", ""Staff"", ""Guest""]"
112025_art_76,112025,"Điều 76. Phân chia thặng dư trong bảo hiểm nhân thọ 
 1. Doanh nghiệp bảo hiểm nhân thọ triển khai sản phẩm bảo hiểm nhân thọ có chia lãi phải tách, theo dõi riêng tài sản, nguồn vốn, doanh thu, chi phí có liên quan đến các hợp đồng này (sau đây gọi là quỹ chủ hợp đồng bảo hiểm có chia lãi). 
 2. Vào thời điểm kết thúc năm tài chính, doanh nghiệp bảo hiểm nhân thọ có thể sử dụng một phần hoặc toàn bộ thặng dư của quỹ chủ hợp đồng bảo hiểm có chia lãi để phân chia cho các chủ hợp đồng và chủ sở hữu. Trong mọi trường hợp, doanh nghiệp bảo hiểm nhân thọ có trách nhiệm bảo đảm tất cả các chủ hợp đồng nhận được không thấp hơn 70% số thặng dư của tổng số lãi thu được hoặc chênh lệch thặng dư giữa số thực tế và giả định về tỉ lệ tử vong, lãi suất đầu tư và chi phí, tùy theo số nào lớn hơn. 
 3. Doanh nghiệp bảo hiểm nhân thọ phải được Bộ Tài chính phê chuẩn phương pháp phân chia thặng dư của quỹ chủ hợp đồng bảo hiểm có chia lãi trước khi áp dụng. 
 4. Hồ sơ đề nghị phê chuẩn hoặc thay đổi phương pháp phân chia thặng dư bao gồm các tài liệu sau: 
 a) Văn bản đề nghị áp dụng hoặc thay đổi phương pháp phân chia thặng dư theo mẫu do Bộ Tài chính quy định; 
 b) Tài liệu giải trình về các phương pháp phân chia thặng dư dự kiến áp dụng có xác nhận của chuyên gia tính toán. Trong thời hạn 21 ngày làm việc kể từ ngày nhận đủ hồ sơ hợp lệ, Bộ Tài chính có văn bản chấp thuận. Trường hợp từ chối chấp thuận, Bộ Tài chính có văn bản giải thích rõ lý do.",content.csv,"Nghị định số 73/2016/NĐ-CP Quy định chi tiết thi hành Luật kinh doanh bảo hiểm và Luật sửa đổi, bổ sung một số điều của Luật kinh doanh bảo hiểm",Nghị định,01/07/2016,Hết hiệu lực một phần,"[""Admin"", ""Staff"", ""Guest""]"
112025_art_77,112025,"Điều 77. Quỹ dự trữ bắt buộc 
 Doanh nghiệp bảo hiểm, doanh nghiệp môi giới bảo hiểm, chi nhánh nước ngoài phải trích 5% lợi nhuận sau thuế hàng năm để lập quỹ dự trữ bắt buộc. Mức tối đa của quỹ dự trữ bắt buộc bằng 10% mức vốn điều lệ của doanh nghiệp bảo hiểm, vốn được cấp của chi nhánh nước ngoài. 
 Mục 7 
 CHẾ ĐỘ KẾ TOÁN, KIỂM TOÁN, THỐNG KÊ VÀ BÁO CÁO TÀI CHÍNH",content.csv,"Nghị định số 73/2016/NĐ-CP Quy định chi tiết thi hành Luật kinh doanh bảo hiểm và Luật sửa đổi, bổ sung một số điều của Luật kinh doanh bảo hiểm",Nghị định,01/07/2016,Hết hiệu lực một phần,"[""Admin"", ""Staff"", ""Guest""]"
112025_art_78,112025,"Điều 78. Chế độ kế toán 
 Doanh nghiệp bảo hiểm, chi nhánh nước ngoài, doanh nghiệp môi giới bảo hiểm phải thực hiện ghi chép đầy đủ chứng từ ban đầu, cập nhật sổ kế toán và phản ánh đầy đủ, kịp thời, trung thực, chính xác, khách quan các hoạt động kinh tế, tài chính.",content.csv,"Nghị định số 73/2016/NĐ-CP Quy định chi tiết thi hành Luật kinh doanh bảo hiểm và Luật sửa đổi, bổ sung một số điều của Luật kinh doanh bảo hiểm",Nghị định,01/07/2016,Hết hiệu lực một phần,"[""Admin"", ""Staff"", ""Guest""]"
112025_art_79,112025,"Điều 79. Năm tài chính 
 Năm tài chính của doanh nghiệp bảo hiểm, chi nhánh nước ngoài, doanh nghiệp môi giới bảo hiểm bắt đầu từ ngày 01 tháng 01 và kết thúc vào ngày 31 tháng 12 cùng năm dương lịch. Năm tài chính đầu tiên của doanh nghiệp bảo hiểm, chi nhánh nước ngoài, doanh nghiệp môi giới bảo hiểm bắt đầu từ ngày cấp Giấy phép và kết thúc vào ngày cuối cùng của năm đó.",content.csv,"Nghị định số 73/2016/NĐ-CP Quy định chi tiết thi hành Luật kinh doanh bảo hiểm và Luật sửa đổi, bổ sung một số điều của Luật kinh doanh bảo hiểm",Nghị định,01/07/2016,Hết hiệu lực một phần,"[""Admin"", ""Staff"", ""Guest""]"
112025_art_81,112025,"Điều 81. Quản trị tài chính 
 1. Doanh nghiệp bảo hiểm, chi nhánh nước ngoài, doanh nghiệp môi giới bảo hiểm tự chủ về tài chính, tự chịu trách nhiệm về quản lý giám sát hoạt động tài chính, kết quả hoạt động kinh doanh và thực hiện các nghĩa vụ, cam kết của mình theo quy định pháp luật. 
 2. Doanh nghiệp bảo hiểm, chi nhánh nước ngoài, doanh nghiệp môi giới bảo hiểm thực hiện công tác quản trị tài chính theo các nguyên tắc, chuẩn mực do Bộ Tài chính quy định. 
 3. Doanh nghiệp bảo hiểm, chi nhánh nước ngoài, doanh nghiệp môi giới bảo hiểm phải xây dựng, triển khai và giám sát việc thực hiện quy chế tài chính, quy chế đầu tư, quy chế kiểm soát và kiểm toán nội bộ và các quy trình thủ tục tương ứng.",content.csv,"Nghị định số 73/2016/NĐ-CP Quy định chi tiết thi hành Luật kinh doanh bảo hiểm và Luật sửa đổi, bổ sung một số điều của Luật kinh doanh bảo hiểm",Nghị định,01/07/2016,Hết hiệu lực một phần,"[""Admin"", ""Staff"", ""Guest""]"
112025_art_82,112025,"Điều 82. Công khai báo cáo tài chính 
 1. Doanh nghiệp bảo hiểm, chi nhánh nước ngoài, doanh nghiệp môi giới bảo hiểm phải công bố công khai báo cáo tài chính theo quy định pháp luật. 
 2. Thông tin công bố công khai phải phù hợp với báo cáo tài chính của doanh nghiệp bảo hiểm, chi nhánh nước ngoài, doanh nghiệp môi giới bảo hiểm đã được tổ chức kiểm toán độc lập kiểm toán và xác nhận. 
 Chương V 
 ĐẠI LÝ BẢO HIỂM VÀ CƠ SỞ ĐÀO TẠO ĐẠI LÝ BẢO HIỂM 
 Mục 1 
 ĐẠI LÝ BẢO HIỂM",content.csv,"Nghị định số 73/2016/NĐ-CP Quy định chi tiết thi hành Luật kinh doanh bảo hiểm và Luật sửa đổi, bổ sung một số điều của Luật kinh doanh bảo hiểm",Nghị định,01/07/2016,Hết hiệu lực một phần,"[""Admin"", ""Staff"", ""Guest""]"
112025_art_83,112025,"Điều 83. Nguyên tắc hoạt động đại lý bảo hiểm 
 1. Tổ chức, cá nhân hoạt động đại lý bảo hiểm phải có đủ điều kiện hoạt động đại lý theo quy định tại",content.csv,"Nghị định số 73/2016/NĐ-CP Quy định chi tiết thi hành Luật kinh doanh bảo hiểm và Luật sửa đổi, bổ sung một số điều của Luật kinh doanh bảo hiểm",Nghị định,01/07/2016,Hết hiệu lực một phần,"[""Admin"", ""Staff"", ""Guest""]"
112025_art_86,112025,Điều 86 Luật kinh doanh bảo hiểm và phải ký hợp đồng đại lý bảo hiểm theo quy định tại,content.csv,"Nghị định số 73/2016/NĐ-CP Quy định chi tiết thi hành Luật kinh doanh bảo hiểm và Luật sửa đổi, bổ sung một số điều của Luật kinh doanh bảo hiểm",Nghị định,01/07/2016,Hết hiệu lực một phần,"[""Admin"", ""Staff"", ""Guest""]"
112025_art_87,112025,"Điều 87 Luật kinh doanh bảo hiểm. 
 2. Tổ chức, cá nhân không được đồng thời làm đại lý cho doanh nghiệp bảo hiểm, chi nhánh nước ngoài khác nếu không được chấp thuận bằng văn bản của doanh nghiệp bảo hiểm, chi nhánh nước ngoài mà mình đang làm đại lý. 
 3. Cá nhân đã được cấp chứng chỉ đại lý nhưng không hoạt động đại lý trong thời hạn 03 năm liên tục phải thực hiện thi lấy chứng chỉ đại lý mới trước khi hoạt động đại lý. Không hoạt động đại lý là việc cá nhân không ký hợp đồng làm đại lý cho doanh nghiệp bảo hiểm, chi nhánh nước ngoài hoặc không làm việc trong tổ chức là đại lý của doanh nghiệp bảo hiểm, chi nhánh nước ngoài. 
 4. Đại lý bảo hiểm không được thực hiện các hành vi sau đây: 
 a) Thông tin, quảng cáo sai sự thật về nội dung, phạm vi hoạt động của doanh nghiệp bảo hiểm, chi nhánh nước ngoài, điều kiện và điều khoản bảo hiểm làm tổn hại đến quyền, lợi ích hợp pháp của bên mua bảo hiểm; 
 b) Ngăn cản bên mua bảo hiểm cung cấp các thông tin liên quan đến hợp đồng bảo hiểm hoặc xúi giục bên mua bảo hiểm, người được bảo hiểm không kê khai các chi tiết liên quan đến hợp đồng bảo hiểm; 
 c) Tranh giành khách hàng dưới các hình thức ngăn cản, lôi kéo, mua chuộc, đe dọa nhân viên hoặc khách hàng của doanh nghiệp bảo hiểm, chi nhánh nước ngoài, đại lý bảo hiểm, doanh nghiệp môi giới bảo hiểm khác; 
 d) Xúi giục khách hàng hủy bỏ hợp đồng bảo hiểm đang có hiệu lực dưới mọi hình thức.",content.csv,"Nghị định số 73/2016/NĐ-CP Quy định chi tiết thi hành Luật kinh doanh bảo hiểm và Luật sửa đổi, bổ sung một số điều của Luật kinh doanh bảo hiểm",Nghị định,01/07/2016,Hết hiệu lực một phần,"[""Admin"", ""Staff"", ""Guest""]"
112025_art_84,112025,"Điều 84. Quyền và nghĩa vụ của doanh nghiệp bảo hiểm, chi nhánh nước ngoài trong hoạt động đại lý bảo hiểm 
 1. Doanh nghiệp bảo hiểm, chi nhánh nước ngoài có các quyền sau: 
 a) Lựa chọn đại lý bảo hiểm và ký kết hợp đồng đại lý bảo hiểm; 
 b) Quy định mức chi trả hoa hồng bảo hiểm trong hợp đồng đại lý bảo hiểm theo quy định pháp luật; 
 c) Nhận và quản lý tiền ký quỹ hoặc tài sản thế chấp của đại lý bảo hiểm, nếu có thỏa thuận trong hợp đồng đại lý bảo hiểm; 
 d) Yêu cầu đại lý bảo hiểm thanh toán phí bảo hiểm thu được theo thỏa thuận trong hợp đồng bảo hiểm; 
 đ) Kiểm tra, giám sát việc thực hiện hợp đồng đại lý bảo hiểm; 
 e) Được hưởng các quyền lợi hợp pháp khác từ hoạt động đại lý bảo hiểm. 
 2. Doanh nghiệp bảo hiểm, chi nhánh nước ngoài có nghĩa vụ: 
 a) Tổ chức đào tạo và cấp chứng chỉ đào tạo đại lý phù hợp với quy định pháp luật; 
 b) Hướng dẫn và cung cấp đầy đủ, chính xác các thông tin, tài liệu cần thiết liên quan đến hoạt động đại lý bảo hiểm; 
 c) Thực hiện các trách nhiệm phát sinh theo hợp đồng đại lý bảo hiểm đã ký kết; 
 d) Thanh toán hoa hồng theo thỏa thuận trong hợp đồng đại lý bảo hiểm; 
 đ) Hoàn trả cho đại lý bảo hiểm khoản tiền ký quỹ hoặc tài sản thế chấp theo thỏa thuận; 
 e) Chịu trách nhiệm về những thiệt hại hay tổn thất do hoạt động đại lý bảo hiểm của doanh nghiệp bảo hiểm, chi nhánh nước ngoài gây ra theo thỏa thuận trong hợp đồng đại lý bảo hiểm; 
 g) Chịu sự kiểm tra giám sát của cơ quan nhà nước có thẩm quyền đối với các hoạt động do đại lý bảo hiểm của doanh nghiệp bảo hiểm, chi nhánh nước ngoài thực hiện; 
 h) Thông báo cho Hiệp hội bảo hiểm Việt Nam danh sách các đại lý bảo hiểm bị doanh nghiệp bảo hiểm, chi nhánh nước ngoài chấm dứt hợp đồng đại lý bảo hiểm do vi phạm pháp luật, quy tắc hành nghề.",content.csv,"Nghị định số 73/2016/NĐ-CP Quy định chi tiết thi hành Luật kinh doanh bảo hiểm và Luật sửa đổi, bổ sung một số điều của Luật kinh doanh bảo hiểm",Nghị định,01/07/2016,Hết hiệu lực một phần,"[""Admin"", ""Staff"", ""Guest""]"
112025_art_85,112025,"Điều 85. Quyền và nghĩa vụ của đại lý bảo hiểm 
 1. Đại lý bảo hiểm có các quyền sau: 
 a) Lựa chọn và ký kết hợp đồng đại lý bảo hiểm đối với doanh nghiệp bảo hiểm, chi nhánh nước ngoài theo đúng quy định pháp luật; 
 b) Tham dự các lớp đào tạo, bồi dưỡng, nâng cao trình độ cho đại lý bảo hiểm do doanh nghiệp bảo hiểm, chi nhánh nước ngoài tổ chức; 
 c) Được cung cấp thông tin cần thiết cho các hoạt động của mình và các điều kiện khác để thực hiện hợp đồng đại lý bảo hiểm; 
 d) Hưởng hoa hồng và các quyền, lợi ích hợp pháp khác từ hoạt động đại lý bảo hiểm; 
 đ) Yêu cầu doanh nghiệp bảo hiểm, chi nhánh nước ngoài hoàn trả tiền ký quỹ hoặc tài sản thế chấp theo thỏa thuận trong hợp đồng đại lý bảo hiểm. 
 2. Đại lý bảo hiểm có các nghĩa vụ sau: 
 a) Thực hiện cam kết trong hợp đồng đại lý bảo hiểm đã ký với doanh nghiệp bảo hiểm, chi nhánh nước ngoài; 
 b) Ký quỹ hoặc thế chấp tài sản cho doanh nghiệp bảo hiểm, chi nhánh nước ngoài nếu có thỏa thuận trong hợp đồng đại lý bảo hiểm; 
 c) Giới thiệu, mời chào, bán bảo hiểm; cung cấp các thông tin đầy đủ, chính xác cho bên mua bảo hiểm; thực hiện hợp đồng bảo hiểm theo phạm vi được ủy quyền trong hợp đồng đại lý bảo hiểm; 
 d) Tham gia các khóa đào tạo nâng cao trình độ do các cơ sở đào tạo đại lý bảo hiểm tổ chức; 
 đ) Chịu sự kiểm tra giám sát của cơ quan nhà nước có thẩm quyền và thực hiện đầy đủ nghĩa vụ tài chính theo quy định pháp luật.",content.csv,"Nghị định số 73/2016/NĐ-CP Quy định chi tiết thi hành Luật kinh doanh bảo hiểm và Luật sửa đổi, bổ sung một số điều của Luật kinh doanh bảo hiểm",Nghị định,01/07/2016,Hết hiệu lực một phần,"[""Admin"", ""Staff"", ""Guest""]"
112025_art_88,112025,"Điều 88 Nghị định này; 
 b) Cán bộ đào tạo đại lý bảo hiểm phải có kiến thức chuyên môn về bảo hiểm, kiến thức pháp luật và kỹ năng sư phạm; 
 c) Có đủ cơ sở vật chất để bảo đảm cho việc đào tạo. 
 2. Cơ sở đào tạo đại lý bảo hiểm phải có hồ sơ đề nghị Bộ Tài chính phê chuẩn chương trình đào tạo đại lý bảo hiểm bao gồm các tài liệu sau: 
 a) Văn bản đề nghị theo mẫu do Bộ Tài chính quy định; 
 b) Tài liệu giải trình về kiến thức của cán bộ đào tạo đại lý bảo hiểm bảo đảm cho việc đào tạo. Trong thời hạn 14 ngày, kể từ ngày nhận đủ hồ sơ hợp lệ, Bộ Tài chính có văn bản chấp thuận. Trường hợp từ chối chấp thuận, Bộ Tài chính có văn bản giải thích lý do.",content.csv,"Nghị định số 73/2016/NĐ-CP Quy định chi tiết thi hành Luật kinh doanh bảo hiểm và Luật sửa đổi, bổ sung một số điều của Luật kinh doanh bảo hiểm",Nghị định,01/07/2016,Hết hiệu lực một phần,"[""Admin"", ""Staff"", ""Guest""]"
112025_art_89,112025,"Điều 89. Quản lý đào tạo đại lý bảo hiểm 
 1. Bộ Tài chính có trách nhiệm kiểm tra, giám sát hoạt động đào tạo đại lý bảo hiểm. Trường hợp cơ sở đào tạo đại lý bảo hiểm không đáp ứng đủ các điều kiện đào tạo đại lý bảo hiểm quy định tại Nghị định này, Bộ Tài chính sẽ đình chỉ hoạt động đào tạo đại lý bảo hiểm của cơ sở đào tạo. 
 2. Hàng năm, cơ sở đào tạo đại lý bảo hiểm phải báo cáo Bộ Tài chính về số lượng khóa đào tạo đã tổ chức, số lượng đại lý đã đào tạo, số lượng chứng chỉ đã cấp trong năm. 
 Chương VI 
 CUNG CẤP VÀ SỬ DỤNG DỊCH VỤ BẢO HIỂM QUA BIÊN GIỚI",content.csv,"Nghị định số 73/2016/NĐ-CP Quy định chi tiết thi hành Luật kinh doanh bảo hiểm và Luật sửa đổi, bổ sung một số điều của Luật kinh doanh bảo hiểm",Nghị định,01/07/2016,Hết hiệu lực một phần,"[""Admin"", ""Staff"", ""Guest""]"
112025_art_92,112025,"Điều 92. Phương thức thực hiện cung cấp dịch vụ bảo hiểm qua biên giới tại Việt Nam 
 1. Doanh nghiệp bảo hiểm nước ngoài khi cung cấp dịch vụ bảo hiểm qua biên giới tại Việt Nam phải thực hiện thông qua doanh nghiệp môi giới bảo hiểm được cấp Giấy phép tại Việt Nam. 
 2. Doanh nghiệp môi giới bảo hiểm nước ngoài cung cấp dịch vụ bảo hiểm qua biên giới tại Việt Nam phải môi giới cho doanh nghiệp bảo hiểm hoặc chi nhánh nước ngoài được cấp Giấy phép tại Việt Nam.",content.csv,"Nghị định số 73/2016/NĐ-CP Quy định chi tiết thi hành Luật kinh doanh bảo hiểm và Luật sửa đổi, bổ sung một số điều của Luật kinh doanh bảo hiểm",Nghị định,01/07/2016,Hết hiệu lực một phần,"[""Admin"", ""Staff"", ""Guest""]"
112025_art_93,112025,"Điều 93. Trách nhiệm của đối tượng cung cấp dịch vụ bảo hiểm qua biên giới 
 1. Cung cấp cho doanh nghiệp bảo hiểm, chi nhánh nước ngoài, doanh nghiệp môi giới bảo hiểm được cấp Giấy phép tại Việt Nam có tham gia vào quá trình cung cấp dịch vụ bảo hiểm qua biên giới theo quy định tại",content.csv,"Nghị định số 73/2016/NĐ-CP Quy định chi tiết thi hành Luật kinh doanh bảo hiểm và Luật sửa đổi, bổ sung một số điều của Luật kinh doanh bảo hiểm",Nghị định,01/07/2016,Hết hiệu lực một phần,"[""Admin"", ""Staff"", ""Guest""]"
112025_art_94,112025,"Điều 94. Trách nhiệm của các đối tượng liên quan đến việc cung cấp dịch vụ bảo hiểm qua biên giới 
 Doanh nghiệp bảo hiểm, chi nhánh nước ngoài, doanh nghiệp môi giới bảo hiểm được cấp Giấy phép tại Việt Nam tham gia cung cấp dịch vụ bảo hiểm qua biên giới theo quy định tại",content.csv,"Nghị định số 73/2016/NĐ-CP Quy định chi tiết thi hành Luật kinh doanh bảo hiểm và Luật sửa đổi, bổ sung một số điều của Luật kinh doanh bảo hiểm",Nghị định,01/07/2016,Hết hiệu lực một phần,"[""Admin"", ""Staff"", ""Guest""]"
112025_art_95,112025,"Điều 95. Văn phòng đại diện 
 Văn phòng đại diện của doanh nghiệp bảo hiểm, doanh nghiệp môi giới bảo hiểm nước ngoài tại Việt Nam là đơn vị phụ thuộc của doanh nghiệp bảo hiểm, doanh nghiệp môi giới bảo hiểm nước ngoài.",content.csv,"Nghị định số 73/2016/NĐ-CP Quy định chi tiết thi hành Luật kinh doanh bảo hiểm và Luật sửa đổi, bổ sung một số điều của Luật kinh doanh bảo hiểm",Nghị định,01/07/2016,Hết hiệu lực một phần,"[""Admin"", ""Staff"", ""Guest""]"
112025_art_96,112025,"Điều 96. Nội dung hoạt động của Văn phòng đại diện 
 1. Văn phòng đại diện của doanh nghiệp bảo hiểm, doanh nghiệp môi giới bảo hiểm nước ngoài tại Việt Nam được thực hiện các hoạt động sau đây: 
 a) Làm chức năng văn phòng liên lạc; 
 b) Nghiên cứu thị trường; 
 c) Xúc tiến xây dựng các dự án đầu tư của doanh nghiệp bảo hiểm, doanh nghiệp môi giới bảo hiểm nước ngoài; 
 d) Thúc đẩy và theo dõi việc thực hiện các dự án do doanh nghiệp bảo hiểm, doanh nghiệp môi giới bảo hiểm nước ngoài tài trợ tại Việt Nam; 
 đ) Các hoạt động khác phù hợp với pháp luật Việt Nam. 
 2. Văn phòng đại diện của doanh nghiệp bảo hiểm, doanh nghiệp môi giới bảo hiểm nước ngoài tại Việt Nam không được thực hiện các hoạt động kinh doanh tại Việt Nam.",content.csv,"Nghị định số 73/2016/NĐ-CP Quy định chi tiết thi hành Luật kinh doanh bảo hiểm và Luật sửa đổi, bổ sung một số điều của Luật kinh doanh bảo hiểm",Nghị định,01/07/2016,Hết hiệu lực một phần,"[""Admin"", ""Staff"", ""Guest""]"
112025_art_97,112025,"Điều 97. Cấp Giấy phép đặt văn phòng đại diện 
 1. Doanh nghiệp bảo hiểm, doanh nghiệp môi giới nước ngoài muốn đặt văn phòng đại diện tại Việt Nam phải gửi Bộ Tài chính 01 bộ hồ sơ đề nghị cấp Giấy phép đặt văn phòng đại diện theo quy định tại",content.csv,"Nghị định số 73/2016/NĐ-CP Quy định chi tiết thi hành Luật kinh doanh bảo hiểm và Luật sửa đổi, bổ sung một số điều của Luật kinh doanh bảo hiểm",Nghị định,01/07/2016,Hết hiệu lực một phần,"[""Admin"", ""Staff"", ""Guest""]"
112025_art_110,112025,"Điều 110 Luật kinh doanh bảo hiểm. 
 2. Trong thời hạn 30 ngày kể từ ngày nhận đủ hồ sơ hợp lệ, Bộ Tài chính cấp Giấy phép đặt văn phòng đại diện của doanh nghiệp bảo hiểm, doanh nghiệp môi giới bảo hiểm nước ngoài tại Việt Nam. Trường hợp từ chối chấp thuận, Bộ Tài chính có văn bản giải thích rõ lý do. 
 3. Trong thời hạn 12 tháng, kể từ ngày được cấp Giấy phép, văn phòng đại diện phải chính thức hoạt động.",content.csv,"Nghị định số 73/2016/NĐ-CP Quy định chi tiết thi hành Luật kinh doanh bảo hiểm và Luật sửa đổi, bổ sung một số điều của Luật kinh doanh bảo hiểm",Nghị định,01/07/2016,Hết hiệu lực một phần,"[""Admin"", ""Staff"", ""Guest""]"
112025_art_99,112025,"Điều 99. Công bố nội dung hoạt động 
 Trong thời hạn 30 ngày, kể từ ngày được cấp hoặc sửa đổi, bổ sung Giấy phép đặt văn phòng đại diện, văn phòng đại diện phải đăng báo hàng ngày nơi văn phòng đại diện đặt trụ sở chính trong 05 số báo liên tiếp về những nội dung sau: 
 1. Tên gọi, quốc tịch, địa chỉ của doanh nghiệp bảo hiểm, doanh nghiệp môi giới bảo hiểm nước ngoài. 
 2. Tên, địa chỉ trụ sở chính của văn phòng đại diện. 
 3. Nội dung, thời hạn hoạt động của văn phòng đại diện.",content.csv,"Nghị định số 73/2016/NĐ-CP Quy định chi tiết thi hành Luật kinh doanh bảo hiểm và Luật sửa đổi, bổ sung một số điều của Luật kinh doanh bảo hiểm",Nghị định,01/07/2016,Hết hiệu lực một phần,"[""Admin"", ""Staff"", ""Guest""]"
112025_art_100,112025,"Điều 100. Thời hạn hoạt động 
 1. Thời hạn hoạt động của văn phòng đại diện của doanh nghiệp bảo hiểm, doanh nghiệp môi giới bảo hiểm nước ngoài tại Việt Nam không quá 05 năm và có thể được gia hạn. 
 2. Doanh nghiệp bảo hiểm, doanh nghiệp môi giới bảo hiểm nước ngoài muốn gia hạn hoạt động của văn phòng đại diện phải đáp ứng các quy định sau: 
 a) Văn phòng đại diện của doanh nghiệp bảo hiểm, doanh nghiệp môi giới bảo hiểm nước ngoài tại Việt Nam không bị xử phạt vi phạm hành chính từ 200 triệu đồng trở lên về những vi phạm trong lĩnh vực kinh doanh bảo hiểm trong thời hạn 12 tháng tính đến thời điểm nộp hồ sơ đề nghị gia hạn hoạt động; 
 b) Doanh nghiệp bảo hiểm, doanh nghiệp môi giới bảo hiểm nước ngoài đang hoạt động hợp pháp tại thời điểm đề nghị gia hạn hoạt động của văn phòng đại diện. 
 3. Hồ sơ gia hạn hoạt động của văn phòng đại diện: 
 a) Văn bản đề nghị gia hạn hoạt động của văn phòng đại diện theo mẫu do Bộ Tài chính quy định; 
 b) Bản sao công chứng Giấy phép của doanh nghiệp bảo hiểm, doanh nghiệp môi giới bảo hiểm nước ngoài; 
 c) Bản sao công chứng báo cáo tài chính đã được kiểm toán của doanh nghiệp bảo hiểm, doanh nghiệp môi giới bảo hiểm nước ngoài trong 03 năm liền kề năm nộp hồ sơ đề nghị gia hạn; 
 d) Lý lịch, bản sao thẻ căn cước công dân, giấy chứng minh nhân dân, hộ chiếu hoặc giấy tờ chứng thực cá nhân hợp pháp khác của người dự kiến giữ chức danh Trưởng văn phòng đại diện (đối với trường hợp thay đổi Trưởng văn phòng đại diện). 
 4. Trong thời hạn 21 ngày làm việc, kể từ ngày nhận đủ hồ sơ hợp lệ, Bộ Tài chính có văn bản chấp thuận. Trường hợp từ chối chấp thuận, Bộ Tài chính có văn bản giải thích rõ lý do.",content.csv,"Nghị định số 73/2016/NĐ-CP Quy định chi tiết thi hành Luật kinh doanh bảo hiểm và Luật sửa đổi, bổ sung một số điều của Luật kinh doanh bảo hiểm",Nghị định,01/07/2016,Hết hiệu lực một phần,"[""Admin"", ""Staff"", ""Guest""]"
112025_art_101,112025,"Điều 101. Chấm dứt hoạt động của văn phòng đại diện 
 1. Văn phòng đại diện chấm dứt hoạt động trong các trường hợp sau: 
 a) Theo đề nghị của doanh nghiệp bảo hiểm, doanh nghiệp môi giới bảo hiểm nước ngoài; 
 b) Khi doanh nghiệp bảo hiểm, doanh nghiệp môi giới bảo hiểm nước ngoài chấm dứt hoạt động; 
 c) Sau 30 ngày kể từ ngày hết thời hạn hoạt động mà không đề nghị gia hạn hoặc không được Bộ Tài chính gia hạn; 
 d) Doanh nghiệp bảo hiểm, doanh nghiệp môi giới bảo hiểm nước ngoài bị thu hồi Giấy phép; 
 đ) Văn phòng đại diện hoạt động sai mục đích hoặc không đúng với nội dung quy định trong giấy phép đặt văn phòng đại diện. 
 2. Để chấm dứt hoạt động của văn phòng đại diện, doanh nghiệp bảo hiểm, doanh nghiệp môi giới bảo hiểm nước ngoài phải nộp Bộ Tài chính 01 bộ hồ sơ bao gồm các tài liệu sau: 
 a) Văn bản đề nghị chấm dứt hoạt động theo mẫu do Bộ Tài chính quy định; 
 b) Các bằng chứng chứng minh đã hoàn thành nghĩa vụ với người lao động và các nghĩa vụ với các tổ chức, cá nhân khác tại Việt Nam; 
 c) Bản gốc Giấy phép đặt văn phòng đại diện; 
 d) Các giấy phép, quyết định có liên quan trong quá trình hoạt động của văn phòng đại diện. 
 3. Trong thời hạn 14 ngày làm việc, kể từ ngày nhận đủ hồ sơ hợp lệ, Bộ Tài chính có văn bản chấp thuận việc chấm dứt hoạt động của văn phòng đại diện. 
 4. Khi chấm dứt hoạt động, văn phòng đại diện của doanh nghiệp bảo hiểm, doanh nghiệp môi giới bảo hiểm nước ngoài phải thực hiện đầy đủ thủ tục và nghĩa vụ theo quy định pháp luật.",content.csv,"Nghị định số 73/2016/NĐ-CP Quy định chi tiết thi hành Luật kinh doanh bảo hiểm và Luật sửa đổi, bổ sung một số điều của Luật kinh doanh bảo hiểm",Nghị định,01/07/2016,Hết hiệu lực một phần,"[""Admin"", ""Staff"", ""Guest""]"
112025_art_102,112025,"Điều 102. Báo cáo hoạt động 
 1. Văn phòng đại diện của doanh nghiệp bảo hiểm, doanh nghiệp môi giới bảo hiểm nước ngoài tại Việt Nam nộp Bộ Tài chính báo cáo định kỳ hoạt động của văn phòng theo hướng dẫn của Bộ Tài chính. 
 2. Trong thời hạn 30 ngày, kể từ thay đổi Trưởng văn phòng đại diện, địa điểm đặt trụ sở và người làm việc tại văn phòng đại diện, doanh nghiệp bảo hiểm, doanh nghiệp môi giới bảo hiểm nước ngoài thông báo cho Bộ Tài chính. Nội dung thông báo bao gồm các tài liệu sau: 
 a) Văn bản theo mẫu do Bộ Tài chính quy định; 
 b) Lý lịch, bản sao thẻ căn cước công dân, giấy chứng minh nhân dân, hộ chiếu hoặc giấy tờ chứng thực cá nhân hợp pháp khác theo quy định pháp luật đối với trường hợp thay đổi Trưởng văn phòng đại diện và người làm việc tại văn phòng đại diện; 
 c) Bằng chứng chứng minh quyền sử dụng địa điểm đặt văn phòng đại diện đối với trường hợp thay đổi địa điểm đặt văn phòng đại diện. 
 Chương VIII 
 QUỸ BẢO VỆ NGƯỜI ĐƯỢC BẢO HIỂM",content.csv,"Nghị định số 73/2016/NĐ-CP Quy định chi tiết thi hành Luật kinh doanh bảo hiểm và Luật sửa đổi, bổ sung một số điều của Luật kinh doanh bảo hiểm",Nghị định,01/07/2016,Hết hiệu lực một phần,"[""Admin"", ""Staff"", ""Guest""]"
112025_art_103,112025,"Điều 103. Trích nộp Quỹ bảo vệ người được bảo hiểm 
 1. Doanh nghiệp bảo hiểm, chi nhánh nước ngoài (trừ doanh nghiệp tái bảo hiểm) phải trích nộp Quỹ bảo vệ người được bảo hiểm. 
 2. Trước ngày 30 tháng 4 hàng năm, Bộ Tài chính công bố mức trích nộp Quỹ bảo vệ người được bảo hiểm áp dụng cho năm tài chính. Mức trích nộp tối đa không vượt quá 0,3% tổng doanh thu phí bảo hiểm giữ lại của các hợp đồng bảo hiểm gốc trong năm tài chính trước liền kề của doanh nghiệp bảo hiểm, chi nhánh nước ngoài. 
 3. Trước ngày 30 tháng 6 hàng năm, doanh nghiệp bảo hiểm, chi nhánh nước ngoài trích nộp 50% số tiền phải nộp Quỹ của năm tài chính. Trước ngày 31 tháng 12 hàng năm, doanh nghiệp bảo hiểm, chi nhánh nước ngoài phải hoàn thành nghĩa vụ trích nộp Quỹ của năm tài chính. 
 4. Việc trích nộp được thực hiện đến khi quy mô của Quỹ bảo vệ người được bảo hiểm đạt 5% tổng tài sản đối với các doanh nghiệp bảo hiểm phi nhân thọ, doanh nghiệp bảo hiểm sức khỏe, chi nhánh nước ngoài và 3% tổng tài sản đối với các doanh nghiệp bảo hiểm nhân thọ.",content.csv,"Nghị định số 73/2016/NĐ-CP Quy định chi tiết thi hành Luật kinh doanh bảo hiểm và Luật sửa đổi, bổ sung một số điều của Luật kinh doanh bảo hiểm",Nghị định,01/07/2016,Hết hiệu lực một phần,"[""Admin"", ""Staff"", ""Guest""]"
112025_art_104,112025,"Điều 104. Quản lý Quỹ bảo vệ người được bảo hiểm 
 1. Quỹ bảo vệ người được bảo hiểm được quản lý tập trung tại Bộ Tài chính và được hạch toán, quản lý, theo dõi riêng đối với từng loại hình bảo hiểm nhân thọ và bảo hiểm phi nhân thọ, bảo hiểm sức khỏe. Quỹ bảo vệ người được bảo hiểm có tư cách pháp nhân, có tài khoản và con dấu riêng. 
 2. Bộ Tài chính theo dõi việc trích nộp Quỹ bảo vệ người được bảo hiểm của các doanh nghiệp bảo hiểm, chi nhánh nước ngoài; quản lý và sử dụng Quỹ bảo vệ người được bảo hiểm bảo đảm an toàn vốn và đúng mục đích theo quy định tại Nghị định này và các quy định khác của pháp luật liên quan.",content.csv,"Nghị định số 73/2016/NĐ-CP Quy định chi tiết thi hành Luật kinh doanh bảo hiểm và Luật sửa đổi, bổ sung một số điều của Luật kinh doanh bảo hiểm",Nghị định,01/07/2016,Hết hiệu lực một phần,"[""Admin"", ""Staff"", ""Guest""]"
112025_art_105,112025,"Điều 105. Nguyên tắc sử dụng Quỹ bảo vệ người được bảo hiểm 
 1. Quỹ bảo vệ người được bảo hiểm được sử dụng trong các trường hợp sau: 
 a) Trường hợp doanh nghiệp bảo hiểm, chi nhánh nước ngoài mất khả năng thanh toán và đã áp dụng các biện pháp khôi phục khả năng thanh toán nhưng vẫn không khắc phục được, doanh nghiệp bảo hiểm, chi nhánh nước ngoài được sử dụng Quỹ bảo vệ người được bảo hiểm theo quyết định của Bộ Tài chính về việc chấm dứt áp dụng các biện pháp khôi phục khả năng thanh toán; 
 b) Trường hợp doanh nghiệp bảo hiểm bị phá sản, Quỹ bảo vệ người được bảo hiểm được sử dụng kể từ thời điểm Thẩm phán ra quyết định tuyên bố doanh nghiệp bảo hiểm bị phá sản. 
 2. Quỹ bảo vệ người được bảo hiểm được sử dụng riêng cho loại hình bảo hiểm nhân thọ và phi nhân thọ, bảo hiểm sức khỏe. 
 3. Quỹ bảo vệ người được bảo hiểm được sử dụng để trả tiền bảo hiểm, giá trị hoàn lại; trả tiền bồi thường bảo hiểm; hoàn phí bảo hiểm theo quy định tại hợp đồng bảo hiểm theo đề nghị của doanh nghiệp bảo hiểm, chi nhánh nước ngoài mất khả năng thanh toán, doanh nghiệp bảo hiểm bị phá sản và thực hiện một lần đối với mỗi hồ sơ yêu cầu trả tiền bảo hiểm, trả giá trị hoàn lại, trả tiền bồi thường bảo hiểm hoặc hoàn phí bảo hiểm.",content.csv,"Nghị định số 73/2016/NĐ-CP Quy định chi tiết thi hành Luật kinh doanh bảo hiểm và Luật sửa đổi, bổ sung một số điều của Luật kinh doanh bảo hiểm",Nghị định,01/07/2016,Hết hiệu lực một phần,"[""Admin"", ""Staff"", ""Guest""]"
112025_art_106,112025,"Điều 106. Nội dung chi của Quỹ bảo vệ người được bảo hiểm 
 1. Quỹ bảo vệ người được bảo hiểm được chi cho các nội dung sau: 
 a) Trả tiền bảo hiểm, trả giá trị hoàn lại, trả tiền bồi thường bảo hiểm hoặc hoàn phí bảo hiểm theo quy định tại hợp đồng bảo hiểm mà doanh nghiệp bảo hiểm, chi nhánh nước ngoài mất khả năng thanh toán tại thời điểm Bộ Tài chính có quyết định về việc chấm dứt áp dụng các biện pháp khôi phục khả năng thanh toán (đối với trường hợp doanh nghiệp bảo hiểm, chi nhánh nước ngoài mất khả năng thanh toán) hoặc tại thời điểm Thẩm phán ra quyết định tuyên bố doanh nghiệp bảo hiểm bị phá sản (đối với trường hợp doanh nghiệp bảo hiểm bị phá sản); 
 b) Chi quản lý Quỹ bảo vệ người được bảo hiểm, bao gồm chi lương, phụ cấp, chi phí mua sắm, sửa chữa tài sản, chi phí dịch vụ và các khoản chi khác. 
 2. Việc chi trả tiền từ Quỹ bảo vệ người được bảo hiểm được thực hiện, theo các nguyên tắc sau: 
 a) Quỹ chỉ chi trả đối với hợp đồng bảo hiểm gốc và chi trả một lần đối với mỗi hồ sơ yêu cầu trả tiền bảo hiểm, trả giá trị hoàn lại, trả tiền bồi thường bảo hiểm hoặc hoàn phí bảo hiểm; 
 b) Trường hợp chuyển giao hợp đồng bảo hiểm từ doanh nghiệp bảo hiểm, chi nhánh nước ngoài mất khả năng thanh toán, doanh nghiệp bảo hiểm bị phá sản cho doanh nghiệp bảo hiểm, chi nhánh nước ngoài khác, số tiền do Quỹ chi trả theo hạn mức quy định tại",content.csv,"Nghị định số 73/2016/NĐ-CP Quy định chi tiết thi hành Luật kinh doanh bảo hiểm và Luật sửa đổi, bổ sung một số điều của Luật kinh doanh bảo hiểm",Nghị định,01/07/2016,Hết hiệu lực một phần,"[""Admin"", ""Staff""]"
112025_art_107,112025,"Điều 107 Nghị định này được chuyển trực tiếp cho doanh nghiệp bảo hiểm, chi nhánh nước ngoài nhận chuyển giao; 
 c) Trường hợp doanh nghiệp bảo hiểm, chi nhánh nước ngoài bị mất khả năng thanh toán, Quỹ chỉ chi trả phần chênh lệch giữa số tiền doanh nghiệp bảo hiểm, chi nhánh nước ngoài phải trả theo hợp đồng bảo hiểm và số tiền người được bảo hiểm được nhận từ doanh nghiệp bảo hiểm, chi nhánh nước ngoài; 
 d) Trường hợp doanh nghiệp bảo hiểm bị phá sản, Quỹ chỉ chi trả phần chênh lệch giữa số tiền doanh nghiệp bảo hiểm phải trả theo hợp đồng bảo hiểm và số tiền người được bảo hiểm được nhận theo quy định pháp luật về phá sản; 
 đ) Trường hợp người được bảo hiểm có nghĩa vụ trả nợ doanh nghiệp bảo hiểm, chi nhánh nước ngoài theo thỏa thuận tại hợp đồng bảo hiểm và quy định pháp luật, Quỹ chỉ chi trả phần chênh lệch giữa số tiền người được bảo hiểm được nhận theo hạn mức quy định tại",content.csv,"Nghị định số 73/2016/NĐ-CP Quy định chi tiết thi hành Luật kinh doanh bảo hiểm và Luật sửa đổi, bổ sung một số điều của Luật kinh doanh bảo hiểm",Nghị định,01/07/2016,Hết hiệu lực một phần,"[""Admin"", ""Staff""]"
112025_art_108,112025,"Điều 108. Thủ tục chi trả từ Quỹ bảo vệ người được bảo hiểm 
 1. Doanh nghiệp bảo hiểm, chi nhánh nước ngoài có trách nhiệm gửi Bộ Tài chính 01 bộ hồ sơ bao gồm các tài liệu sau: 
 a) Văn bản đề nghị sử dụng Quỹ theo mẫu do Bộ Tài chính quy định; 
 b) Văn bản xác nhận của cơ quan có thẩm quyền về phương án phân chia giá trị tài sản của doanh nghiệp bảo hiểm đã được thực hiện xong (đối với trường hợp doanh nghiệp bảo hiểm bị phá sản); 
 c) Bảng thống kê danh sách người được bảo hiểm và các hồ sơ yêu cầu trả tiền bảo hiểm, giá trị hoàn lại; trả tiền bồi thường bảo hiểm; hoàn phí bảo hiểm theo thỏa thuận tại hợp đồng bảo hiểm mà doanh nghiệp bảo hiểm, chi nhánh nước ngoài không có khả năng thanh toán; các khoản phải thu bồi thường nhượng tái bảo hiểm; thu đòi người thứ ba tại thời điểm Bộ Tài chính có quyết định về việc chấm dứt áp dụng các biện pháp khôi phục khả năng thanh toán (đối với trường hợp doanh nghiệp bảo hiểm, chi nhánh nước ngoài mất khả năng thanh toán) hoặc tại thời điểm đã thực hiện xong phương án phân chia giá trị tài sản của doanh nghiệp (đối với trường hợp doanh nghiệp bảo hiểm bị phá sản). 
 2. Trong thời hạn 30 ngày, kể từ ngày nhận được đầy đủ hồ sơ theo quy định tại khoản 1 Điều này, Bộ Tài chính có trách nhiệm thực hiện các công việc sau: 
 a) Kiểm tra hồ sơ yêu cầu chi trả tiền bảo hiểm, giá trị hoàn lại; trả tiền bồi thường bảo hiểm; hoàn phí bảo hiểm của doanh nghiệp bảo hiểm, chi nhánh nước ngoài để xác định chính xác số tiền chi trả; 
 b) Xây dựng phương án chi trả tiền bảo hiểm, giá trị hoàn lại; trả tiền bồi thường; 
 c) Thông báo công khai việc chi trả cho người được bảo hiểm trên các báo hàng ngày (ít nhất trên một tờ báo trung ương hoặc một tờ báo địa phương nơi đặt trụ sở chính, các chi nhánh và địa điểm giao dịch của doanh nghiệp bảo hiểm, chi nhánh nước ngoài) bằng tiếng Việt trong 03 số liên tiếp, đồng thời niêm yết danh sách các đối tượng được chi trả tại trụ sở chính, các chi nhánh, địa điểm giao dịch của doanh nghiệp bảo hiểm, chi nhánh nước ngoài và trang thông tin điện tử của Bộ Tài chính, doanh nghiệp bảo hiểm, chi nhánh nước ngoài. Nội dung thông báo phải nêu rõ địa điểm, thời gian, phương thức chi trả tiền của Quỹ; 
 d) Thực hiện chi trả Quỹ. 
 3. Các đối tượng được Quỹ chi trả tiền bảo hiểm, giá trị hoàn lại; trả tiền bồi thường bảo hiểm; hoàn phí bảo hiểm phải đáp ứng các điều kiện sau: 
 a) Có tên trong bảng thống kê danh sách kèm theo hồ sơ đã được Bộ Tài chính quyết định chi trả; 
 b) Có các giấy tờ chứng minh quyền lợi hợp pháp đối với các khoản tiền chi trả của Quỹ bao gồm: Thẻ căn cước công dân, giấy chứng minh nhân dân, hộ chiếu hoặc các giấy tờ chứng thực cá nhân hợp pháp khác; hợp đồng bảo hiểm; giấy ủy quyền nhận tiền (nếu có).",content.csv,"Nghị định số 73/2016/NĐ-CP Quy định chi tiết thi hành Luật kinh doanh bảo hiểm và Luật sửa đổi, bổ sung một số điều của Luật kinh doanh bảo hiểm",Nghị định,01/07/2016,Hết hiệu lực một phần,"[""Admin"", ""Staff"", ""Guest""]"
112025_art_109,112025,"Điều 109. Hoạt động đầu tư của Quỹ bảo vệ người được bảo hiểm 
 1. Nguồn tiền nhàn rỗi của Quỹ chỉ được thực hiện đầu tư tại Việt Nam để mua trái phiếu Chính phủ, trái phiếu doanh nghiệp được Chính phủ bảo lãnh, gửi tiền tại các ngân hàng thương mại. 
 2. Bộ Tài chính tự thực hiện hoặc ủy thác cho một tổ chức thực hiện đầu tư nguồn tiền nhàn rỗi của Quỹ. Trường hợp ủy thác đầu tư, tổ chức nhận ủy thác đầu tư phải được cơ quan có thẩm quyền cấp phép thực hiện hoạt động nhận ủy thác đầu tư phù hợp với nội dung nhận ủy thác đầu tư. 
 Chương IX 
 QUẢN LÝ GIÁM SÁT",content.csv,"Nghị định số 73/2016/NĐ-CP Quy định chi tiết thi hành Luật kinh doanh bảo hiểm và Luật sửa đổi, bổ sung một số điều của Luật kinh doanh bảo hiểm",Nghị định,01/07/2016,Hết hiệu lực một phần,"[""Admin"", ""Staff"", ""Guest""]"
112025_art_111,112025,"Điều 111. Trách nhiệm của các bộ, cơ quan ngang bộ 
 Các bộ, cơ quan ngang bộ, trong phạm vi, nhiệm vụ, quyền hạn của mình có trách nhiệm: 
 1. Phối hợp với Bộ Tài chính trong việc xây dựng các chính sách, chế độ liên quan đến hoạt động kinh doanh bảo hiểm. 
 2. Phối hợp với Bộ Tài chính trong việc kiểm tra, giám sát việc thực hiện pháp luật về kinh doanh bảo hiểm và xử lý vi phạm pháp luật về kinh doanh bảo hiểm. 
 3. Thực hiện các nhiệm vụ khác thuộc thẩm quyền theo quy định pháp luật.",content.csv,"Nghị định số 73/2016/NĐ-CP Quy định chi tiết thi hành Luật kinh doanh bảo hiểm và Luật sửa đổi, bổ sung một số điều của Luật kinh doanh bảo hiểm",Nghị định,01/07/2016,Hết hiệu lực một phần,"[""Admin"", ""Staff"", ""Guest""]"
112025_art_112,112025,"Điều 112. Trách nhiệm của Ủy ban nhân dân các tỉnh, thành phố trực thuộc trung ương 
 Ủy ban nhân dân các tỉnh, thành phố trực thuộc trung ương trong phạm vi, nhiệm vụ, quyền hạn của mình có trách nhiệm: 
 1. Giải quyết các thủ tục liên quan đến việc thành lập và hoạt động của doanh nghiệp bảo hiểm, doanh nghiệp môi giới bảo hiểm, Văn phòng đại diện của doanh nghiệp bảo hiểm, doanh nghiệp môi giới bảo hiểm nước ngoài tại Việt Nam trên địa bàn quản lý, sau khi đã được Bộ Tài chính cấp Giấy phép. 
 2. Phối hợp với Bộ Tài chính trong việc xử lý vi phạm pháp luật về kinh doanh bảo hiểm trong phạm vi địa bàn quản lý. 
 3. Thực hiện các nhiệm vụ khác theo quy định pháp luật. 
 Chương X 
 THANH TRA, KIỂM TRA VÀ XỬ LÝ VI PHẠM",content.csv,"Nghị định số 73/2016/NĐ-CP Quy định chi tiết thi hành Luật kinh doanh bảo hiểm và Luật sửa đổi, bổ sung một số điều của Luật kinh doanh bảo hiểm",Nghị định,01/07/2016,Hết hiệu lực một phần,"[""Admin"", ""Staff"", ""Guest""]"
112025_art_113,112025,"Điều 113. Thanh tra, kiểm tra hoạt động kinh doanh bảo hiểm 
 1. Việc thanh tra hoạt động kinh doanh bảo hiểm thực hiện theo",content.csv,"Nghị định số 73/2016/NĐ-CP Quy định chi tiết thi hành Luật kinh doanh bảo hiểm và Luật sửa đổi, bổ sung một số điều của Luật kinh doanh bảo hiểm",Nghị định,01/07/2016,Hết hiệu lực một phần,"[""Admin"", ""Staff"", ""Guest""]"
112025_art_122,112025,"Điều 122 của Luật kinh doanh bảo hiểm và tuân thủ các quy định pháp luật về thanh tra đối với doanh nghiệp. 
 2. Việc kiểm tra hoạt động kinh doanh bảo hiểm thực hiện theo quy định sau: 
 a) Việc kiểm tra hoạt động kinh doanh bảo hiểm phải được thực hiện đúng chức năng, đúng thẩm quyền và tuân thủ quy định pháp luật, không được tiến hành trùng lặp, không quá một lần về cùng một nội dung trong một năm đối với một doanh nghiệp (trừ trường hợp kiểm tra đột xuất); 
 b) Khi tiến hành kiểm tra phải có quyết định của người có thẩm quyền, khi kết thúc kiểm tra phải có biên bản kết luận kiểm tra. Trưởng đoàn kiểm tra chịu trách nhiệm về nội dung biên bản và kết luận kiểm tra. 
 3. Việc thanh tra, kiểm tra hoạt động kinh doanh bảo hiểm của chi nhánh doanh nghiệp bảo hiểm phi nhân thọ nước ngoài tại Việt Nam thực hiện theo quy định sau: 
 a) Bộ Tài chính Việt Nam thực hiện thanh tra, kiểm tra hoạt động của chi nhánh doanh nghiệp bảo hiểm phi nhân thọ nước ngoài tại Việt Nam theo quy định pháp luật; 
 b) Cơ quan quản lý nhà nước về bảo hiểm nước ngoài nơi doanh nghiệp đóng trụ sở chính thực hiện thanh tra, kiểm tra hoạt động của chi nhánh doanh nghiệp bảo hiểm phi nhân thọ nước ngoài tại Việt Nam như sau: 
 - Trước khi tiến hành thanh tra, kiểm tra, cơ quan quản lý nhà nước về bảo hiểm nước ngoài nơi doanh nghiệp đóng trụ sở chính phải thông báo kế hoạch thanh tra, kiểm tra cho Bộ Tài chính; 
 - Sau khi kết thúc thanh tra, kiểm tra, cơ quan quản lý nhà nước về bảo hiểm nước ngoài nơi doanh nghiệp đóng trụ sở chính phải cung cấp kết quả thanh tra, kiểm tra cho Bộ Tài chính.",content.csv,"Nghị định số 73/2016/NĐ-CP Quy định chi tiết thi hành Luật kinh doanh bảo hiểm và Luật sửa đổi, bổ sung một số điều của Luật kinh doanh bảo hiểm",Nghị định,01/07/2016,Hết hiệu lực một phần,"[""Admin"", ""Staff"", ""Guest""]"
112025_art_114,112025,"Điều 114. Xử lý vi phạm 
 Tổ chức, cá nhân có hành vi vi phạm pháp luật về kinh doanh bảo hiểm thì tùy theo tính chất và mức độ vi phạm mà bị xử lý kỷ luật, xử phạt vi phạm hành chính hoặc truy cứu trách nhiệm hình sự theo quy định pháp luật. 
 Chương XI 
 ĐIỀU KHOẢN THI HÀNH",content.csv,"Nghị định số 73/2016/NĐ-CP Quy định chi tiết thi hành Luật kinh doanh bảo hiểm và Luật sửa đổi, bổ sung một số điều của Luật kinh doanh bảo hiểm",Nghị định,01/07/2016,Hết hiệu lực một phần,"[""Admin""]"
112025_art_115,112025,"Điều 115. Hiệu lực thi hành 
 1. Nghị định này có hiệu lực thi hành từ ngày 01 tháng 7 năm 2016. 
 2. Nghị định số 45/2007/NĐ-CP ngày 27 tháng 3 năm 2007 của Chính phủ quy định chi tiết thi hành một số điều của Luật kinh doanh bảo hiểm; Nghị định số 123/2011/NĐ-CP ngày 28 tháng 12 năm 2011 của Chính phủ quy định chi tiết thi hành một số điều của Luật sửa đổi, bổ sung một số điều của Luật kinh doanh bảo hiểm và sửa đổi, bổ sung một số điều của Nghị định số 45/2007/NĐ-CP ngày 27 tháng 3 năm 2007 của Chính phủ quy định chi tiết thi hành một số điều của Luật kinh doanh bảo hiểm; Nghị định số 68/2014/NĐ-CP ngày 09 tháng 7 năm 2014 của Chính phủ sửa đổi, bổ sung một số điều của Nghị định số 45/2007/NĐ-CP ngày 27 tháng 3 năm 2007 của Chính phủ quy định chi tiết thi hành một số điều của Luật kinh doanh bảo hiểm và Nghị định số 46/2007/NĐ-CP ngày 27 tháng 3 năm 2007 của Chính phủ quy định chế độ tài chính đối với doanh nghiệp bảo hiểm, doanh nghiệp môi giới bảo hiểm hết hiệu lực thi hành kể từ ngày Nghị định này có hiệu lực.",content.csv,"Nghị định số 73/2016/NĐ-CP Quy định chi tiết thi hành Luật kinh doanh bảo hiểm và Luật sửa đổi, bổ sung một số điều của Luật kinh doanh bảo hiểm",Nghị định,01/07/2016,Hết hiệu lực một phần,"[""Admin"", ""Staff"", ""Guest""]"
112025_art_116,112025,"Điều 116. Trách nhiệm thi hành 
 Các Bộ trưởng, Thủ trưởng cơ quan ngang bộ, Thủ trưởng cơ quan thuộc Chính phủ, Chủ tịch Ủy ban nhân dân các tỉnh, thành phố trực thuộc trung ương và các đối tượng áp dụng của Nghị định chịu trách nhiệm thi hành Nghị định này. 
 
 
 
 
 TM. CHÍNH PHỦ 
 THỦ TƯỚNG CHÍNH PHỦ 
 
 
 (Đã ký) 
 
 
 Nguyễn Xuân Phúc",content.csv,"Nghị định số 73/2016/NĐ-CP Quy định chi tiết thi hành Luật kinh doanh bảo hiểm và Luật sửa đổi, bổ sung một số điều của Luật kinh doanh bảo hiểm",Nghị định,01/07/2016,Hết hiệu lực một phần,"[""Admin"", ""Staff"", ""Guest""]"
169221_chunk_1,169221,"NGÂN HÀNG NHÀ NƯỚC 
 
 
 VIỆT NAM 
 
 
 
 
 
 CỘNG HÒA XÃ HỘI CHỦ NGHĨA VIỆT NAM 
 
 
 Độc lập – Tự do – Hạnh phúc 
 
 
 
 
 
 
 Số: 43/2024/TT-NHNN 
 
 
 Hà Nội, ngày 09 tháng 8 năm 2024 
 
 
 
 
 
 THÔNG TƯ 
 Sửa đổi, bổ sung một số điều của Thông tư số 01/2014/TT-NHNN ngày 10 
 tháng 12 năm 2014 của Thống đốc Ngân hàng Nhà nước Việt Nam hướng dẫn 
 việc tổ chức thực hiện hoạt động quản lý dự trữ ngoại hối nhà nước&nbsp; 
 &nbsp;___________________ 
 Căn cứ&nbsp;Luật Ngân hàng Nhà nước Việt Nam&nbsp;ngày 16 tháng 6 năm 2010; 
 Căn cứ&nbsp;Pháp lệnh Ngoại hối&nbsp;ngày 13 tháng 12 năm 2005;&nbsp;Pháp lệnh sửa đổi, bổ sung một số điều của Pháp lệnh Ngoại hối&nbsp;ngày 18 tháng 3 năm 2013; 
 Căn cứ Nghị định số&nbsp;50/2014/NĐ-CP&nbsp;ngày 20 tháng 5 năm 2014 của Chính phủ về quản lý dự trữ ngoại hối nhà nước; 
 Căn cứ Nghị định số&nbsp;102/2022/NĐ-CP&nbsp;ngày 12 tháng 12 năm 2022 của Chính phủ quy định chức năng, nhiệm vụ, quyền hạn và cơ cấu tổ chức của Ngân hàng Nhà nước Việt Nam; 
 Theo đề nghị của Cục trưởng Cục Quản lý dự trữ ngoại hối nhà nước; 
 Thống đốc Ngân hàng Nhà nước Việt Nam ban hành Thông tư sửa đổi, bổ sung một số điều của Thông tư số 01/2014/TT-NHNN ngày 10 tháng 12 năm 2014 của Thống đốc Ngân hàng Nhà nước Việt Nam hướng dẫn việc tổ chức thực hiện hoạt động quản lý dự trữ ngoại hối nhà nước.",content.csv,"Thông tư số 43/2024/TT-NHNN sửa đổi, bổ sung một số điều của Thông tư số 01/2014/TT-NHNN ngày 10 tháng 12 năm 2014 của Thống đốc Ngân hàng Nhà nước Việt Nam hướng dẫn việc tổ chức thực hiện hoạt đọng quản lý dự trữ ngoại hối nhà nước.",Thông tư,23/09/2024,Còn hiệu lực,"[""Admin"", ""Staff"", ""Guest""]"
169221_art_1,169221,"Điều 1. Sửa đổi, bổ sung một số điều của Thông tư số 01/2014/TT-NHNN 
 1. Sửa đổi, bổ sung một số điểm, khoản của",content.csv,"Thông tư số 43/2024/TT-NHNN sửa đổi, bổ sung một số điều của Thông tư số 01/2014/TT-NHNN ngày 10 tháng 12 năm 2014 của Thống đốc Ngân hàng Nhà nước Việt Nam hướng dẫn việc tổ chức thực hiện hoạt đọng quản lý dự trữ ngoại hối nhà nước.",Thông tư,23/09/2024,Còn hiệu lực,"[""Admin"", ""Staff"", ""Guest""]"
169221_art_3,169221,"Điều 3 như sau: 
 a) Sửa đổi, bổ sung điểm đ khoản 1 như sau: 
 “đ) Dự kiến về lượng ngoại hối can thiệp ròng trong năm và dự kiến về lượng ngoại hối sử dụng trong năm cho các yêu cầu đột xuất, cấp bách của Nhà nước.” 
 b) Sửa đổi, bổ sung khoản 2 như sau: 
 “2. Muộn nhất cuối quý I hằng năm hoặc sau khi có đủ cơ sở theo quy định tại khoản 1 Điều này, Cục Quản lý dự trữ ngoại hối nhà nước chủ trì, phối hợp với Vụ Chính sách tiền tệ, Vụ Quản lý ngoại hối và Vụ Dự báo, thống kê xác định mức dự trữ ngoại hối nhà nước trong năm trình Thống đốc phê duyệt để báo cáo Thủ tướng Chính phủ.” 
 c) Sửa đổi, bổ sung điểm c khoản 3 như sau: 
 “c) Tình hình can thiệp và xu hướng can thiệp ròng trên thị trường trong nước, thị trường vàng trong nước.” 
 2. Sửa đổi, bổ sung điểm a khoản 1, khoản 2 và bổ sung khoản 6a vào",content.csv,"Thông tư số 43/2024/TT-NHNN sửa đổi, bổ sung một số điều của Thông tư số 01/2014/TT-NHNN ngày 10 tháng 12 năm 2014 của Thống đốc Ngân hàng Nhà nước Việt Nam hướng dẫn việc tổ chức thực hiện hoạt đọng quản lý dự trữ ngoại hối nhà nước.",Thông tư,23/09/2024,Còn hiệu lực,"[""Admin"", ""Staff""]"
169221_art_4,169221,"Điều 4 như sau: 
 a) Sửa đổi, bổ sung điểm a khoản 1 như sau: 
 “a) Tiêu chuẩn lựa chọn đối tác đầu tư bao gồm: tiêu chuẩn lựa chọn đối tác gửi ngoại tệ và vàng; đối tác phát hành chứng khoán, giấy tờ có giá bằng ngoại tệ; đối tác giao dịch ngoại tệ và vàng; đối tác giao dịch chứng khoán, giấy tờ có giá; đối tác lưu ký chứng khoán, giấy tờ có giá và vàng; đối tác thực hiện ủy thác đầu tư và đối tác thực hiện các hình thức đầu tư khác trên thị trường quốc tế theo mức xếp hạng của các tổ chức xếp hạng tín nhiệm có uy tín trên thị trường quốc tế được Ngân hàng Nhà nước lựa chọn để tham chiếu;” 
 b) Sửa đổi, bổ sung khoản 2 như sau: 
 “2. Tiêu chuẩn lựa chọn đối tác thực hiện các nghiệp vụ quản lý dự trữ ngoại hối nhà nước khác bao gồm: đối tác xuất khẩu, nhập khẩu vàng; đối tác chuyển đổi vàng miếng sang vàng tiêu chuẩn quốc tế và các đối tác thực hiện các nghiệp vụ quản lý dự trữ ngoại hối nhà nước khác của Ngân hàng Nhà nước.” 
 c) Bổ sung khoản 6a như sau: 
 “6a. Trường hợp thị trường tài chính trong nước và quốc tế có biến động, trường hợp phương pháp đánh giá xếp hạng của các tổ chức xếp hạng tín nhiệm có uy tín trên thế giới có thay đổi và các trường hợp khác có ảnh hưởng tới việc tuân thủ tiêu chuẩn, hạn mức đầu tư dự trữ ngoại hối nhà nước, Cục Quản lý dự trữ ngoại hối nhà nước báo cáo Trưởng Ban Điều hành. Trên cơ sở chỉ đạo của Trưởng Ban điều hành, Cục Quản lý dự trữ ngoại hối nhà nước chủ trì, phối hợp với các đơn vị có liên quan nghiên cứu, đề xuất phương án điều chỉnh tiêu chuẩn, hạn mức đầu tư dự trữ ngoại hối nhà nước và tiêu chuẩn lựa chọn đối tác thực hiện các nghiệp vụ quản lý dự trữ ngoại hối nhà nước khác báo cáo Trưởng Ban điều hành trình Thống đốc quyết định.” 
 3. Sửa đổi, bổ sung khoản 2, 3, 4",content.csv,"Thông tư số 43/2024/TT-NHNN sửa đổi, bổ sung một số điều của Thông tư số 01/2014/TT-NHNN ngày 10 tháng 12 năm 2014 của Thống đốc Ngân hàng Nhà nước Việt Nam hướng dẫn việc tổ chức thực hiện hoạt đọng quản lý dự trữ ngoại hối nhà nước.",Thông tư,23/09/2024,Còn hiệu lực,"[""Admin"", ""Staff""]"
169221_art_5,169221,"Điều 5 như sau: 
 “2. Cục Quản lý dự trữ ngoại hối nhà nước chủ trì, phối hợp với Vụ Chính sách tiền tệ, Vụ Quản lý ngoại hối và Vụ Dự báo, thống kê nghiên cứu và báo cáo Trưởng Ban Điều hành trình Thống đốc phê duyệt: 
 a) Bổ sung hình thức đầu tư khác trong từng thời kỳ; 
 b) Hướng dẫn đầu tư đối với hình thức ủy thác đầu tư và các hình thức đầu tư khác đã được Thống đốc phê duyệt theo quy định tại điểm a khoản này trong từng thời kỳ. 
 3. Căn cứ phê duyệt của Thống đốc về bổ sung hình thức đầu tư, Cục Quản lý dự trữ ngoại hối nhà nước bổ sung hình thức đầu tư khác vào cơ cấu đầu tư dự trữ ngoại hối chính thức trình Thống đốc quyết định. Trên cơ sở Quyết định cơ cấu đầu tư dự trữ ngoại hối chính thức của Thống đốc, Cục Quản lý dự trữ ngoại hối nhà nước bổ sung hình thức đầu tư khác vào phương án đầu tư dự trữ ngoại hối chính thức. 
 4. Căn cứ phê duyệt của Thống đốc về hướng dẫn đầu tư đối với việc ủy thác đầu tư và các hình thức đầu tư khác theo quy định tại khoản 2 Điều này, Cục Quản lý dự trữ ngoại hối nhà nước trình Trưởng Ban điều hành phê duyệt đối tác, các nội dung thỏa thuận với đối tác. Trên cơ sở phê duyệt của Trưởng Ban điều hành, Cục Quản lý dự trữ ngoại hối nhà nước thực hiện đầu tư và ủy thác đầu tư.” 
 4. Sửa đổi, bổ sung",content.csv,"Thông tư số 43/2024/TT-NHNN sửa đổi, bổ sung một số điều của Thông tư số 01/2014/TT-NHNN ngày 10 tháng 12 năm 2014 của Thống đốc Ngân hàng Nhà nước Việt Nam hướng dẫn việc tổ chức thực hiện hoạt đọng quản lý dự trữ ngoại hối nhà nước.",Thông tư,23/09/2024,Còn hiệu lực,"[""Admin"", ""Staff""]"
169221_art_6,169221,"Điều 6 như sau: 
 “",content.csv,"Thông tư số 43/2024/TT-NHNN sửa đổi, bổ sung một số điều của Thông tư số 01/2014/TT-NHNN ngày 10 tháng 12 năm 2014 của Thống đốc Ngân hàng Nhà nước Việt Nam hướng dẫn việc tổ chức thực hiện hoạt đọng quản lý dự trữ ngoại hối nhà nước.",Thông tư,23/09/2024,Còn hiệu lực,"[""Admin"", ""Staff"", ""Guest""]"
169221_art_7,169221,"Điều 7 như sau: 
 a) Sửa đổi, bổ sung điểm e khoản 2 như sau: 
 “e) Số dư dự trữ ngoại hối nhà nước tại thời điểm cuối quý trước, dự kiến về xu hướng can thiệp ngoại hối ròng trong quý, sử dụng ngoại hối theo quyết định của Thủ tướng Chính phủ cho các nhu cầu đột xuất, cấp bách của Nhà nước.” 
 b) Sửa đổi, bổ sung khoản 3 như sau: 
 “3. Định kỳ hằng quý hoặc khi cần thiết, Cục Quản lý dự trữ ngoại hối nhà nước chủ trì, phối hợp với Vụ Quản lý ngoại hối, Vụ Chính sách tiền tệ và Vụ Dự báo, thống kê đánh giá tình hình thực hiện phương án đầu tư dự trữ ngoại hối chính thức kỳ trước và xây dựng phương án đầu tư dự trữ ngoại hối chính thức kỳ tiếp theo trình Trưởng Ban điều hành phê duyệt. Thời hạn phê duyệt phương án đầu tư dự trữ ngoại hối chính thức hằng quý muộn nhất vào ngày làm việc thứ 8 của tháng đầu tiên hằng quý.” 
 6. Sửa đổi, bổ sung",content.csv,"Thông tư số 43/2024/TT-NHNN sửa đổi, bổ sung một số điều của Thông tư số 01/2014/TT-NHNN ngày 10 tháng 12 năm 2014 của Thống đốc Ngân hàng Nhà nước Việt Nam hướng dẫn việc tổ chức thực hiện hoạt đọng quản lý dự trữ ngoại hối nhà nước.",Thông tư,23/09/2024,Còn hiệu lực,"[""Admin"", ""Staff""]"
169221_art_9,169221,"Điều 9 như sau: 
 “",content.csv,"Thông tư số 43/2024/TT-NHNN sửa đổi, bổ sung một số điều của Thông tư số 01/2014/TT-NHNN ngày 10 tháng 12 năm 2014 của Thống đốc Ngân hàng Nhà nước Việt Nam hướng dẫn việc tổ chức thực hiện hoạt đọng quản lý dự trữ ngoại hối nhà nước.",Thông tư,23/09/2024,Còn hiệu lực,"[""Admin"", ""Staff"", ""Guest""]"
169221_art_14,169221,"Điều 14 (đã được sửa đổi, bổ sung bởi khoản 11",content.csv,"Thông tư số 43/2024/TT-NHNN sửa đổi, bổ sung một số điều của Thông tư số 01/2014/TT-NHNN ngày 10 tháng 12 năm 2014 của Thống đốc Ngân hàng Nhà nước Việt Nam hướng dẫn việc tổ chức thực hiện hoạt đọng quản lý dự trữ ngoại hối nhà nước.",Thông tư,23/09/2024,Còn hiệu lực,"[""Admin"", ""Staff"", ""Guest""]"
169221_art_15,169221,"Điều 15 như sau: 
 “",content.csv,"Thông tư số 43/2024/TT-NHNN sửa đổi, bổ sung một số điều của Thông tư số 01/2014/TT-NHNN ngày 10 tháng 12 năm 2014 của Thống đốc Ngân hàng Nhà nước Việt Nam hướng dẫn việc tổ chức thực hiện hoạt đọng quản lý dự trữ ngoại hối nhà nước.",Thông tư,23/09/2024,Còn hiệu lực,"[""Admin"", ""Staff"", ""Guest""]"
169221_art_22,169221,"Điều 22 như sau: 
 “4. Thống đốc ủy quyền cho Trưởng ban điều hành quyết định việc điều chuyển ngoại hối từ Quỹ Bình ổn tỷ giá và quản lý thị trường vàng sang Quỹ Dự trữ ngoại hối đối với các trường hợp nêu tại khoản 2 và khoản 3 Điều này.” 
 10. Sửa đổi, bổ sung điểm b và điểm d khoản 1, khoản 2 và khoản 3",content.csv,"Thông tư số 43/2024/TT-NHNN sửa đổi, bổ sung một số điều của Thông tư số 01/2014/TT-NHNN ngày 10 tháng 12 năm 2014 của Thống đốc Ngân hàng Nhà nước Việt Nam hướng dẫn việc tổ chức thực hiện hoạt đọng quản lý dự trữ ngoại hối nhà nước.",Thông tư,23/09/2024,Còn hiệu lực,"[""Admin"", ""Staff"", ""Guest""]"
169221_art_26,169221,"Điều 26 như sau: 
 a) Sửa đổi, bổ sung điểm b khoản 1 như sau: 
 “b) Thu nhập và chi phí liên quan đến việc tuân thủ cơ cấu đầu tư dự trữ ngoại hối chính thức trong các trường hợp cần thiết theo phê duyệt của Thống đốc, đáp ứng nhu cầu ngoại hối theo quyết định của Thủ tướng Chính phủ;” 
 b) Sửa đổi, bổ sung điểm d khoản 1 như sau: 
 “d) Chi phí liên quan đến các hoạt động can thiệp thị trường trong nước, thị trường vàng trong nước;” 
 c) Sửa đổi, bổ sung khoản 2 như sau: 
 “2. Nguyên tắc xác định giá vàng: 
 a) Giá vàng thuộc dự trữ ngoại hối nhà nước tính theo đơn vị USD/g và VND/g và được làm tròn &nbsp; đến 3 chữ số sau dấu thập phân; 
 b) Giá vàng tiêu chuẩn quốc tế thuộc dự trữ ngoại hối nhà nước được xác định như sau: 
 Giá 01g vàng quy USD = giá Bid trên màn hình Refinitiv trước 10 giờ sáng ngày báo cáo * 0,0321507465; 
 Giá 01g vàng quy VND = giá Bid trên màn hình Refinitiv trước 10 giờ sáng ngày báo cáo * 0,0321507465 * tỷ giá trung tâm do Ngân hàng Nhà nước công bố vào ngày báo cáo; 
 c) Vàng tài khoản, vàng miếng và vàng khác do Ngân hàng Nhà nước quản lý hạch toán theo giá vàng tiêu chuẩn quốc tế.” 
 d) Sửa đổi, bổ sung khoản 3 như sau: 
 “3. Tỷ giá hạch toán đối với các ngoại tệ khác ngoài đô la Mỹ thuộc dự trữ ngoại hối nhà nước được xác định trên cơ sở tỷ giá trung tâm của đồng Việt Nam với đô la Mỹ do Ngân hàng Nhà nước công bố và tỷ giá giữa các loại ngoại tệ niêm yết trên màn hình Refinitiv hoặc Bloomberg hoặc các phương tiện khác trước 10 giờ sáng ngày giao dịch.” 
 11. &nbsp; Sửa đổi, bổ sung&nbsp;khoản 2",content.csv,"Thông tư số 43/2024/TT-NHNN sửa đổi, bổ sung một số điều của Thông tư số 01/2014/TT-NHNN ngày 10 tháng 12 năm 2014 của Thống đốc Ngân hàng Nhà nước Việt Nam hướng dẫn việc tổ chức thực hiện hoạt đọng quản lý dự trữ ngoại hối nhà nước.",Thông tư,23/09/2024,Còn hiệu lực,"[""Admin"", ""Staff""]"
169221_art_27,169221,"Điều 27 (đã được sửa đổi, bổ sung bởi khoản 15",content.csv,"Thông tư số 43/2024/TT-NHNN sửa đổi, bổ sung một số điều của Thông tư số 01/2014/TT-NHNN ngày 10 tháng 12 năm 2014 của Thống đốc Ngân hàng Nhà nước Việt Nam hướng dẫn việc tổ chức thực hiện hoạt đọng quản lý dự trữ ngoại hối nhà nước.",Thông tư,23/09/2024,Còn hiệu lực,"[""Admin"", ""Staff"", ""Guest""]"
169221_art_28,169221,"Điều 28 như sau: 
 “",content.csv,"Thông tư số 43/2024/TT-NHNN sửa đổi, bổ sung một số điều của Thông tư số 01/2014/TT-NHNN ngày 10 tháng 12 năm 2014 của Thống đốc Ngân hàng Nhà nước Việt Nam hướng dẫn việc tổ chức thực hiện hoạt đọng quản lý dự trữ ngoại hối nhà nước.",Thông tư,23/09/2024,Còn hiệu lực,"[""Admin"", ""Staff"", ""Guest""]"
169221_art_13,169221,"Điều 13 Thông tư số 12/2023/TT-NHNN: 
 Hằng ngày: Số liệu về dự trữ ngoại hối nhà nước theo mẫu quy định tại Phụ lục số 01&nbsp;ban hành kèm theo Thông tư này; 
 Muộn nhất ngày 05 hằng tháng: Báo cáo tình hình mua, bán sử dụng dự trữ ngoại hối nhà nước của tháng trước theo mẫu quy định tại Phụ lục số 03&nbsp;ban hành kèm theo Thông tư này; 
 b) Muộn nhất ngày 05 hằng tháng: Báo cáo cơ cấu dự trữ ngoại hối chính thức của tháng trước theo mẫu quy định tại Phụ lục số 02 ban hành kèm theo Thông tư này; 
 c) Muộn nhất ngày 15 hằng tháng: 
 Báo cáo tình hình đầu tư dự trữ ngoại hối nhà nước tại nước ngoài của tháng trước theo mẫu quy định tại Phụ lục số 06&nbsp;ban hành kèm theo Thông tư này; 
 Báo cáo tình hình đầu tư dự trữ ngoại hối nhà nước tại nước ngoài theo đối tác đầu tư của tháng trước theo mẫu quy định tại Phụ lục số 07&nbsp;ban hành kèm theo Thông tư này; 
 d) Muộn nhất vào ngày cuối tháng đầu mỗi quý hoặc khi cần thiết: Cục Quản lý dự trữ ngoại hối nhà nước cung cấp cho Vụ Kiểm toán nội bộ tài liệu đánh giá xếp hạng các đối tác của Ngân hàng Nhà nước quý trước bao gồm tài liệu của các tổ chức xếp hạng tín nhiệm quốc tế và tài liệu đánh giá của Cục Quản lý dự trữ ngoại hối nhà nước căn cứ theo tiêu chuẩn đánh giá của các tổ chức xếp hạng tín nhiệm quốc tế; 
 đ) Báo cáo Thống đốc và Trưởng Ban điều hành kết quả đấu thầu vàng miếng trong nước và mua vàng đối ứng trên thị trường quốc tế trong ngày Ngân hàng Nhà nước thực hiện đấu thầu, đồng gửi Vụ Quản lý ngoại hối, Vụ Chính sách tiền tệ và Vụ Kiểm toán nội bộ; 
 e) Cung cấp cho các đơn vị thành viên Ban điều hành và Vụ Kiểm toán nội bộ: 
 Quyết định của Thống đốc về cơ cấu dự trữ ngoại hối chính thức, tiêu chuẩn, hạn mức đầu tư dự trữ ngoại hối nhà nước trong từng thời kỳ; 
 Hạn mức Quỹ Bình ổn tỷ giá và quản lý thị trường vàng được Thủ tướng Chính phủ phê duyệt trong từng thời kỳ; 
 g) Cung cấp cho Vụ Tài chính - Kế toán và Vụ Kiểm toán nội bộ các Quyết định của Thống đốc Ngân hàng Nhà nước về sử dụng dự trữ ngoại hối nhà nước theo Quyết định của Thủ tướng Chính phủ; 
 h) Cách thức lấy số liệu để lập báo cáo theo các mẫu biểu tại Phụ lục số 02, Phụ lục số 06&nbsp;và Phụ lục số 07&nbsp;đính kèm Thông tư này như sau: 
 - Đối với tiền gửi: giá trị ghi sổ của tiền gửi là số tiền gửi thực tế tại thời điểm báo cáo; 
 - Đối với chứng khoán: 
 
 
 
 
 Giá trị ghi sổ của chứng khoán 
 
 = 
 
 Mệnh giá 
 
 + 
 
 Lãi dồn tích trước khi mua 
 
 - 
 
 Lãi nhận trước khi mua 
 
 - 
 
 Chiết khấu chưa phân bổ 
 
 + 
 
 Phụ trội chưa phân bổ 
 
 
 
 2. Vụ Dự báo, thống kê cung cấp cho Cục Quản lý dự trữ ngoại hối nhà nước: 
 a) Muộn nhất ngày 25 hằng tháng: Số liệu liên quan đến diễn biến thanh khoản ngoại tệ và tình hình tiền gửi ngoại tệ và vàng của Kho bạc Nhà nước và các tổ chức tín dụng tại Ngân hàng Nhà nước của tháng trước; 
 b) Muộn nhất sau 45 ngày kể từ ngày kết thúc quý báo cáo: Số liệu thực hiện cán cân thanh toán quý; 
 c) Muộn nhất sau 60 ngày kể từ ngày kết thúc năm báo cáo: Số liệu thực hiện cán cân thanh toán năm; 
 d) Muộn nhất vào ngày thứ 60 của năm hoặc sau khi có số liệu dự báo cán cân thanh toán năm: Số liệu dự báo cán cân thanh toán tổng thể năm; 
 đ) Muộn nhất ngày cuối cùng hằng tháng: Bảng cân đối tiền tệ của Ngân hàng Nhà nước và Bảng cân đối tiền tệ toàn ngành của tháng trước. 
 3. Vụ Chính sách tiền tệ cung cấp cho Cục Quản lý dự trữ ngoại hối nhà nước: 
 a) Định kỳ 6 tháng: Báo cáo tỷ trọng các loại ngoại tệ trong giao dịch mua bán ngoại tệ giữa các tổ chức tín dụng và khách hàng theo mẫu quy định tại Phụ lục số 08&nbsp;ban hành kèm theo Thông tư này; 
 b) Báo cáo về điều hành chính sách tiền tệ, hoạt động ngân hàng và các giải pháp điều hành. 
 4. Muộn nhất ngày 15 tháng đầu hằng quý và khi có thay đổi, Cục Phát hành và Kho quỹ báo cáo về khối lượng tồn kho vàng tiêu chuẩn quốc tế, vàng miếng và vàng khác tại các kho của Ngân hàng Nhà nước theo mẫu quy định tại Phụ lục số 04&nbsp;ban hành kèm theo Thông tư này. 
 5. Muộn nhất vào ngày 31 tháng 01 hằng năm, Vụ Hợp tác quốc tế cung cấp cho Cục Quản lý dự trữ ngoại hối nhà nước số liệu giải ngân dự kiến theo quý của các chương trình, dự án hỗ trợ ngân sách trực tiếp từ các tổ chức, đối tác quốc tế trong năm theo mẫu quy định tại Phụ lục số 05 ban hành kèm theo Thông tư này. 
 6. Muộn nhất ngày 15 hằng tháng, Vụ Tài Chính - Kế toán cung cấp số dư tài khoản Vốn do đánh giá lại tài sản - Đánh giá lại ngoại tệ và Chênh lệch tỷ giá hối đoái của tháng trước cho các đơn vị gồm: 
 a) Trong giai đoạn trước khi Thống đốc quyết định về việc phân công nhiệm vụ hạch toán giữa Cục Quản lý dự trữ ngoại hối nhà nước và Sở Giao dịch theo quy định tại",content.csv,"Thông tư số 43/2024/TT-NHNN sửa đổi, bổ sung một số điều của Thông tư số 01/2014/TT-NHNN ngày 10 tháng 12 năm 2014 của Thống đốc Ngân hàng Nhà nước Việt Nam hướng dẫn việc tổ chức thực hiện hoạt đọng quản lý dự trữ ngoại hối nhà nước.",Thông tư,23/09/2024,Còn hiệu lực,"[""Admin"", ""Staff""]"
169221_art_30,169221,"Điều 30 (đã được sửa đổi, bổ sung bởi khoản 13",content.csv,"Thông tư số 43/2024/TT-NHNN sửa đổi, bổ sung một số điều của Thông tư số 01/2014/TT-NHNN ngày 10 tháng 12 năm 2014 của Thống đốc Ngân hàng Nhà nước Việt Nam hướng dẫn việc tổ chức thực hiện hoạt đọng quản lý dự trữ ngoại hối nhà nước.",Thông tư,23/09/2024,Còn hiệu lực,"[""Admin"", ""Staff"", ""Guest""]"
169221_art_11,169221,"Điều 11 Thông tư này; 
 Hình thức can thiệp thị trường trong nước khác khi cần thiết theo quy định tại điểm c khoản 1 Điều 15&nbsp;và hình thức can thiệp thị trường vàng khác khi cần thiết theo quy định tại điểm d khoản 1",content.csv,"Thông tư số 43/2024/TT-NHNN sửa đổi, bổ sung một số điều của Thông tư số 01/2014/TT-NHNN ngày 10 tháng 12 năm 2014 của Thống đốc Ngân hàng Nhà nước Việt Nam hướng dẫn việc tổ chức thực hiện hoạt đọng quản lý dự trữ ngoại hối nhà nước.",Thông tư,23/09/2024,Còn hiệu lực,"[""Admin"", ""Staff"", ""Guest""]"
169221_art_16,169221,"Điều 16 Thông tư này;” 
 b) Sửa đổi, bổ sung điểm c như sau: 
 “c) Phê duyệt: 
 Mức dự trữ ngoại hối nhà nước trong năm theo quy định tại khoản 2",content.csv,"Thông tư số 43/2024/TT-NHNN sửa đổi, bổ sung một số điều của Thông tư số 01/2014/TT-NHNN ngày 10 tháng 12 năm 2014 của Thống đốc Ngân hàng Nhà nước Việt Nam hướng dẫn việc tổ chức thực hiện hoạt đọng quản lý dự trữ ngoại hối nhà nước.",Thông tư,23/09/2024,Còn hiệu lực,"[""Admin"", ""Staff""]"
169221_art_20,169221,Điều 20 và khoản 1,content.csv,"Thông tư số 43/2024/TT-NHNN sửa đổi, bổ sung một số điều của Thông tư số 01/2014/TT-NHNN ngày 10 tháng 12 năm 2014 của Thống đốc Ngân hàng Nhà nước Việt Nam hướng dẫn việc tổ chức thực hiện hoạt đọng quản lý dự trữ ngoại hối nhà nước.",Thông tư,23/09/2024,Còn hiệu lực,"[""Admin"", ""Staff"", ""Guest""]"
169221_art_21,169221,"Điều 21 Thông tư này; 
 Phương án cân đối bán ngoại tệ cho ngân sách nhà nước theo quy định tại điểm a khoản 2",content.csv,"Thông tư số 43/2024/TT-NHNN sửa đổi, bổ sung một số điều của Thông tư số 01/2014/TT-NHNN ngày 10 tháng 12 năm 2014 của Thống đốc Ngân hàng Nhà nước Việt Nam hướng dẫn việc tổ chức thực hiện hoạt đọng quản lý dự trữ ngoại hối nhà nước.",Thông tư,23/09/2024,Còn hiệu lực,"[""Admin"", ""Staff"", ""Guest""]"
169221_art_32,169221,"Điều 32 như sau: 
 a) Sửa đổi, bổ sung&nbsp;điểm đ khoản 1 như sau: 
 “đ) Xác định giá vàng quy đô la Mỹ và đồng Việt Nam của vàng thuộc dự trữ ngoại hối nhà nước và tỷ giá của đồng Việt Nam với một số ngoại tệ áp dụng cho việc hạch toán theo quy định tại khoản 2 và khoản 3",content.csv,"Thông tư số 43/2024/TT-NHNN sửa đổi, bổ sung một số điều của Thông tư số 01/2014/TT-NHNN ngày 10 tháng 12 năm 2014 của Thống đốc Ngân hàng Nhà nước Việt Nam hướng dẫn việc tổ chức thực hiện hoạt đọng quản lý dự trữ ngoại hối nhà nước.",Thông tư,23/09/2024,Còn hiệu lực,"[""Admin"", ""Staff"", ""Guest""]"
169221_art_2,169221,"Điều 2. Thay thế, bổ sung và bãi bỏ một số quy định của Thông tư số 01/2014/TT-NHNN 
 1. Thay thế Phụ lục số 01, Phụ lục số 03, Phụ lục số 04, Phụ lục số 06, Phụ lục số 07 và Phụ lục số 08 (đã được thay thế bởi Thông tư số 12/2023/TT-NHNN) bằng Phụ lục số 01, Phụ lục số 03, Phụ lục số 04, Phụ lục số 06, Phụ lục số 07&nbsp;và Phụ lục số 08&nbsp;tương ứng ban hành kèm theo Thông tư này. 
 2. Bổ sung Phụ lục số 09&nbsp;và Phụ lục số 10. 
 3. Bãi bỏ điểm e khoản 1",content.csv,"Thông tư số 43/2024/TT-NHNN sửa đổi, bổ sung một số điều của Thông tư số 01/2014/TT-NHNN ngày 10 tháng 12 năm 2014 của Thống đốc Ngân hàng Nhà nước Việt Nam hướng dẫn việc tổ chức thực hiện hoạt đọng quản lý dự trữ ngoại hối nhà nước.",Thông tư,23/09/2024,Còn hiệu lực,"[""Admin"", ""Staff"", ""Guest""]"
163441_chunk_1,163441,"CHÍNH PHỦ 
 _________ 
 
 
 CỘNG HOÀ XÃ HỘI CHỦ NGHĨA VIỆT NAM 
 Độc lập - Tự do - Hạnh phúc 
 _________________ 
 
 
 
 
 Số: 46/2023/NĐ-CP 
 
 
 Hà Nội, ngày 01 tháng 7 năm 2023 
 
 
 NGHỊ ĐỊNH 
 Quy định chi tiết thi hành một số điều của Luật Kinh doanh bảo hiểm 
 __________ 
 Căn cứ Luật Tổ chức Chính phủ ngày 19 tháng 6 năm 2015; Luật sửa đổi, bổ sung một số điều của Luật Tổ chức Chính phủ và Luật Tổ chức chính quyền địa phương ngày 22 tháng 11 năm 2019; 
 Căn cứ Luật Kinh doanh báo hiểm ngày 16 tháng 6 năm 2022; 
 Căn cứ Luật Doanh nghiệp ngày 17 tháng 6 năm 2020; 
 Căn cứ Luật Đầu tư ngày 17 tháng 6 năm 2020: 
 Theo đề nghị của Bộ trưởng Bộ Tài chính, 
 Chính phủ ban hành Nghị định quy định chi tiết thi hành một số điều của Luật Kinh doanh bảo hiểm. 
 Chương I 
 NHỮNG QUY ĐỊNH CHUNG",content.csv,Nghị định số 46/2023/NĐ-CP Quy định chi tiết thi hành một số điều của Luật Kinh doanh bảo hiểm,Nghị định,01/07/2023,Hết hiệu lực một phần,"[""Admin"", ""Staff"", ""Guest""]"
163441_art_1,163441,"Điều 1. Phạm vi điều chỉnh 
 Nghị định này quy định chi tiết thi hành khoản 2 Điều 6, khoản 2 Điều 7, khoản 5 Điều 11, điểm b khoản 1 Điều 64, điểm a khoản 2 Điều 64, khoản 3 Điều 65, điểm đ khoản 1 Điều 67, điểm a khoản 2 Điều 67, khoản 6 Điều 69, khoản 4 Điều 71, khoản 4 Điều 74, khoản 2 Điều 77, khoản 5 Điều 81, khoản 4 Điều 83, khoản 5 Điều 87, khoản 1 Điều 89, khoản 3 Điều 93, khoản 6 Điều 94, khoản 4 Điều 97, khoản 2 Điều 98, điểm b khoản 1 và khoản 5 Điều 99, khoản 5 Điều 100, khoản 3 Điều 101, khoản 2 Điều 102, khoản 3 Điều 115, điểm d khoản 2 Điều 125, điểm b khoản 1 và điểm a khoản 2 Điều 133, khoản 2 Điều 134, khoản 4 Điều 136, khoản 1 và khoản 3 Điều 138, khoản 3 Điều 143, khoản 1 Điều 152, khoản 3 Điều 156, điểm b khoản 5",content.csv,Nghị định số 46/2023/NĐ-CP Quy định chi tiết thi hành một số điều của Luật Kinh doanh bảo hiểm,Nghị định,01/07/2023,Hết hiệu lực một phần,"[""Admin"", ""Staff"", ""Guest""]"
163441_art_157,163441,Điều 157 Luật Kinh doanh bảo hiểm.,content.csv,Nghị định số 46/2023/NĐ-CP Quy định chi tiết thi hành một số điều của Luật Kinh doanh bảo hiểm,Nghị định,01/07/2023,Hết hiệu lực một phần,"[""Admin"", ""Staff"", ""Guest""]"
163441_art_2,163441,"Điều 2. Đối tượng áp dụng 
 1. Doanh nghiệp bảo hiểm phi nhân thọ, doanh nghiệp bảo hiểm nhân thọ, doanh nghiệp bảo hiểm sức khỏe (sau đây gọi là doanh nghiệp bảo hiểm), doanh nghiệp tái bảo hiểm, đại lý bảo hiểm, doanh nghiệp môi giới bảo hiểm, tổ chức, cá nhân cung cấp dịch vụ phụ trợ bảo hiểm, tổ chức tương hỗ cung cấp bảo hiểm vi mô. 
 2. Chi nhánh doanh nghiệp bảo hiểm phi nhân thọ nước ngoài, chi nhánh doanh nghiệp tái bảo hiểm nước ngoài (sau đây gọi là chi nhánh nước ngoài tại Việt Nam); Văn phòng đại diện của doanh nghiệp bảo hiểm nước ngoài, doanh nghiệp tái bảo hiểm nước ngoài, doanh nghiệp môi giới bảo hiểm nước ngoài, tập đoàn tài chính, bảo hiểm nước ngoài tại Việt Nam (sau đây gọi là văn phòng đại diện nước ngoài tại Việt Nam). 
 3. Bên mua bảo hiểm, người được bảo hiểm, người thụ hưởng 
 4. Cơ quan quản lý nhà nước về hoạt động kinh doanh bảo hiểm. 
 5. Tổ chức và cá nhân có liên quan đến hoạt động kinh doanh bảo hiểm.",content.csv,Nghị định số 46/2023/NĐ-CP Quy định chi tiết thi hành một số điều của Luật Kinh doanh bảo hiểm,Nghị định,01/07/2023,Hết hiệu lực một phần,"[""Admin"", ""Staff"", ""Guest""]"
163441_art_3,163441,"Điều 3. Nghiệp vụ bảo hiểm nhân thọ 
 Các loại nghiệp vụ bảo hiểm nhân thọ bao gồm: 
 1. Bảo hiểm trọn đời. 
 2. Bảo hiểm sinh kỳ. 
 3. Bảo hiểm tử kỳ. 
 4. Bảo hiểm hỗn hợp. 
 5. Bảo hiểm trả tiền định kỳ. 
 6. Bảo hiểm liên kết đầu tư (bao gồm bảo hiểm liên kết chung và bảo hiểm liên kết đơn vị) theo quy định tại Chương VII Nghị định này. 
 7. Bảo hiểm hưu trí theo quy định tại Chương VII Nghị định này.",content.csv,Nghị định số 46/2023/NĐ-CP Quy định chi tiết thi hành một số điều của Luật Kinh doanh bảo hiểm,Nghị định,01/07/2023,Hết hiệu lực một phần,"[""Admin"", ""Staff"", ""Guest""]"
163441_art_4,163441,"Điều 4. Nghiệp vụ bảo hiểm phi nhân thọ 
 Các loại nghiệp vụ bảo hiểm phi nhân thọ bao gồm: 
 1. Bảo hiểm tài sản. 
 2. Bảo hiểm hàng hóa vận chuyển. 
 3. Bảo hiểm hàng không 
 4. Bảo hiểm xe cơ giới. 
 5. Bảo hiểm cháy, nổ. 
 6. Bảo hiểm thân tàu và trách nhiệm dân sự của chủ tàu. 
 7. Bảo hiểm trách nhiệm. 
 8. Bảo hiểm tín dụng và rủi ro tài chính. 
 9. Bảo hiểm nông nghiệp. 
 10. Bảo hiểm bảo lãnh. 
 11. Bảo hiểm thiệt hại khác.",content.csv,Nghị định số 46/2023/NĐ-CP Quy định chi tiết thi hành một số điều của Luật Kinh doanh bảo hiểm,Nghị định,01/07/2023,Hết hiệu lực một phần,"[""Admin"", ""Staff""]"
163441_art_5,163441,"Điều 5. Nghiệp vụ bảo hiểm sức khỏe 
 Các loại nghiệp vụ bảo hiểm sức khỏe bao gồm: 
 1. Bảo hiểm sức khỏe, thân thể. 
 2. Bảo hiểm chi phí y tế.",content.csv,Nghị định số 46/2023/NĐ-CP Quy định chi tiết thi hành một số điều của Luật Kinh doanh bảo hiểm,Nghị định,01/07/2023,Hết hiệu lực một phần,"[""Admin"", ""Staff"", ""Guest""]"
163441_art_6,163441,"Điều 6. Nguyên tắc xây dựng, quản lý, khai thác và sử dụng Cơ sở dữ liệu về hoạt động kinh doanh bảo hiểm 
 1. Cơ sở dữ liệu về hoạt động kinh doanh bảo hiểm là cơ sở dữ liệu chuyên ngành quản lý bảo hiểm do Bộ Tài chính xây dựng và quản lý tập trung, thống nhất. 
 2. Cơ sở dữ liệu về hoạt động kinh doanh bảo hiểm là tập hợp tài liệu, dữ liệu thông tin về hoạt động kinh doanh bảo hiểm và các thông tin liên quan đã được thu thập, xử lý, số hóa, tích hợp và lưu trữ trên các hệ thống công nghệ thông tin; đảm bảo đáp ứng yêu cầu công tác hoạch định chính sách, thống kê, dự báo và quản lý giám sát hoạt động kinh doanh bảo hiểm, tạo lập môi trường cho việc áp dụng các mô hình phân tích dữ liệu cơ bản phục vụ hoạt động quản lý, giám sát bảo hiểm. 
 3. Việc xây dựng, quản lý, khai thác và sử dụng Cơ sở dữ liệu về hoạt động kinh doanh bảo hiểm phải đảm bảo các nguyên tắc sau: 
 a) Cơ sở dữ liệu về hoạt động kinh doanh bảo hiểm phải được cập nhật, duy trì thường xuyên, phục vụ kịp thời công tác quản lý nhà nước về hoạt động kinh doanh bảo hiểm; 
 b) Cơ sở dữ liệu về hoạt động kinh doanh bảo hiểm phải được duy trì hoạt động liên tục, ổn định, thông suốt, thể hiện lịch sử các lần cập nhật, chỉnh sửa thông tin; được lưu trữ, bảo mật, bảo đảm an toàn thông tin; 
 c) Việc xây dựng, quản lý, khai thác và sử dụng Cơ sở dữ liệu về hoạt động kinh doanh bảo hiểm phải tuân thủ các quy định của Luật Kinh doanh bảo hiểm, Luật Công nghệ thông tin, Luật Giao dịch điện tử; quy định về quản lý, kết nối và chia sẻ dữ liệu số của cơ quan nhà nước; các quy định về bảo đảm bảo vệ đời sống riêng tư, bí mật cá nhân, bí mật gia đình, bảo vệ bí mật kinh doanh của doanh nghiệp và các quy định pháp luật khác có liên quan.",content.csv,Nghị định số 46/2023/NĐ-CP Quy định chi tiết thi hành một số điều của Luật Kinh doanh bảo hiểm,Nghị định,01/07/2023,Hết hiệu lực một phần,"[""Admin"", ""Staff"", ""Guest""]"
163441_art_7,163441,"Điều 7. Thông tin trong Cơ sở dữ liệu về hoạt động kinh doanh bảo hiểm 
 Cơ sở dữ liệu về hoạt động kinh doanh bảo hiểm bao gồm các thông tin sau: 
 1. Nhóm thông tin về doanh nghiệp bảo hiểm, doanh nghiệp tái bảo hiểm, chi nhánh nước ngoài tại Việt Nam, doanh nghiệp môi giới bảo hiểm, tổ chức tương hỗ cung cấp bảo hiểm vi mô, văn phòng đại diện nước ngoài tại Việt Nam: 
 a) Thông tin về giấy phép thành lập và hoạt động, giấy phép đặt văn phòng đại diện nước ngoài tại Việt Nam; 
 b) Thông tin về tình hình tài chính và hoạt động nghiệp vụ tại các báo cáo: 
 Báo cáo tài chính, báo cáo hoạt động nghiệp vụ, báo cáo tách nguồn vốn chủ sở hữu, nguồn phí bảo hiểm, báo cáo đánh giá khả năng thanh toán và quản trị rủi ro, các báo cáo khác của doanh nghiệp bảo hiểm, doanh nghiệp tái bảo hiểm, chi nhánh nước ngoài tại Việt Nam theo quy định tại",content.csv,Nghị định số 46/2023/NĐ-CP Quy định chi tiết thi hành một số điều của Luật Kinh doanh bảo hiểm,Nghị định,01/07/2023,Hết hiệu lực một phần,"[""Admin"", ""Staff""]"
163441_art_106,163441,"Điều 106 của Luật Kinh doanh bảo hiểm; 
 Báo cáo tài chính, báo cáo hoạt động nghiệp vụ định kỳ, báo cáo đột xuất, cung cấp thông tin, số liệu khác của doanh nghiệp môi giới bảo hiểm theo quy định tại khoản 5",content.csv,Nghị định số 46/2023/NĐ-CP Quy định chi tiết thi hành một số điều của Luật Kinh doanh bảo hiểm,Nghị định,01/07/2023,Hết hiệu lực một phần,"[""Admin"", ""Staff"", ""Guest""]"
163441_art_138,163441,"Điều 138 Luật Kinh doanh bảo hiểm; 
 Báo cáo tài chính, báo cáo nghiệp vụ và báo cáo khác của tổ chức tương hỗ cung cấp bảo hiểm vi mô theo quy định. 
 c) Thông tin về: Người quản lý, người kiểm soát của doanh nghiệp bảo hiểm, doanh nghiệp tái bảo hiểm, chi nhánh nước ngoài tại Việt Nam; thành viên Hội đồng quản trị, thành viên Hội đồng thành viên, Giám đốc hoặc Tổng giám đốc, người đại diện theo pháp luật, Phó Giám đốc hoặc Phó Tổng giám đốc, Kế toán trưởng, trưởng bộ phận nghiệp vụ của doanh nghiệp môi giới bảo hiểm (sau đây gọi là người quản lý của doanh nghiệp môi giới bảo hiểm); Chủ tịch Hội đồng quản trị, Tổng Giám đốc hoặc Giám đốc, Chuyên gia tính toán của tổ chức tương hỗ cung cấp bảo hiểm vi mô. Thông tin bao gồm: Ngày bổ nhiệm, ngày miễn nhiệm hoặc không còn giữ chức vụ (nếu có); văn bằng, chứng chỉ, kinh nghiệm làm việc trong lĩnh vực bảo hiểm, tài chính, ngân hàng hoặc các lĩnh vực khác tương ứng với từng chức danh quy định tại Điều 80, khoản 1",content.csv,Nghị định số 46/2023/NĐ-CP Quy định chi tiết thi hành một số điều của Luật Kinh doanh bảo hiểm,Nghị định,01/07/2023,Hết hiệu lực một phần,"[""Admin""]"
163441_art_149,163441,"Điều 149 Luật Kinh doanh bảo hiểm. 
 2. Nhóm thông tin về bên mua bảo hiểm, người được bảo hiểm, đối tượng bảo hiểm theo hợp đồng bảo hiểm có hiệu lực và phát sinh mới trong kỳ báo cáo, bao gồm: 
 a) Đối với bảo hiểm nhân thọ: Thông tin về số lượng người được bảo hiểm (chi tiết theo rủi ro được bảo hiểm, độ tuổi tham gia bảo hiểm, thời hạn bảo hiểm, năm hợp đồng bảo hiểm xảy ra rủi ro, giới tính, thói quen sinh hoạt ảnh hưởng tới sức khỏe), xác suất người được bảo hiểm còn sống theo từng năm và các thông tin khác có liên quan phục vụ xây dựng các tỷ lệ rủi ro bảo hiểm; 
 b) Đối với bảo hiểm sức khỏe: Thông tin về số lượng hợp đồng bảo hiểm, số lượng người được bảo hiểm, số lượng hồ sơ bồi thường, tổng số tiền chi trả bảo hiểm (chi tiết theo độ tuổi, quyền lợi bảo hiểm) và các thông tin khác có liên quan phục vụ xây dựng các tỷ lệ rủi ro bảo hiểm; 
 c) Đối với bảo hiểm phi nhân thọ: Thông tin về số lượng hợp đồng bảo hiểm, tổng số tiền bảo hiểm, số lượng hồ sơ bồi thường bảo hiểm, tổng số tiền bồi thường bảo hiểm (chi tiết theo đối tượng bảo hiểm; chủng loại và mục đích sử dụng) và các thông tin khác có liên quan phục vụ xây dựng các tỷ lệ rủi ro bảo hiểm. 
 3. Nhóm thông tin về đại lý bảo hiểm: Các báo cáo về đào tạo và sử dụng đại lý bảo hiểm của doanh nghiệp bảo hiểm, chi nhánh doanh nghiệp bảo hiểm phi nhân thọ nước ngoài, tổ chức tương hỗ cung cấp bảo hiểm vi mô theo quy định tại điểm k khoản 2",content.csv,Nghị định số 46/2023/NĐ-CP Quy định chi tiết thi hành một số điều của Luật Kinh doanh bảo hiểm,Nghị định,01/07/2023,Hết hiệu lực một phần,"[""Admin"", ""Staff""]"
163441_art_128,163441,"Điều 128 của Luật Kinh doanh bảo hiểm. 
 4. Nhóm thông tin về thi, cấp chứng chỉ bảo hiểm, chứng chỉ phụ trợ bảo hiểm, chứng chỉ môi giới bảo hiểm, gồm: Thông tin định danh của người được cấp chứng chỉ; tên loại chứng chỉ; tên cơ sở đào tạo; mã số kỳ thi; quyết định phê duyệt kết quả thi. 
 5. Nhóm thông tin quản lý giám sát và xử phạt vi phạm hành chính về hoạt động kinh doanh bảo hiểm: Tên tổ chức, cá nhân bị xử phạt, số quyết định xử phạt, ngày xử phạt, hành vi vi phạm, hình thức và mức xử phạt, biện pháp khắc phục hậu quả (nếu có). 
 6. Bộ trưởng Bộ Tài chính quy định chi tiết biểu mẫu các thông tin quy định tại điểm c khoản 1 và khoản 2 Điều này.",content.csv,Nghị định số 46/2023/NĐ-CP Quy định chi tiết thi hành một số điều của Luật Kinh doanh bảo hiểm,Nghị định,01/07/2023,Hết hiệu lực một phần,"[""Admin"", ""Staff""]"
163441_art_8,163441,"Điều 8. Thu thập thông tin trong Cơ sở dữ liệu về hoạt động kinh doanh bảo hiểm 
 1. Trách nhiệm cung cấp, cập nhật thông tin: 
 a) Thông tin quy định tại điểm b và điểm c khoản 1",content.csv,Nghị định số 46/2023/NĐ-CP Quy định chi tiết thi hành một số điều của Luật Kinh doanh bảo hiểm,Nghị định,01/07/2023,Hết hiệu lực một phần,"[""Admin"", ""Staff"", ""Guest""]"
163441_art_11,163441,"Điều 11 Luật Kinh doanh bảo hiểm có trách nhiệm thực hiện kết nối và cung cấp đầy đủ, chính xác các thông tin cho cơ sở dữ liệu về hoạt động kinh doanh bảo hiểm theo quy định tại Nghị định này. Trường hợp phát hiện thông tin không đầy đủ hoặc không chính xác, tổ chức cung cấp thông tin phải rà soát, chỉnh sửa, cập nhật và báo cáo Bộ Tài chính. 
 2. Hình thức cung cấp, cập nhật thông tin: 
 Việc cung cấp, cập nhật thông tin phục vụ xây dựng Cơ sở dữ liệu về hoạt động kinh doanh bảo hiểm được thực hiện dưới các hình thức trực tuyến tại Cổng thông tin điện tử của Cơ sở dữ liệu về hoạt động kinh doanh bảo hiểm hoặc dưới dạng các tệp dữ liệu điện tử. 
 3. Thời hạn cung cấp, cập nhật thông tin: 
 a) Thông tin quy định tại điểm a và điểm c khoản 1",content.csv,Nghị định số 46/2023/NĐ-CP Quy định chi tiết thi hành một số điều của Luật Kinh doanh bảo hiểm,Nghị định,01/07/2023,Hết hiệu lực một phần,"[""Admin"", ""Staff"", ""Guest""]"
163441_art_9,163441,"Điều 9. Sử dụng thông tin từ Cơ sở dữ liệu về hoạt động kinh doanh bảo hiểm 
 1. Việc sử dụng thông tin từ Cơ sở dữ liệu về hoạt động kinh doanh bảo hiểm phải đảm bảo các yêu cầu sau: 
 a) Bộ Tài chính sử dụng dữ liệu từ Cơ sở dữ liệu về hoạt động kinh doanh bảo hiểm phục vụ các hoạt động quản lý nhà nước về kinh doanh bảo hiểm; 
 b) Các cơ quan quản lý nhà nước theo chức năng, nhiệm vụ sử dụng thông tin phục vụ công tác quản lý nhà nước theo thẩm quyền; 
 c) Các cơ quan, tổ chức và cá nhân được phép khai thác và sử dụng thông tin của mình; thông tin cá nhân của người khác nếu được người đó đồng ý theo quy định của pháp luật; thông tin, số liệu thống kê chung về hoạt động kinh doanh bảo hiểm và thị trường bảo hiểm do Bộ Tài chính công khai trong từng thời kỳ. 
 2. Cơ quan, tổ chức, cá nhân khai thác, sử dụng thông tin từ Cơ sở dữ liệu về hoạt động kinh doanh bảo hiểm qua Cổng thông tin điện tử của Bộ Tài chính.",content.csv,Nghị định số 46/2023/NĐ-CP Quy định chi tiết thi hành một số điều của Luật Kinh doanh bảo hiểm,Nghị định,01/07/2023,Hết hiệu lực một phần,"[""Admin"", ""Staff"", ""Guest""]"
163441_art_10,163441,"Điều 10. Kết nối Cơ sở dữ liệu về hoạt động kinh doanh bảo hiểm 
 Việc kết nối Cơ sở dữ liệu về kinh doanh bảo hiểm với các cơ sở dữ liệu quốc gia và các cơ sở dữ liệu chuyên ngành khác được thực hiện theo quy định tại Nghị định số 47/2020/NĐ-CP ngày 09 tháng 4 năm 2020 của Chính phủ về quản lý, kết nối và chia sẻ dữ liệu số trong cơ quan nhà nước và pháp luật chuyên ngành. 
 Chương II 
 DOANH NGHIỆP BẢO HIỂM, DOANH NGHIỆP TÁI BẢO HIỂM, 
 CHI NHÁNH NƯỚC NGOÀI TẠI VIỆT NAM 
 Mục 1 
 CÁP GIẤY PHÉP THÀNH LẬP VÀ HOẠT ĐỘNG",content.csv,Nghị định số 46/2023/NĐ-CP Quy định chi tiết thi hành một số điều của Luật Kinh doanh bảo hiểm,Nghị định,01/07/2023,Hết hiệu lực một phần,"[""Admin"", ""Staff"", ""Guest""]"
163441_art_67,163441,"Điều 67 Luật Kinh doanh bảo hiểm và điều kiện về tài chính sau đây: 
 a) Điều kiện quy định tại điểm a và điểm d khoản 1 Điều này; 
 b) Được cơ quan có thẩm quyền của nước ngoài nơi doanh nghiệp bảo hiểm phi nhân thọ, doanh nghiệp tái bảo hiểm nước ngoài đóng trụ sở chính xác nhận đảm bảo duy trì và đáp ứng các điều kiện an toàn tài chính và không vi phạm nghiêm trọng các quy định của pháp luật về kinh doanh bảo hiểm trong thời hạn 03 năm liên tục gần nhất tính đến thời điểm nộp hồ sơ đề nghị cấp Giấy phép thành lập và hoạt động.",content.csv,Nghị định số 46/2023/NĐ-CP Quy định chi tiết thi hành một số điều của Luật Kinh doanh bảo hiểm,Nghị định,01/07/2023,Hết hiệu lực một phần,"[""Admin"", ""Staff"", ""Guest""]"
163441_art_12,163441,"Điều 12. Hồ sơ đề nghị cấp Giấy phép thành lập và hoạt động của công ty trách nhiệm hữu hạn bảo hiểm, công ty trách nhiệm hữu hạn tái bảo hiểm 
 1. Đơn đề nghị cấp Giấy phép theo mẫu quy định tại Phụ lục I ban hành kèm theo Nghị định này. 
 2. Dự thảo Điều lệ công ty theo quy định tại Luật Doanh nghiệp.&nbsp; 
 3. Phương án hoạt động 05 năm đầu phù hợp với lĩnh vực kinh doanh đề nghị cấp Giấy phép, trong đó nêu rõ các nghiệp vụ bảo hiểm dự kiến triển khai, thị trường mục tiêu, kênh phân phối, phương pháp trích lập dự phòng nghiệp vụ, chương trình tái bảo hiểm, đầu tư vốn, hiệu quả kinh doanh, khả năng thanh toán, kiểm soát nội bộ, kiểm toán nội bộ, quản trị rủi ro, công nghệ thông tin của doanh nghiệp bảo hiểm, doanh nghiệp tái bảo hiểm. 
 4. Bản sao thẻ căn cước công dân hoặc giấy chứng minh nhân dân hoặc hộ chiếu; phiếu lý lịch tư pháp theo mẫu hoặc giấy tờ tương đương của người nước ngoài do pháp luật nước ngoài quy định; sơ yếu lý lịch, bản sao văn bằng, chứng chỉ và tài liệu khác chứng minh đáp ứng điều kiện, tiêu chuẩn của người dự kiến được bổ nhiệm là Chủ tịch Hội đồng thành viên, Giám đốc hoặc Tổng Giám đốc, Người đại diện theo pháp luật, Chuyên gia tính toán của doanh nghiệp bảo hiểm, doanh nghiệp tái bảo hiểm. 
 5. Danh sách thành viên góp vốn và các giấy tờ kèm theo sau đây: 
 a) Bản sao quyết định thành lập hoặc giấy chứng nhận đăng ký kinh doanh hoặc tài liệu tương đương khác; 
 b) Bán sao Điều lệ công ty; 
 c) Văn bản của cấp có thẩm quyền của tổ chức góp vốn quyết định việc tham gia góp vốn thành lập doanh nghiệp bảo hiểm, doanh nghiệp tái bảo hiểm; 
 d) Văn bản ủy quyền, bản sao thẻ căn cước công dân hoặc giấy chứng minh nhân dân hoặc hộ chiếu của người đại diện theo ủy quyền của tổ chức góp vốn; 
 đ) Bản sao báo cáo tài chính đã được kiểm toán cho 03 năm tài chính liền kề trước năm nộp hồ sơ đề nghị cấp Giấy phép thành lập và hoạt động. Trường hợp doanh nghiệp bảo hiểm, doanh nghiệp tái bảo hiểm, tập đoàn tài chính, bảo hiểm nước ngoài ủy quyền cho công ty con góp vốn thành lập doanh nghiệp bảo hiểm, doanh nghiệp tái bảo hiểm tại Việt Nam thì phải cung cấp thêm bản sao báo cáo tài chính đã được kiểm toán của công ty con đó trong 03 năm tài chính liền kề trước năm nộp hồ sơ đề nghị cấp Giấy phép thành lập và hoạt động. 
 Báo cáo tài chính đã được kiểm toán của doanh nghiệp bảo hiểm, doanh nghiệp tái bảo hiểm, tập đoàn tài chính, bảo hiểm nước ngoài và công ty con của doanh nghiệp bảo hiểm, doanh nghiệp tái bảo hiểm, tập đoàn tài chính, bảo hiểm nước ngoài phải đáp ứng quy định tại điểm d khoản 1",content.csv,Nghị định số 46/2023/NĐ-CP Quy định chi tiết thi hành một số điều của Luật Kinh doanh bảo hiểm,Nghị định,01/07/2023,Hết hiệu lực một phần,"[""Admin""]"
163441_art_65,163441,"Điều 65 Luật Kinh doanh bảo hiểm. 
 6. Danh sách các chủ sở hữu hưởng lợi gồm các thông tin về họ tên, ngày tháng năm sinh, số chứng minh nhân dân hoặc căn cước công dân hoặc số hộ chiếu, quốc tịch (trường hợp có nhiều quốc tịch thì phải ghi đầy đủ các quốc tịch và các địa chỉ đăng ký cư trú tại các quốc gia mang quốc tịch), địa chỉ cư trú tại Việt Nam (nếu có), tỷ lệ sở hữu trực tiếp và gián tiếp tại doanh nghiệp bảo hiểm, doanh nghiệp tái bảo hiểm dự kiến thành lập. 
 7. Xác nhận của ngân hàng được phép hoạt động tại Việt Nam về mức vốn điều lệ gửi tại tài khoản phong tỏa mở tại ngân hàng không thấp hơn mức vốn điều lệ tối thiểu quy định tại",content.csv,Nghị định số 46/2023/NĐ-CP Quy định chi tiết thi hành một số điều của Luật Kinh doanh bảo hiểm,Nghị định,01/07/2023,Hết hiệu lực một phần,"[""Admin"", ""Staff"", ""Guest""]"
163441_art_35,163441,"Điều 35 Nghị định này. Trong đó, nêu rõ số tiền góp vốn của từng thành viên, số tiền phong tỏa, mục đích phong tỏa, thời hạn phong tỏa và điều kiện để mở phong tỏa. 
 8. Biên bản họp của các thành viên góp vốn (đối với hồ sơ đề nghị thành lập công ty trách nhiệm hữu hạn 2 thành viên trở lên) về việc: 
 a) Nhất trí góp vốn thành lập công ty trách nhiệm hữu hạn bảo hiểm hoặc công ty trách nhiệm hữu hạn tái bảo hiểm, kèm theo danh sách các thành viên góp vốn; 
 b) Thông qua dự thảo Điều lệ công ty. 
 9. Văn bản của cơ quan có thẩm quyền của nước nơi doanh nghiệp bảo hiểm, doanh nghiệp tái bảo hiểm, tập đoàn tài chính, bảo hiểm nước ngoài góp vốn đặt trụ sở chính xác nhận: 
 a) Doanh nghiệp bảo hiểm, doanh nghiệp tái bảo hiểm, tập đoàn tài chính, bảo hiểm nước ngoài được phép thành lập doanh nghiệp bảo hiểm, doanh nghiệp tái bảo hiểm tại Việt Nam. Trường hợp quy định của nước nơi doanh nghiệp, tập đoàn đặt trụ sở chính không yêu cầu phải có văn bản chấp thuận thì phải có văn bản xác nhận của cơ quan, tổ chức, cá nhân có thẩm quyền theo quy định của pháp luật nước đó; 
 b) Doanh nghiệp bảo hiểm, doanh nghiệp tái bảo hiểm, tập đoàn tài chính, bảo hiểm nước ngoài đang hoạt động trong lĩnh vực dự kiến tiến hành hoạt động ở Việt Nam; 
 c) Doanh nghiệp bảo hiểm, doanh nghiệp tái bảo hiểm, tập đoàn tài chính, bảo hiểm nước ngoài đang trong tình trạng tài chính lành mạnh và đáp ứng đầy đủ các yêu cầu quản lý tại nước nơi doanh nghiệp, tập đoàn đặt trụ sở chính; 
 d) Không vi phạm nghiêm trọng các quy định của pháp luật về kinh doanh bảo hiểm của nước nơi doanh nghiệp, tập đoàn đặt trụ sở chính trong thời hạn 03 năm liên tục gần nhất tính đến thời điểm nộp hồ sơ đề nghị cấp Giấy phép thành lập và hoạt động. 
 10. Văn bản của cơ quan nhà nước có thẩm quyền về việc tổ chức Việt Nam góp vốn đáp ứng các điều kiện an toàn tài chính và được phép góp vốn thành lập doanh nghiệp bảo hiểm, doanh nghiệp tái bảo hiểm theo quy định pháp luật. Trường hợp pháp luật liên quan không yêu cầu phải có văn bản chấp thuận thì tổ chức góp vốn phải có văn bản xác nhận việc này. 
 11. Văn bản cam kết của các thành viên góp vốn đối với việc đáp ứng điều kiện để được cấp Giấy phép theo quy định tại",content.csv,Nghị định số 46/2023/NĐ-CP Quy định chi tiết thi hành một số điều của Luật Kinh doanh bảo hiểm,Nghị định,01/07/2023,Hết hiệu lực một phần,"[""Admin"", ""Staff"", ""Guest""]"
163441_art_13,163441,"Điều 13. Hồ sơ đề nghị cấp Giấy phép thành lập và hoạt động của công ty cổ phần bảo hiểm, công ty cổ phần tái bảo hiểm 
 1. Đơn đề nghị cấp Giấy phép theo mẫu quy định tại Phụ lục I ban hành kèm theo Nghị định này. 
 2. Dự thảo Điều lệ công ty theo quy định tại Luật Doanh nghiệp. 
 3. Phương án hoạt động 05 năm đầu phù hợp với lĩnh vực kinh doanh đề nghị cấp Giấy phép, trong đó nêu rõ các nghiệp vụ bảo hiểm dự kiến triển khai, thị trường mục tiêu, kênh phân phối, phương pháp trích lập dự phòng nghiệp vụ, chương trình tái bảo hiểm, đầu tư vốn, hiệu quả kinh doanh, khả năng thanh toán, kiểm soát nội bộ, kiểm toán nội bộ, quản trị rủi ro, công nghệ thông tin của doanh nghiệp bảo hiểm, doanh nghiệp tái bảo hiểm. 
 4. Bản sao thẻ căn cước công dân hoặc giấy chứng minh nhân dân hoặc hộ chiếu; phiếu lý lịch tư pháp theo mẫu hoặc giấy tờ tương đương của người nước ngoài do pháp luật nước ngoài quy định; sơ yếu lý lịch, bản sao các văn bằng, chứng chỉ và tài liệu khác chứng minh đáp ứng điều kiện, tiêu chuẩn của người dự kiến được bổ nhiệm là Chủ tịch Hội đồng quản trị, Giám đốc hoặc Tổng Giám đốc, Người đại diện theo pháp luật, Chuyên gia tính toán của doanh nghiệp bảo hiểm, doanh nghiệp tái bảo hiểm. 
 5. Hồ sơ của cổ đông góp vốn thành lập là cá nhân: 
 a) Bản sao thẻ căn cước công dân hoặc giấy chứng minh nhân dân hoặc hộ chiếu; phiếu lý lịch tư pháp theo mẫu hoặc giấy tờ tương đương của người nước ngoài do pháp luật nước ngoài quy định; 
 b) Xác nhận của ngân hàng về số dư tiền Đồng Việt Nam hoặc ngoại tệ tự do chuyển đổi gửi tại ngân hàng. 
 6. Hồ sơ của cô đóng góp từ 10% vốn điều lệ trở lên là tổ chức: 
 a) Bản sao quyết định thành lập hoặc giấy chứng nhận đăng ký kinh doanh hoặc tài liệu tương đương khác; 
 b) Bản sao Điều lệ công ty; 
 c) Văn bản của cấp có thẩm quyền của tổ chức góp vốn quyết định việc tham gia góp vốn thành lập doanh nghiệp bảo hiểm, doanh nghiệp tái bảo hiểm; 
 d) Văn bản ủy quyền, bản sao thẻ căn cước công dân hoặc giấy chứng minh nhân dân hoặc hộ chiếu của người đại diện theo ủy quyền của tổ chức góp vốn; 
 đ) Bản sao báo cáo tài chính đã được kiểm toán cho 03 năm tài chính liền kề trước năm nộp hồ sơ đề nghị cấp Giấy phép. Trường hợp doanh nghiệp bảo hiểm, doanh nghiệp tái bảo hiểm, tập đoàn tài chính, bảo hiểm nước ngoài ủy quyền cho công ty con góp vốn thành lập doanh nghiệp bảo hiểm, doanh nghiệp tái bảo hiểm tại Việt Nam thì phải cung cấp thêm bản sao báo cáo tài chính đã được kiểm toán của công ty con đó trong 03 năm tài chính liền kề trước năm nộp hồ sơ đề nghị cấp Giấy phép thành lập và hoạt động. 
 Báo cáo tài chính đã được kiểm toán của doanh nghiệp bảo hiểm, doanh nghiệp tái bảo hiểm, tập đoàn tài chính, bảo hiểm nước ngoài và công ty con của doanh nghiệp bảo hiểm, doanh nghiệp tái bảo hiểm, tập đoàn tài chính, bảo hiểm nước ngoài đều phải đáp ứng quy định tại điểm d khoản 1",content.csv,Nghị định số 46/2023/NĐ-CP Quy định chi tiết thi hành một số điều của Luật Kinh doanh bảo hiểm,Nghị định,01/07/2023,Hết hiệu lực một phần,"[""Admin""]"
163441_art_66,163441,"Điều 66 Luật Kinh doanh bảo hiểm. 
 7. Hồ sơ của cổ đông góp vốn dưới 10% vốn điều lệ là tổ chức: 
 a) Tài liệu quy định tại các điểm a, b, c, d khoản 6 Điều này; 
 b) Bản sao báo cáo tài chính đã được kiểm toán cho năm tài chính liền kề trước năm nộp hồ sơ đề nghị cấp Giấy phép. 
 8. Danh sách các chủ sở hữu hưởng lợi gồm các thông tin về họ tên, ngày tháng năm sinh, số chứng minh nhân dân hoặc căn cước công dân hoặc sổ hộ chiếu, quốc tịch (trường hợp có nhiều quốc tịch thì phải ghi đầy đủ các quốc tịch và các địa chỉ đăng ký cư trú tại các quốc gia mang quốc tịch), địa chỉ cư trú tại Việt Nam (nếu có), tỷ lệ sở hữu trực tiếp và gián tiếp tại doanh nghiệp bảo hiểm, doanh nghiệp tái bảo hiểm dự kiến thành lập. 
 9. Xác nhận của ngân hàng được phép hoạt động tại Việt Nam về mức vốn điều lệ gửi tại tài khoản phong tỏa mở tại ngân hàng không thấp hơn mức vốn điều lệ tối thiểu quy định tại",content.csv,Nghị định số 46/2023/NĐ-CP Quy định chi tiết thi hành một số điều của Luật Kinh doanh bảo hiểm,Nghị định,01/07/2023,Hết hiệu lực một phần,"[""Admin"", ""Staff"", ""Guest""]"
163441_art_14,163441,"Điều 14. Hồ sơ đề nghị cấp Giấy phép thành lập và hoạt động của chi nhánh nước ngoài tại Việt Nam 
 1. Đơn đề nghị cấp Giấy phép theo mẫu quy định tại Phụ lục I ban hành kèm theo Nghị định này. 
 2. Dự thảo Quy chế tổ chức và hoạt động của chi nhánh nước ngoài tại Việt Nam đã được doanh nghiệp bảo hiểm phi nhân thọ, doanh nghiệp tái bảo hiểm nước ngoài phê chuẩn. 
 3. Phương án hoạt động 05 năm đầu phù hợp với lĩnh vực kinh doanh đề nghị cấp Giấy phép, trong đó nêu rõ các nghiệp vụ dự kiến triển khai, thị trường mục tiêu, kênh phân phối, phương thức trích lập dự phòng nghiệp vụ, chương trình tái bảo hiểm, đầu tư vốn, hiệu quả kinh doanh, khả năng thanh toán, kiểm soát nội bộ, kiểm toán nội bộ, quản trị rủi ro, công nghệ thông tin của chi nhánh nước ngoài tại Việt Nam. 
 4. Bản sao thẻ căn cước công dân hoặc giấy chứng minh nhân dân hoặc hộ chiếu; phiếu lý lịch tư pháp theo mẫu hoặc giấy tờ tương đương của người nước ngoài do pháp luật nước ngoài quy định; sơ yếu lý lịch, bản sao các văn bằng, chứng chỉ và tài liệu khác chứng minh đáp ứng điều kiện, tiêu chuẩn của người dự kiến được bổ nhiệm là Giám đốc, Người đại diện theo pháp luật, Chuyên gia tính toán của chi nhánh nước ngoài tại Việt Nam. 
 5. Tài liệu về doanh nghiệp bảo hiểm phi nhân thọ, doanh nghiệp tái bảo hiểm nước ngoài: 
 a) Bản sao quyết định thành lập hoặc giấy chứng nhận đăng ký kinh doanh hoặc tài liệu tương đương khác; 
 b) Bản sao Điều lệ công ty; 
 c) Văn bản của cấp có thẩm quyền của doanh nghiệp bảo hiểm phi nhân thọ, doanh nghiệp tái bảo hiểm nước ngoài quyết định việc thành lập chi nhánh tại Việt Nam; 
 d) Văn bản ủy quyền, bản sao thẻ căn cước công dân hoặc giấy chứng minh nhân dân hoặc hộ chiếu của người đại diện theo ủy quyền của doanh nghiệp bảo hiểm phi nhân thọ nước ngoài, doanh nghiệp tái bảo hiểm nước ngoài; 
 đ) Bản sao báo cáo tài chính đã được kiểm toán cho 03 năm tài chính liền kề trước năm nộp hồ sơ đề nghị cấp Giấy phép; 
 e) Văn bản cam kết của doanh nghiệp bảo hiểm phi nhân thọ, doanh nghiệp tái bảo hiểm nước ngoài chịu trách nhiệm về mọi nghĩa vụ phát sinh của chi nhánh tại Việt Nam, 
 g) Tài liệu chứng minh doanh nghiệp bảo hiểm phi nhân thọ, doanh nghiệp tái bảo hiểm nước ngoài tham gia góp vốn đáp ứng quy định tại điểm b khoản 1",content.csv,Nghị định số 46/2023/NĐ-CP Quy định chi tiết thi hành một số điều của Luật Kinh doanh bảo hiểm,Nghị định,01/07/2023,Hết hiệu lực một phần,"[""Admin""]"
163441_art_36,163441,"Điều 36 Nghị định này. Trong đó, nêu rõ số tiền góp vốn, số tiền phong tỏa, mục đích phong tỏa, thời hạn phong tỏa và điều kiện để mở phong tỏa. 
 7. Văn bản của cơ quan quản lý nhà nước về bảo hiểm nước ngoài nơi doanh nghiệp bảo hiểm phi nhân thọ, doanh nghiệp tái bảo hiểm nước ngoài đặt trụ sở chính xác nhận: 
 a) Doanh nghiệp bảo hiểm phi nhân thọ, doanh nghiệp tái bảo hiểm nước ngoài được phép thành lập chi nhánh tại Việt Nam và đang hoạt động trong lĩnh vực dự kiến tiến hành hoạt động tại Việt Nam; 
 b) Doanh nghiệp bảo hiểm phi nhân thọ, doanh nghiệp tái bảo hiểm nước ngoài đang trong tình trạng tài chính lành mạnh và đáp ứng đầy đủ các yêu cầu quản lý tại nước nơi doanh nghiệp đặt trụ sở chính; 
 c) Doanh nghiệp bảo hiểm phi nhân thọ, doanh nghiệp tái bảo hiểm nước ngoài không vi phạm nghiêm trọng các quy định của pháp luật về kinh doanh bảo hiểm của nước nơi doanh nghiệp đặt trụ sở chính trong thời hạn 03 năm liên tục gần nhất tính đến thời điểm nộp hồ sơ đề nghị cấp Giấy phép thành lập và hoạt động. 
 8. Văn bản cam kết của doanh nghiệp bảo hiểm phi nhân thọ, doanh nghiệp tái bảo hiểm nước ngoài đáp ứng quy định tại khoản 2",content.csv,Nghị định số 46/2023/NĐ-CP Quy định chi tiết thi hành một số điều của Luật Kinh doanh bảo hiểm,Nghị định,01/07/2023,Hết hiệu lực một phần,"[""Admin"", ""Staff"", ""Guest""]"
163441_art_15,163441,"Điều 15. Tiêu chuẩn chung về việc nộp, bổ sung hồ sơ, tài liệu 
 1. Hồ sơ, tài liệu đề nghị cấp Giấy phép thành lập và hoạt động nộp Bộ Tài chính phải được lập thành 02 bộ trong đó có 01 bộ là bản chính, 01 bộ là bản sao. 
 2. Hồ sơ, tài liệu nộp Bộ Tài chính phải đáp ứng các quy định sau đây: 
 a) Các tài liệu có chữ ký, chức danh và con dấu nước ngoài của tổ chức, cá nhân nước ngoài tại hồ sơ đề nghị phải được hợp pháp hóa lãnh sự theo quy định của pháp luật trong thời hạn 12 tháng tính đến ngày nộp hồ sơ đề nghị, trừ các tài liệu sau đây: Văn bản đề nghị cấp Giấy phép; bản sao thẻ căn cước công dân hoặc giấy chứng minh nhân dân hoặc hộ chiếu; văn bản của cấp có thẩm quyền của doanh nghiệp; văn bản ủy quyền; văn bản cam kết; 
 b) Trường hợp hồ sơ có tài liệu là bản sao thì phải là bản sao từ sổ gốc hoặc được chứng thực; 
 c) Đối với hồ sơ đề nghị cấp Giấy phép thành lập và hoạt động của tổ chức, cá nhân nước ngoài, mỗi bộ gồm 01 bản bằng tiếng Việt và 01 bản bằng tiếng Anh, trừ các văn bản tiếng Việt là bản gốc (hoặc sao từ bản gốc tiếng Việt) được lập tại Việt Nam; 
 d) Tài liệu được lập bằng tiếng nước ngoài phải được gửi kèm bản dịch chúng thực sang tiếng Việt bởi cơ quan có thẩm quyền. Bản dịch các báo cáo tài chính phải được xác nhận của tổ chức, cá nhân được phép hành nghề dịch thuật theo quy định của pháp luật; 
 đ) Phiếu lý lịch tư pháp theo mẫu hoặc giấy tờ tương đương của người nước ngoài do pháp luật nước ngoài quy định được cơ quan có thẩm quyền cấp trước ngày nộp hồ sơ đề nghị không quá 12 tháng, trong đó phải có đầy đủ thông tin về tình trạng án tích và thông tin về việc cấm đảm nhiệm chức vụ, thành lập, quản lý doanh nghiệp, hợp tác xã; 
 c) Sơ yếu lý lịch phải được lập trước ngày nộp hồ sơ đề nghị không quá 06 tháng; 
 g) Các xác nhận của ngân hàng về số dư tiền Đồng Việt Nam hoặc ngoại tệ tự do chuyển đổi gửi tại ngân hàng được phép hoạt động tại Việt Nam quy định tại Nghị định này phải được lập trước ngày nộp hồ sơ đề nghị không quá 06 tháng; 
 h) Trong mỗi bộ hồ sơ phải có danh mục tài liệu. 
 3. Tổ chức, cá nhân tham gia vào quá trình lập hồ sơ, tài liệu phải chịu trách nhiệm trước pháp luật về tính chính xác, trung thực và đầy đủ của hồ sơ, tài liệu. Trường hợp tổ chức, cá nhân gian lận thông tin trong hồ sơ đề nghị cấp giấy phép đề có đủ điều kiện được cấp giấy phép thì trong vòng 05 năm kể từ thời điểm phát hiện hành vi gian lận, Bộ Tài chính có quyền từ chối xem xét cấp Giấy phép đối với các tổ chức, cá nhân này. 
 4. Khi các loại giấy tờ về lai lịch, nhân dạng của công dân Việt Nam thuộc thành phần hồ sơ quy định tại Nghị định này đã được tích hợp trong Cơ sở dữ liệu quốc gia về dân cư, Cơ sở dữ liệu căn cước công dân thì Bộ Tài chính có trách nhiệm khai thác và sử dụng thông tin trong Cơ sở dữ liệu quốc gia về dân cư, Cơ sở dữ liệu căn cước công dân trên cơ sở trao đổi, cung cấp thông tin giữa các cơ quan quản lý nhà nước.",content.csv,Nghị định số 46/2023/NĐ-CP Quy định chi tiết thi hành một số điều của Luật Kinh doanh bảo hiểm,Nghị định,01/07/2023,Hết hiệu lực một phần,"[""Admin"", ""Staff"", ""Guest""]"
163441_art_16,163441,"Điều 16. Trình tự, thủ tục đề nghị cấp Giấy phép thành lập và hoạt động 
 1. Tổ chức, cá nhân đề nghị cấp Giấy phép thành lập và hoạt động chuẩn bị hồ sơ theo quy định tại Nghị định này; nộp trực tiếp tại Bộ Tài chính hoặc gửi qua đường bưu điện hoặc qua hệ thống dịch vụ công trực tuyến nếu đủ điều kiện áp dụng. 
 2. Trong thời hạn 30 ngày kể từ ngày nhận được hồ sơ đề nghị cấp Giấy phép, nếu hồ sơ chưa đầy đủ và hợp lệ, Bộ Tài chính thông báo bằng văn bản yêu cầu bổ sung, sửa đổi hồ sơ. Thời hạn bổ sung, sửa đổi hồ sơ của chủ đầu tư tối đa là 06 tháng kể từ ngày ra thông báo. Trường hợp chủ đầu tư không bổ sung, sửa đổi hồ sơ theo đúng thời hạn quy định, Bộ Tài chính từ chối xem xét cấp Giấy phép. 
 Tổng thời gian để tổ chức, cá nhân bổ sung, sửa đổi hồ sơ tối đa là 12 tháng kể từ ngày Bộ Tài chính thông báo lần đầu. Quá thời hạn trên, tổ chức, cá nhân không hoàn thiện hồ sơ, tài liệu, Bộ Tài chính có quyền từ chối xem xét cấp Giấy phép. 
 3. Trong thời hạn 60 ngày kể từ ngày nhận đủ hồ sơ hợp lệ, Bộ Tài chính cấp Giấy phép thành lập và hoạt động cho doanh nghiệp bảo hiểm, doanh nghiệp tái bảo hiểm, chi nhánh nước ngoài tại Việt Nam theo Phụ lục II ban hành kèm theo Nghị định này. Trường hợp từ chối cấp Giấy phép, Bộ Tài chính có văn bản giải thích rõ lý do. Bộ Tài chính chỉ được từ chối cấp Giấy phép khi tổ chức, cá nhân tham gia góp vốn hoặc doanh nghiệp bảo hiểm, doanh nghiệp tái bảo hiểm, chi nhánh nước ngoài tại Việt Nam dự kiến thành lập không đáp ứng đủ điều kiện, hồ sơ cấp Giấy phép theo quy định tại Nghị định này hoặc tổ chức, cá nhân gian lận, giả mạo các giấy tờ, tài liệu quy định tại khoản 3",content.csv,Nghị định số 46/2023/NĐ-CP Quy định chi tiết thi hành một số điều của Luật Kinh doanh bảo hiểm,Nghị định,01/07/2023,Hết hiệu lực một phần,"[""Admin"", ""Staff"", ""Guest""]"
163441_art_17,163441,"Điều 17. Thu hồi Giấy phép thành lập và hoạt động 
 1. Đối với các trường hợp quy định tại các điểm a, d và e khoản 1",content.csv,Nghị định số 46/2023/NĐ-CP Quy định chi tiết thi hành một số điều của Luật Kinh doanh bảo hiểm,Nghị định,01/07/2023,Hết hiệu lực một phần,"[""Admin"", ""Staff"", ""Guest""]"
163441_art_75,163441,"Điều 75 Luật Kinh doanh bảo hiểm, thủ tục thu hồi Giấy phép thành lập và hoạt động của doanh nghiệp bảo hiểm, chi nhánh doanh nghiệp bảo hiểm phi nhân thọ nước ngoài được thực hiện như sau: 
 a) Trong thời hạn 20 ngày kể từ ngày ký biên bản xác định các hành vi vi phạm (đối với trường hợp quy định tại các điểm a, d khoản 1",content.csv,Nghị định số 46/2023/NĐ-CP Quy định chi tiết thi hành một số điều của Luật Kinh doanh bảo hiểm,Nghị định,01/07/2023,Hết hiệu lực một phần,"[""Admin"", ""Staff"", ""Guest""]"
163441_art_34,163441,"Điều 34 Nghị định này; 
 c) Trong thời hạn 20 ngày sau khi nhận được đầy đủ báo cáo của doanh nghiệp bảo hiểm, chi nhánh doanh nghiệp bảo hiểm phi nhân thọ nước ngoài về việc hoàn thành chuyển giao hợp đồng, Bộ Tài chính có quyết định thu hồi Giấy phép thành lập và hoạt động của doanh nghiệp bảo hiểm, chi nhánh doanh nghiệp bảo hiểm phi nhân thọ nước ngoài; 
 d) Doanh nghiệp bảo hiểm thực hiện các thủ tục giải thể, chi nhánh doanh nghiệp bảo hiểm phi nhân thọ nước ngoài tại Việt Nam thực hiện các thủ tục chấm dứt hoạt động theo quy định tại",content.csv,Nghị định số 46/2023/NĐ-CP Quy định chi tiết thi hành một số điều của Luật Kinh doanh bảo hiểm,Nghị định,01/07/2023,Hết hiệu lực một phần,"[""Admin"", ""Staff"", ""Guest""]"
163441_art_115,163441,"Điều 115 Luật Kinh doanh bảo hiểm. 
 2. Đối với các trường hợp quy định tại các điểm a, d và e khoản 1",content.csv,Nghị định số 46/2023/NĐ-CP Quy định chi tiết thi hành một số điều của Luật Kinh doanh bảo hiểm,Nghị định,01/07/2023,Hết hiệu lực một phần,"[""Admin"", ""Staff"", ""Guest""]"
163441_art_18,163441,"Điều 18. Thay đổi tên, địa điểm đặt trụ sở chính của doanh nghiệp bảo hiểm, doanh nghiệp tái bảo hiểm, chi nhánh nước ngoài tại Việt Nam 
 1. Hồ sơ thay đổi tên, địa điểm đặt trụ sở chính của doanh nghiệp bảo hiểm, doanh nghiệp tái bảo hiểm, chi nhánh nước ngoài tại Việt Nam bao gồm các tài liệu sau: 
 a) Văn bản đề nghị thay đổi tên, địa điểm đặt trụ sở chính theo mẫu quy định tại Phụ lục III ban hành kèm theo Nghị định này; 
 b) Văn bản của cấp có thẩm quyền theo quy định tại Điều lệ công ty (đối với doanh nghiệp bảo hiểm, doanh nghiệp tái bảo hiểm) hoặc Quy chế tổ chức và hoạt động (đối với chi nhánh nước ngoài tại Việt Nam) về việc thay đổi tên, địa điểm đặt trụ sở chính; 
 c) Bằng chứng về quyền sử dụng địa điểm đặt trụ sở chính (đối với việc thay đổi trụ sở chính). 
 2. Trong thời hạn 07 ngày làm việc kể từ ngày nhận đủ hồ sơ hợp lệ, Bộ Tài chính có văn bản chấp thuận. Trường hợp từ chối chấp thuận, Bộ Tài chính phải có văn bản giải thích rõ lý do.",content.csv,Nghị định số 46/2023/NĐ-CP Quy định chi tiết thi hành một số điều của Luật Kinh doanh bảo hiểm,Nghị định,01/07/2023,Hết hiệu lực một phần,"[""Admin"", ""Staff"", ""Guest""]"
163441_art_19,163441,"Điều 19. Tăng vốn điều lệ của doanh nghiệp bảo hiểm, doanh nghiệp tái bảo hiểm, vốn được cấp của chi nhánh nước ngoài tại Việt Nam 
 1. Doanh nghiệp bảo hiểm, doanh nghiệp tái bảo hiểm muốn tăng vốn điều lệ, chi nhánh nước ngoài tại Việt Nam muốn tăng vốn được cấp phải đáp ứng các điều kiện sau: 
 a) Việc tăng vốn điều lệ, vốn được cấp được thực hiện bằng tiền Đồng Việt Nam; 
 b) Cổ đông, thành viên góp vốn của doanh nghiệp bảo hiểm, doanh nghiệp tái bảo hiểm, công ty mẹ của chi nhánh nước ngoài tại Việt Nam không được sử dụng vốn vay, nguồn vốn ủy thác đầu tư của các tổ chức, cá nhân khác để bổ sung vốn điều lệ, vốn được cấp cho doanh nghiệp bảo hiểm, doanh nghiệp tái bảo hiểm, chi nhánh nước ngoài tại Việt Nam; 
 c) Sau khi tăng vốn điều lệ, doanh nghiệp bảo hiểm, doanh nghiệp tái bảo hiểm vẫn phải bảo đảm đáp ứng điều kiện về cơ cấu cổ đông quy định tại",content.csv,Nghị định số 46/2023/NĐ-CP Quy định chi tiết thi hành một số điều của Luật Kinh doanh bảo hiểm,Nghị định,01/07/2023,Hết hiệu lực một phần,"[""Admin"", ""Staff"", ""Guest""]"
163441_art_64,163441,Điều 64 và,content.csv,Nghị định số 46/2023/NĐ-CP Quy định chi tiết thi hành một số điều của Luật Kinh doanh bảo hiểm,Nghị định,01/07/2023,Hết hiệu lực một phần,"[""Admin"", ""Staff"", ""Guest""]"
163441_art_37,163441,Điều 37 Nghị định này.,content.csv,Nghị định số 46/2023/NĐ-CP Quy định chi tiết thi hành một số điều của Luật Kinh doanh bảo hiểm,Nghị định,01/07/2023,Hết hiệu lực một phần,"[""Admin"", ""Staff"", ""Guest""]"
163441_art_20,163441,"Điều 20. Giám vốn điều lệ, vốn được cấp 
 1. Doanh nghiệp bảo hiểm, doanh nghiệp tái bảo hiểm, chi nhánh nước ngoài tại Việt Nam muốn giảm vốn điều lệ, vốn được cấp phải đáp ứng các điều kiện sau: 
 a) Doanh nghiệp bảo hiểm, doanh nghiệp tái bảo hiểm, chi nhánh nước ngoài tại Việt Nam đáp ứng đầy đủ các yêu cầu về tài chính theo quy định tại Nghị định này; 
 b) Sau khi giảm vốn điều lệ, vốn được cấp, doanh nghiệp bảo hiểm, doanh nghiệp tái bảo hiểm, chi nhánh nước ngoài tại Việt Nam vẫn phải đảm bảo các quy định về vốn, biên khả năng thanh toán theo quy định của pháp luật và điều kiện về cơ cấu cổ đông quy định tại",content.csv,Nghị định số 46/2023/NĐ-CP Quy định chi tiết thi hành một số điều của Luật Kinh doanh bảo hiểm,Nghị định,01/07/2023,Hết hiệu lực một phần,"[""Admin"", ""Staff"", ""Guest""]"
163441_art_21,163441,"Điều 21. Thay đổi nội dung, phạm vi và thời hạn hoạt động 
 1. Doanh nghiệp bảo hiểm, doanh nghiệp tái bảo hiểm, chi nhánh nước ngoài tại Việt Nam muốn mở rộng nội dung, phạm vi, thời hạn hoạt động được quy định trong Giấy phép thành lập và hoạt động phải đáp ứng các điều kiện sau: 
 a) Đáp ứng các quy định về khả năng thanh toán; 
 b) Không bị xử phạt vi phạm hành chính trong lĩnh vực kinh doanh bảo hiểm trong thời hạn 12 tháng tính đến thời điểm nộp hồ sơ xin mở rộng nội dung và phạm vi hoạt động; 
 c) Trường hợp mở rộng nội dung để triển khai sản phẩm bảo hiểm thuộc nghiệp vụ bảo hiểm liên kết đầu tư, bảo hiểm hưu trí, ngoài các điều kiện quy định tại điểm a và b khoản này, doanh nghiệp bảo hiểm nhân thọ còn phải đáp ứng các điều kiện sau: 
 Trường hợp triển khai bảo hiểm liên kết đầu tư: Có biên khả năng thanh toán cao hơn biên khả năng thanh toán tối thiểu 200 tỷ đồng Việt Nam; 
 Trường hợp triển khai bảo hiểm hưu trí: Có biên khả năng thanh toán cao hơn biên khả năng thanh toán tối thiểu 300 tỷ đồng Việt Nam; 
 Có hệ thống công nghệ thông tin đáp ứng yêu cầu triển khai của từng nghiệp vụ theo quy định tại khoản 2",content.csv,Nghị định số 46/2023/NĐ-CP Quy định chi tiết thi hành một số điều của Luật Kinh doanh bảo hiểm,Nghị định,01/07/2023,Hết hiệu lực một phần,"[""Admin"", ""Staff"", ""Guest""]"
163441_art_97,163441,"Điều 97 Nghị định này. 
 d) Trong trường hợp mở rộng nội dung để triển khai sản phẩm bảo hiểm liên kết đơn vị thuộc nghiệp vụ bảo hiểm liên kết đầu tư, doanh nghiệp bảo hiểm phải có khả năng định giá tài sản và các đơn vị của các quỹ liên kết đơn vị khách quan, chính xác theo định kỳ tối thiểu 01 tuần 01 lần và công bố công khai cho bên mua bảo hiểm về giá mua, giá bán đơn vị quỹ; thành lập Hội đồng đầu tư, sử dụng công ty quản lý quỹ và ngân hàng giám sát đáp ứng các quy định tại các điều 100, 112 và 113 Nghị định này. 
 2. Doanh nghiệp bảo hiểm, doanh nghiệp tái bảo hiểm, chi nhánh nước ngoài tại Việt Nam muốn thu hẹp nội dung, phạm vi hoạt động được quy định trong Giấy phép thành lập và hoạt động phải đáp ứng các điều kiện sau: 
 a) Đã thực hiện đầy đủ nghĩa vụ hiến tại đối với nhà nước; 
 b) Việc thu hẹp nội dung, phạm vi hoạt động không gây thiệt hại đến quyền lợi của người tham gia bảo hiểm và các đối tượng khác có liên quan; 
 c) Đã được Bộ Tài chính chấp thuận việc chuyển giao hợp đồng bảo hiểm theo quy định tại",content.csv,Nghị định số 46/2023/NĐ-CP Quy định chi tiết thi hành một số điều của Luật Kinh doanh bảo hiểm,Nghị định,01/07/2023,Hết hiệu lực một phần,"[""Admin"", ""Staff"", ""Guest""]"
163441_art_112,163441,Điều 112 Nghị định này; tài liệu chứng minh việc Công ty quản lý quỹ đáp ứng các điều kiện quy định tại,content.csv,Nghị định số 46/2023/NĐ-CP Quy định chi tiết thi hành một số điều của Luật Kinh doanh bảo hiểm,Nghị định,01/07/2023,Hết hiệu lực một phần,"[""Admin"", ""Staff"", ""Guest""]"
163441_art_100,163441,"Điều 100 Nghị định này; 
 đ) Cam kết bằng văn bản kèm theo giải trình chi tiết về việc doanh nghiệp bảo hiểm đáp ứng các điều kiện quy định tại các điểm c, d khoản 1 Điều này. 
 5. Trường hợp mở rộng nội dung hoạt động để triển khai nghiệp vụ bảo hiểm hưu trí, ngoài các tài liệu quy định tại các điểm a, b và c khoản 3 Điều này, doanh nghiệp bảo hiểm cung cấp các tài liệu sau: 
 a) Tóm tắt nội dung chính của sản phẩm bảo hiểm hưu trí dự kiến triển khai, bao gồm các thông tin về thị trường mục tiêu của sản phẩm, các quyền lợi bảo hiểm dự kiến cung cấp; phương pháp, cơ sở tính phí; tài liệu giới thiệu sản phẩm; tài liệu minh họa bán hàng, mẫu giấy yêu cầu bảo hiểm; mẫu giấy chứng nhận bảo hiểm và các loại giấy tờ khác mà khách hàng phải kê khai và ký khi mua bảo hiểm hoặc điều chỉnh hợp đồng bảo hiểm; 
 b) Giải trình cơ sở vật chất kỹ thuật bảo đảm cho việc triển khai sản phẩm bảo hiểm hưu trí, bao gồm: Hệ thống công nghệ thông tin; hệ thống kế toán; quy trình tuyển chọn, đào tạo, quản lý đại lý phân phối sản phẩm; nội dung và chương trình đào tạo đại lý bảo hiểm hưu trí; 
 c) Chi tiết phương án xử lý và các tài liệu cung cấp cho khách hàng của doanh nghiệp bảo hiểm đối với việc triển khai sản phẩm bảo hiểm hưu trí trong các trường hợp: Khách hàng yêu cầu trả tiền bảo hiểm khi có sự kiện bảo hiểm; khách hàng yêu cầu chuyển giao tài khoản bảo hiểm hưu trí; đáo hạn hợp đồng bảo hiểm và các trường hợp khác theo quy định tại quy tắc, điều khoản; 
 d) Cam kết bằng văn bản kèm theo giải trình chi tiết về việc doanh nghiệp bảo hiểm đáp ứng các điều kiện quy định tại điểm c khoản 1 Điều này. 
 6. Hồ sơ đề nghị thu hẹp nội dung, phạm vi hoạt động bao gồm: 
 a) Văn bản đề nghị thu hẹp nội dung, phạm vi hoạt động theo mẫu quy định tại Phụ lục III ban hành kèm theo Nghị định này; 
 b) Văn bản của cấp có thẩm quyền theo quy định tại Điều lệ công ty (đối với doanh nghiệp bảo hiểm, doanh nghiệp tái bảo hiểm) hoặc Quy chế tổ chức và hoạt động (đối với chi nhánh nước ngoài tại Việt Nam) về việc thu hẹp nội dung, phạm vi hoạt động; 
 c) Các tài liệu chứng minh doanh nghiệp, chi nhánh đáp ứng các điều kiện theo quy định tại khoản 2 Điều này; 
 d) Hồ sơ chuyển giao danh mục hợp đồng bảo hiểm theo quy định tại",content.csv,Nghị định số 46/2023/NĐ-CP Quy định chi tiết thi hành một số điều của Luật Kinh doanh bảo hiểm,Nghị định,01/07/2023,Hết hiệu lực một phần,"[""Admin"", ""Staff"", ""Guest""]"
163441_art_22,163441,"Điều 22. Chuyển nhượng cổ phần, phần vốn góp dẫn đến cổ đông, thành viên góp vốn sở hữu 10% vốn điều lệ trở lên hoặc giảm xuống dưới 10% vốn điều lệ 
 1. Việc mua bán, chuyển nhượng cổ phần, phân vốn góp dẫn đến cổ đông, thành viên góp vốn sở hữu 10% vốn điều lệ trở lên hoặc giảm xuống dưới 10% vốn điều lệ phải đáp ứng các điều kiện sau: 
 a) Không gây thiệt hại đến quyền và lợi ích hợp pháp của bên mua bảo hiểm, người lao động và Nhà nước; 
 b) Tuân thủ các quy định của pháp luật có liên quan; 
 c) Tổ chức nhận chuyển nhượng cổ phần, phần vốn góp để chiếm trên 10% vốn điều lệ trở lên của doanh nghiệp bảo hiểm, doanh nghiệp tái bảo hiểm đáp ứng các điều kiện quy định tại khoản 1 và điểm b khoản 2 Điều 64, các Điều 65, 66 Luật Kinh doanh bảo hiểm tương ứng với loại hình doanh nghiệp và",content.csv,Nghị định số 46/2023/NĐ-CP Quy định chi tiết thi hành một số điều của Luật Kinh doanh bảo hiểm,Nghị định,01/07/2023,Hết hiệu lực một phần,"[""Admin"", ""Staff"", ""Guest""]"
163441_art_23,163441,"Điều 23. Chia, tách, hợp nhất, sáp nhập, chuyển đổi hình thức doanh nghiệp 
 1. Việc chia, tách, hợp nhất, sáp nhập, chuyển đổi hình thức doanh nghiệp bảo hiểm, doanh nghiệp tái bảo hiểm, chi nhánh nước ngoài tại Việt Nam phải đáp ứng các điều kiện sau: 
 a) Không gây thiệt hại đến quyền và lợi ích hợp pháp của bên mua bảo hiểm, người lao động và Nhà nước; 
 b) Tuân thủ các quy định của pháp luật có liên quan; 
 c) Tổ chức, cá nhân dự kiến góp vốn vào doanh nghiệp bảo hiểm, doanh nghiệp tái bảo hiểm, chi nhánh nước ngoài tại Việt Nam sau khi chia, tách, hợp nhất, sáp nhập, chuyển đổi hình thức phải đáp ứng các điều kiện quy định tại khoản 1 và điểm b khoản 2 Điều 64, các điều 65, 66, khoản 1",content.csv,Nghị định số 46/2023/NĐ-CP Quy định chi tiết thi hành một số điều của Luật Kinh doanh bảo hiểm,Nghị định,01/07/2023,Hết hiệu lực một phần,"[""Admin"", ""Staff"", ""Guest""]"
163441_art_24,163441,"Điều 24. Bổ nhiệm, thay đổi Chủ tịch Hội đồng quản trị (Chủ tịch Hội đồng thành viên), Tổng Giám đốc (Giám đốc), Chuyên gia tính toán. 
 1. Doanh nghiệp bảo hiểm, doanh nghiệp tái bảo hiểm, chi nhánh nước ngoài tại Việt Nam phải được Bộ Tài chính chấp thuận bằng văn bản trước khi bổ nhiệm hoặc thay đổi các chức danh sau: 
 a) Chủ tịch Hội đồng quản trị, Chủ tịch Hội đồng thành viên của doanh nghiệp bảo hiểm, doanh nghiệp tái bảo hiểm; 
 b) Tổng Giám đốc (Giám đốc); 
 c) Chuyên gia tính toán. 
 2. Chủ tịch Hội đồng quản trị, Chủ tịch Hội đồng thành viên, Tổng Giám đốc (Giám đốc), Chuyên gia tính toán dự kiến được bổ nhiệm phải đáp ứng các điều kiện quy định tại",content.csv,Nghị định số 46/2023/NĐ-CP Quy định chi tiết thi hành một số điều của Luật Kinh doanh bảo hiểm,Nghị định,01/07/2023,Hết hiệu lực một phần,"[""Admin""]"
163441_art_81,163441,"Điều 81 Luật Kinh doanh bảo hiểm, Chuyên gia tính toán phải đáp ứng các điều kiện quy định tại",content.csv,Nghị định số 46/2023/NĐ-CP Quy định chi tiết thi hành một số điều của Luật Kinh doanh bảo hiểm,Nghị định,01/07/2023,Hết hiệu lực một phần,"[""Admin"", ""Staff"", ""Guest""]"
163441_art_29,163441,Điều 29 và,content.csv,Nghị định số 46/2023/NĐ-CP Quy định chi tiết thi hành một số điều của Luật Kinh doanh bảo hiểm,Nghị định,01/07/2023,Hết hiệu lực một phần,"[""Admin"", ""Staff"", ""Guest""]"
163441_art_30,163441,"Điều 30 Nghị định này. 
 3. Hồ sơ bổ nhiệm, thay đổi các chức danh quy định tại khoản 1 Điều này bao gồm các tài liệu sau: 
 a) Văn bản đề nghị bổ nhiệm, thay đổi theo mẫu quy định tại Phụ lục III ban hành kèm theo Nghị định này; 
 b) Văn bản của cấp có thẩm quyền theo quy định tại Điều lệ công ty (đối với doanh nghiệp bảo hiểm, doanh nghiệp tái bảo hiểm) hoặc Quy chế tổ chức và hoạt động (đối với chi nhánh nước ngoài tại Việt Nam); 
 c) Phiếu lý lịch tư pháp theo mẫu hoặc giấy tờ tương đương của người nước ngoài do pháp luật nước ngoài quy định đáp ứng quy định tại điểm đ khoản 2",content.csv,Nghị định số 46/2023/NĐ-CP Quy định chi tiết thi hành một số điều của Luật Kinh doanh bảo hiểm,Nghị định,01/07/2023,Hết hiệu lực một phần,"[""Admin""]"
163441_art_25,163441,"Điều 25. Mở, chấm dứt, thay đổi địa điểm chi nhánh, văn phòng đại diện tại Việt Nam của doanh nghiệp bảo hiểm, doanh nghiệp tái bảo hiểm 
 1. Trong vòng 15 ngày kể từ ngày có quyết định của cấp có thẩm quyền về việc mở, chấm dứt, thay đổi địa điểm chi nhánh, văn phòng đại diện tại Việt Nam, doanh nghiệp bảo hiểm, doanh nghiệp tái bảo hiểm phải gửi thông báo bằng văn bản đến Bộ Tài chính kèm các tài liệu sau: 
 a) Văn bản của cấp có thẩm quyền theo quy định tại Điều lệ công ty về việc mở, chấm dứt, thay đổi địa điểm chi nhánh, văn phòng đại diện; 
 b) Báo cáo trách nhiệm, các vấn đề phát sinh và phương án xử lý khi chấm dứt hoạt động chi nhánh, văn phòng đại diện, đảm bảo không gây thiệt hại đến các nghĩa vụ hiện tại đối với nhà nước, quyền lợi của bên mua bảo hiểm và các đối tượng khác có liên quan; 
 c) Bằng chứng về quyền sử dụng địa điểm chi nhánh, văn phòng đại diện trong trường hợp mở, thay đổi địa điểm chi nhánh, văn phòng đại diện. 
 2. Trong thời hạn 07 ngày làm việc kể từ khi nhận đủ hồ sơ hợp lệ, Bộ Tài chính có công văn ghi nhận việc mở, chấm dứt, thay đổi địa điểm chi nhánh, văn phòng đại diện tại Việt Nam của doanh nghiệp bảo hiểm, doanh nghiệp tái bảo hiểm và thông báo cho cơ quan đăng ký kinh doanh. 
 Mục 3 
 TỔ CHỨC HOẠT ĐỘNG",content.csv,Nghị định số 46/2023/NĐ-CP Quy định chi tiết thi hành một số điều của Luật Kinh doanh bảo hiểm,Nghị định,01/07/2023,Hết hiệu lực một phần,"[""Admin"", ""Staff"", ""Guest""]"
163441_art_26,163441,"Điều 26. Điều kiện, tiêu chuẩn đối với Trưởng Ban kiểm soát, Kiểm soát viên 
 1. Các tiêu chuẩn chung quy định tại khoản 1",content.csv,Nghị định số 46/2023/NĐ-CP Quy định chi tiết thi hành một số điều của Luật Kinh doanh bảo hiểm,Nghị định,01/07/2023,Hết hiệu lực một phần,"[""Admin"", ""Staff"", ""Guest""]"
163441_art_27,163441,"Điều 27. Điều kiện, tiêu chuẩn đối với Trưởng bộ phận kiểm toán nội bộ 
 1. Các tiêu chuẩn chung quy định tại khoản 1",content.csv,Nghị định số 46/2023/NĐ-CP Quy định chi tiết thi hành một số điều của Luật Kinh doanh bảo hiểm,Nghị định,01/07/2023,Hết hiệu lực một phần,"[""Admin"", ""Staff"", ""Guest""]"
163441_art_28,163441,"Điều 28. Điều kiện, tiêu chuẩn đối với Trưởng bộ phận quản trị rủi ro, Trưởng bộ phận kiểm soát tuân thủ 
 1. Các tiêu chuẩn chung quy định tại khoản 1",content.csv,Nghị định số 46/2023/NĐ-CP Quy định chi tiết thi hành một số điều của Luật Kinh doanh bảo hiểm,Nghị định,01/07/2023,Hết hiệu lực một phần,"[""Admin"", ""Staff""]"
163441_art_31,163441,"Điều 31. Đình chỉ, tạm đình chỉ việc thực thi quyền, nghĩa vụ của Chủ tịch Hội đồng quản trị, Chủ tịch Hội đồng thành viên, Giám đốc hoặc Tổng Giám đốc, Chuyên gia tính toán 
 1. Trường hợp phát hiện Chủ tịch Hội đồng quản trị, Chủ tịch Hội đồng thành viên, Giám đốc hoặc Tổng Giám đốc, Chuyên gia tính toán của doanh nghiệp bảo hiểm, doanh nghiệp tái bảo hiểm, chi nhánh nước ngoài tại Việt Nam vi phạm nguyên tắc đảm nhiệm chức vụ quy định tại",content.csv,Nghị định số 46/2023/NĐ-CP Quy định chi tiết thi hành một số điều của Luật Kinh doanh bảo hiểm,Nghị định,01/07/2023,Hết hiệu lực một phần,"[""Admin"", ""Staff"", ""Guest""]"
163441_art_82,163441,"Điều 82 của Luật Kinh doanh bảo hiểm hoặc không còn đáp ứng điều kiện, tiêu chuẩn quy định tại",content.csv,Nghị định số 46/2023/NĐ-CP Quy định chi tiết thi hành một số điều của Luật Kinh doanh bảo hiểm,Nghị định,01/07/2023,Hết hiệu lực một phần,"[""Admin"", ""Staff"", ""Guest""]"
163441_art_32,163441,"Điều 32. Thủ tục đăng ký phương pháp, cơ sở tính phí bảo hiểm 
 1. Doanh nghiệp bảo hiểm, chi nhánh doanh nghiệp bảo hiểm phi nhân thọ nước ngoài phải đăng ký và được Bộ Tài chính chấp thuận phương pháp, cơ sở tính phí bảo hiểm của các sản phẩm bảo hiểm thuộc nghiệp vụ bảo hiểm nhân thọ, bảo hiểm sức khỏe và bảo hiểm xe cơ giới, trừ bảo hiểm trách nhiệm dân sự của chủ xe cơ giới trước khi triển khai. 
 2. Doanh nghiệp bảo hiểm, chi nhánh doanh nghiệp bảo hiểm phi nhân thọ nước ngoài phải nộp Bộ Tài chính 01 bộ hồ sơ đăng ký phương pháp, cơ sở tính phí bảo hiểm bao gồm các tài liệu sau: 
 a) Đơn đề nghị đăng ký phương pháp, cơ sở tính phí bảo hiểm theo mẫu quy định tại Phụ lục VII ban hành kèm theo Nghị định này; 
 b) Bản tóm tắt các quyền lợi bảo hiểm và điều khoản loại trừ của sản phẩm bảo hiểm dự kiến triển khai; 
 c) Tài liệu giải trình phương pháp, cơ sở tính phí bảo hiểm bao gồm tối thiểu các thông tin về công thức, phương pháp và cơ sở tính phí bảo hiểm; các khoản phí tính cho khách hàng đối với sản phẩm bảo hiểm thuộc nghiệp vụ bảo hiểm liên kết đầu tư và bảo hiểm hưu trí. Tài liệu giải trình phương pháp, cơ sở tính phí bảo hiểm theo mẫu do Bộ trưởng Bộ Tài chính hướng dẫn. 
 3. Trong thời hạn 30 ngày kể từ ngày nhận được đủ hồ sơ hợp lệ, Bộ Tài chính có văn bản chấp thuận phương pháp, cơ sở tính phí bảo hiểm của doanh nghiệp bảo hiểm, chi nhánh doanh nghiệp bảo hiểm phi nhân thọ nước ngoài. Trường hợp từ chối chấp thuận, Bộ Tài chính có văn bản giải thích rõ lý do. 
 4. Trường hợp thay đổi phương pháp, cơ sở tính phí bảo hiểm của sản phẩm bảo hiểm hoặc thay đổi quy tắc, điều kiện, điều khoản của sản phẩm bảo hiểm làm ảnh hưởng tới phương pháp, cơ sở tính phí bảo hiểm, doanh nghiệp bảo hiểm, chi nhánh doanh nghiệp bảo hiểm phi nhân thọ nước ngoài nộp Bộ Tài chính 01 bộ hồ sơ đăng ký sửa đổi, bổ sung phương pháp, cơ sở tính phí bảo hiểm bao gồm các tài liệu sau: 
 a) Đơn đề nghị sửa đổi, bổ sung phương pháp, cơ sở tính phí bảo hiểm theo mẫu quy định tại Phụ lục VII ban hành kèm theo Nghị định này; 
 b) Tài liệu kỹ thuật giải trình các nội dung sửa đổi, bổ sung có xác nhận của chuyên gia tính toán. 
 5. Trong thời hạn 30 ngày kể từ ngày nhận được đủ hồ sơ hợp lệ, Bộ Tài chính có văn bản chấp thuận việc sửa đổi, bổ sung phương pháp, cơ sở tính phí bảo hiểm của doanh nghiệp bảo hiểm, chi nhánh doanh nghiệp bảo hiểm phi nhân thọ nước ngoài. Trường hợp từ chối chấp thuận, Bộ Tài chính có văn bản giải thích rõ lý do. 
 6. Trong thời gian 02 năm kể từ ngày Nghị định này có hiệu lực: 
 a) Doanh nghiệp bảo hiểm nhân thọ được tiếp tục triển khai sản phẩm bảo hiểm nhân thọ, sản phẩm bảo hiểm sức khỏe đã được Bộ Tài chính phê chuẩn trước ngày Nghị định này có hiệu lực. 
 b) Doanh nghiệp bảo hiểm phi nhân thọ, chi nhánh doanh nghiệp bảo hiểm phi nhân thọ nước ngoài được tiếp tục triển khai biểu phí của sản phẩm bảo hiểm sức khỏe có thời hạn bảo hiểm từ 01 năm trở xuống, sản phẩm bảo hiểm cho rủi ro tử vong có thời hạn bảo hiểm từ 01 năm trở xuống đã được Bộ Tài chính phê chuẩn trước ngày Nghị định này có hiệu lực, sản phẩm bảo hiểm sức khỏe đã triển khai trước ngày 01 tháng 10 năm 2012, sản phẩm bảo hiểm xe cơ giới đã được Bộ Tài chính chấp thuận đăng ký trước ngày Nghị định này có hiệu lực. 
 c) Doanh nghiệp bảo hiểm, chi nhánh doanh nghiệp bảo hiểm phi nhân thọ nước ngoài phải thực hiện rà soát và đăng ký lại phương pháp, cơ sở tính phí bảo hiểm của các sản phẩm bảo hiểm nhân thọ, bảo hiểm sức khoẻ, bảo hiểm xe cơ giới nhằm đảm bảo đáp ứng quy định của Bộ Tài chính. Các sản phẩm bảo hiểm nhân thọ, bảo hiểm sức khoẻ, bảo hiểm xe cơ giới đã được Bộ Tài chính phê chuẩn, chấp thuận đăng ký trước ngày Nghị định này có hiệu lực đã đáp ứng phương pháp, cơ sở tính phí bảo hiểm theo quy định của Bộ Tài chính, doanh nghiệp bảo hiểm, chi nhánh doanh nghiệp bảo hiểm phi nhân thọ nước ngoài không phải thực hiện đăng ký lại phương pháp, cơ sở tính phí bảo hiểm.",content.csv,Nghị định số 46/2023/NĐ-CP Quy định chi tiết thi hành một số điều của Luật Kinh doanh bảo hiểm,Nghị định,01/07/2023,Hết hiệu lực một phần,"[""Admin"", ""Staff""]"
163441_art_33,163441,"Điều 33. Điều kiện của doanh nghiệp bảo hiểm nước ngoài, doanh nghiệp tái bảo hiểm nước ngoài, tổ chức bảo hiểm nước ngoài nhận tái bảo hiểm 
 1. Doanh nghiệp bảo hiểm nước ngoài, doanh nghiệp tái bảo hiểm nước ngoài, tổ chức bảo hiểm nước ngoài nhận tái bảo hiểm đang hoạt động hợp pháp và đáp ứng đầy đủ các yêu cầu về khả năng thanh toán theo quy định pháp luật của nước nơi doanh nghiệp đóng trụ sở chính. 
 2. Doanh nghiệp, tổ chức bảo hiểm nước ngoài đứng đầu nhận tái bảo hiểm và doanh nghiệp, tổ chức bảo hiểm nước ngoài nhận tái bảo hiểm từ 10% tổng mức trách nhiệm của mỗi hợp đồng tái bảo hiểm phải được xếp hạng tối thiểu ""BBB"" theo Standard &amp; Poor's hoặc Fitch, ""B++"" theo A.M.Best, ""Baal"" theo Moody's hoặc các kết quả xếp hạng tương đương của các tổ chức có chức năng, kinh nghiệm xếp hạng khác tại năm tài chính gần nhất so với thời điểm giao kết hợp đồng tái bảo hiểm. 
 3. Trường hợp tái bảo hiểm cho công ty mẹ ở nước ngoài hoặc các công ty trong cùng tập đoàn mà công ty này không có đánh giá xếp hạng tín nhiệm theo quy định nêu trên thì doanh nghiệp bảo hiểm, doanh nghiệp tái bảo hiểm, chi nhánh nước ngoài tại Việt Nam phải nộp Bộ Tài chính văn bản của cơ quan quản lý bảo hiểm nước ngoài nơi công ty nhận tái bảo hiểm đóng trụ sở chính xác nhận công ty nhận tái bảo hiểm ở nước ngoài bảo đảm khả năng thanh toán tại năm tài chính liên kề năm nhận tái bảo hiểm. 
 Mục 5 
 CHUYỂN GIAO DANH MỤC HỢP ĐỒNG BẢO HIỂM",content.csv,Nghị định số 46/2023/NĐ-CP Quy định chi tiết thi hành một số điều của Luật Kinh doanh bảo hiểm,Nghị định,01/07/2023,Hết hiệu lực một phần,"[""Admin"", ""Staff"", ""Guest""]"
163441_art_92,163441,"Điều 92 Luật Kinh doanh bảo hiểm. 
 2. Trong thời hạn 30 ngày kể từ ngày nhận đủ hồ sơ đề nghị chuyển giao, Bộ Tài chính có văn bản chấp thuận. Trường hợp từ chối chấp thuận, Bộ Tài chính có văn bản giải thích rõ lý do. 
 3. Trong thời hạn 30 ngày kể từ ngày Bộ Tài chính chấp thuận việc chuyển giao danh mục hợp đồng bảo hiểm, doanh nghiệp chuyển giao phải công bố về việc chuyển giao như sau: 
 a) Công bố trên trang thông tin điện tử của doanh nghiệp về việc chuyển giao các nội dung chủ yếu sau: Tên và địa chỉ của doanh nghiệp chuyển giao và doanh nghiệp nhận chuyển giao; Loại nghiệp vụ bảo hiểm và số lượng hợp đồng bảo hiểm được chuyển giao; Thời gian dự kiến thực hiện việc chuyển giao; Địa chỉ giải quyết các khiếu nại, thắc mắc của bên mua bảo hiểm liên quan đến việc chuyển giao. 
 b) Gửi thông báo kèm theo tóm tắt kế hoạch chuyển giao cho từng bên mua bảo hiểm. Thông báo gửi cho bên mua bảo hiểm phải nêu rõ trong thời hạn 15 ngày kể từ ngày nhận được thông báo, bên mua bảo hiểm được phép chấm dứt hợp đồng bảo hiểm nếu không đồng ý với kế hoạch chuyển giao và ngày kế hoạch chuyển giao chính thức có hiệu lực. 
 c) Gửi văn bản thỏa thuận cho bên mua bảo hiểm, người được bảo hiểm về việc giảm số tiền bảo hiểm hoặc quyền lợi bảo hiểm và các nghĩa vụ khác theo hợp đồng bảo hiểm trong trường hợp chuyển giao danh mục hợp đồng bảo hiểm theo yêu cầu của Bộ Tài chính quy định tại khoản 1",content.csv,Nghị định số 46/2023/NĐ-CP Quy định chi tiết thi hành một số điều của Luật Kinh doanh bảo hiểm,Nghị định,01/07/2023,Hết hiệu lực một phần,"[""Admin"", ""Staff"", ""Guest""]"
163441_art_91,163441,"Điều 91 Luật Kinh doanh bảo hiểm mà giá trị tài sản thấp hơn so với dự phòng nghiệp vụ của danh mục hợp đồng bảo hiểm được chuyển giao. 
 4. Kể từ ngày ký Hợp đồng chuyển giao danh mục hợp đồng bảo hiểm, doanh nghiệp chuyển giao không được tiếp tục ký kết hợp đồng bảo hiểm mới thuộc nghiệp vụ bảo hiểm chuyên giao. 
 5. Trong thời hạn 60 ngày kể từ ngày Bộ Tài chính phê chuẩn kế hoạch chuyển giao, doanh nghiệp chuyển giao chuyển cho doanh nghiệp nhận chuyển giao: 
 a) Toàn bộ các hợp đồng bảo hiểm đang có hiệu lực thuộc kế hoạch chuyển giao đã được Bộ Tài chính phê chuẩn; 
 b) Các hồ sơ yêu cầu trả tiền bảo hiểm, bồi thường chưa giải quyết liên quan đến nghiệp vụ bảo hiểm được chuyển giao; 
 c) Toàn bộ tài sản, các quỹ và dự phòng nghiệp vụ liên quan đến những hợp đồng bảo hiểm được chuyển giao. 
 6. Doanh nghiệp nhận chuyển giao có trách nhiệm phối hợp với doanh nghiệp chuyển giao trong việc xây dựng kế hoạch chuyển giao, xác định giá trị tài sản liên quan tới các quỹ và dự phòng nghiệp vụ của những hợp đồng bảo hiểm được chuyển giao và thỏa thuận ngày có hiệu lực của kế hoạch chuyển giao. 
 7. Kể từ ngày nhận chuyển giao, doanh nghiệp nhận chuyển giao có trách nhiệm thực hiện các nghĩa vụ của hợp đồng bảo hiểm được chuyển giao theo đúng các điều khoản đã ký kết giữa doanh nghiệp chuyển giao và bên mua bảo hiểm, kể cả trách nhiệm giải quyết các sự kiện bảo hiểm đã xảy ra nhưng chưa báo cáo. Doanh nghiệp nhận chuyển giao có quyền tiếp nhận tài sản liên quan tới các quỹ, dự phòng nghiệp vụ của hợp đồng bảo hiểm được chuyển giao và sử dụng tài sản đó để thực hiện nghĩa vụ theo hợp đồng bảo hiểm được chuyển giao. 
 Mục 6 
 TÀI CHÍNH, HẠCH TOÁN KẾ TOÁN VÀ BÁO CÁO TÀI CHÍNH",content.csv,Nghị định số 46/2023/NĐ-CP Quy định chi tiết thi hành một số điều của Luật Kinh doanh bảo hiểm,Nghị định,01/07/2023,Hết hiệu lực một phần,"[""Admin"", ""Staff"", ""Guest""]"
163441_art_38,163441,"Điều 38. Dự phòng nghiệp vụ đối với bảo hiểm phi nhân thọ 
 1. Doanh nghiệp bảo hiểm phi nhân thọ, doanh nghiệp tái bảo hiểm kinh doanh bảo hiểm phi nhân thọ, chi nhánh nước ngoài tại Việt Nam phải trích lập dự phòng nghiệp vụ theo từng nghiệp vụ bảo hiểm hoặc hợp đồng bảo hiểm tương ứng với phần trách nhiệm đã cam kết theo thỏa thuận trong hợp đồng bảo hiểm và phải được chuyên gia tính toán của doanh nghiệp, chi nhánh xác nhận. 
 2. Dụ phòng nghiệp vụ bao gồm: 
 a) Dự phòng phí chưa được hưởng: Được sử dụng để bồi thường cho trách nhiệm sẽ phát sinh trong thời gian còn hiệu lực của hợp đồng bảo hiểm trong năm tiếp theo; 
 b) Dự phòng bồi thường: Được sử dụng để bồi thường cho các tổn thất đã phát sinh thuộc trách nhiệm bảo hiểm chưa khiếu nại hoặc đã khiếu nại nhưng đến cuối năm tài chính chưa được giải quyết; 
 c) Dự phòng bồi thường cho các dao động lớn về tổn thất: Được sử dụng để bồi thường khi có dao động lớn về tổn thất hoặc tổn thất lớn xảy ra mà tổng phí bảo hiểm trong năm tài chính sau khi đã trích lập dự phòng phí chưa được hưởng và dự phòng bồi thường cho khiếu nại chưa giải quyết không đủ để chi trả tiền bồi thường đối với phần trách nhiệm của doanh nghiệp bảo hiểm, chi nhánh nước ngoài tại Việt Nam. 
 3. Doanh nghiệp bảo hiểm phi nhân thọ, chi nhánh nước ngoài tại Việt Nam, doanh nghiệp tái bảo hiểm kinh doanh bảo hiểm phi nhân thọ được phép lựa chọn các phương pháp trích lập dự phòng theo hướng dẫn tại",content.csv,Nghị định số 46/2023/NĐ-CP Quy định chi tiết thi hành một số điều của Luật Kinh doanh bảo hiểm,Nghị định,01/07/2023,Hết hiệu lực một phần,"[""Admin"", ""Staff"", ""Guest""]"
163441_art_39,163441,"Điều 39 Nghị định này hoặc phương pháp khác thì phải chứng minh cho kết quả dự phòng nghiệp vụ chính xác, đầy đủ hơn và đề nghị Bộ Tài chính chấp thuận theo quy định tại",content.csv,Nghị định số 46/2023/NĐ-CP Quy định chi tiết thi hành một số điều của Luật Kinh doanh bảo hiểm,Nghị định,01/07/2023,Hết hiệu lực một phần,"[""Admin"", ""Staff"", ""Guest""]"
163441_art_45,163441,Điều 45 Nghị định này trước khi áp dụng.,content.csv,Nghị định số 46/2023/NĐ-CP Quy định chi tiết thi hành một số điều của Luật Kinh doanh bảo hiểm,Nghị định,01/07/2023,Hết hiệu lực một phần,"[""Admin"", ""Staff"", ""Guest""]"
163441_art_40,163441,"Điều 40. Dự phòng nghiệp vụ đối với bảo hiểm nhân thọ 
 1. Doanh nghiệp bảo hiểm nhân thọ, doanh nghiệp tái bảo hiểm kinh doanh bảo hiểm nhân thọ, chi nhánh doanh nghiệp tái bảo hiểm nước ngoài kinh doanh bảo hiểm nhân thọ phải trích lập dự phòng nghiệp vụ cho từng hợp đồng bảo hiểm tương ứng với phần trách nhiệm đã cam kết theo thỏa thuận trong hợp đồng bảo hiểm và phải được chuyên gia tính toán của doanh nghiệp, chi nhánh xác nhận. 
 2. Dư phòng nghiệp vụ bao gồm: 
 a) Dự phòng toán học: Được sử dụng để trả tiền bảo hiểm đối với những trách nhiệm đã cam kết khi xảy ra sự kiện bảo hiểm; 
 b) Dự phòng phí chưa được hưởng: Được sử dụng để trả tiền bảo hiểm sẽ phát sinh trong thời gian còn hiệu lực của hợp đồng bảo hiểm trong năm tiếp theo; 
 c) Dự phòng bồi thường: Được sử dụng để trả tiền cho các sự kiện bảo hiểm đã xảy ra chưa khiếu nại hoặc đã khiếu nại nhưng đến cuối năm tài chính chưa được giải quyết; 
 d) Dự phòng chia lãi: Được sử dụng để trả lãi mà doanh nghiệp bảo hiểm đã thỏa thuận với bên mua bảo hiểm trong hợp đồng bảo hiểm có tham gia chia lãi; 
 đ) Dự phòng bảo đảm lãi suất cam kết: Được sử dụng để bảo đảm mức lãi suất cam kết của doanh nghiệp đối với khách hàng theo thỏa thuận tại hợp đồng bảo hiểm liên kết chung và bảo hiểm hưu trí; 
 e) Dự phòng bảo đảm cân đối: Được sử dụng để trả tiền bảo hiểm khi xảy ra sự kiện bảo hiểm do có biến động lớn về tỷ lệ rủi ro, lãi suất kỹ thuật. 
 3. Doanh nghiệp bảo hiểm nhân thọ, doanh nghiệp tái bảo hiểm kinh doanh bảo hiểm nhân thọ, chi nhánh doanh nghiệp tái bảo hiểm nước ngoài kinh doanh bảo hiểm nhân thọ được phép lựa chọn các phương pháp trích lập dự phòng theo hướng dẫn tại",content.csv,Nghị định số 46/2023/NĐ-CP Quy định chi tiết thi hành một số điều của Luật Kinh doanh bảo hiểm,Nghị định,01/07/2023,Hết hiệu lực một phần,"[""Admin"", ""Staff""]"
163441_art_41,163441,"Điều 41 Nghị định này hoặc phương pháp khác thì phải chứng minh cho kết quả dự phòng nghiệp vụ chính xác, đầy đủ hơn và đề nghị Bộ Tài chính chấp thuận theo quy định tại",content.csv,Nghị định số 46/2023/NĐ-CP Quy định chi tiết thi hành một số điều của Luật Kinh doanh bảo hiểm,Nghị định,01/07/2023,Hết hiệu lực một phần,"[""Admin"", ""Staff"", ""Guest""]"
163441_art_42,163441,"Điều 42. Dự phòng nghiệp vụ đối với bảo hiểm sức khỏe 
 1. Doanh nghiệp bảo hiểm, doanh nghiệp tái bảo hiểm, chi nhánh nước ngoài tại Việt Nam phải trích lập dự phòng nghiệp vụ cho từng hợp đồng bảo hiểm sức khỏe tương ứng với trách nhiệm của doanh nghiệp, chi nhánh nước ngoài tại Việt Nam và phải được chuyên gia tính toán xác nhận. 
 2. Dự phòng nghiệp vụ bao gồm: 
 a) Dự phòng toán học: Được sử dụng để trả tiền bảo hiểm cho những trách nhiệm đã cam kết khi xảy ra sự kiện bảo hiểm; 
 b) Dự phòng phí chưa được hưởng: Được sử dụng để trả tiền bảo hiểm sẽ phát sinh trong thời gian còn hiệu lực của hợp đồng bảo hiểm trong năm tiếp theo; 
 c) Dự phòng bồi thường: Được sử dụng để trả tiền cho các sự kiện bảo hiểm đã xảy ra chưa khiếu nại hoặc đã khiếu nại nhưng đến cuối năm tài chính chưa được giải quyết; 
 d) Dự phòng bảo đảm cân đối: Được sử dụng để trả tiền bảo hiểm khi xảy ra sự kiện bảo hiểm do có biến động lớn về tỷ lệ rủi ro, lãi suất kỹ thuật. 
 3. Doanh nghiệp bảo hiểm, doanh nghiệp tái bảo hiểm, chi nhánh nước ngoài tại Việt Nam được chủ động lựa chọn phương pháp và cơ sở trích lập dự phòng nghiệp vụ bảo hiểm theo quy định tại",content.csv,Nghị định số 46/2023/NĐ-CP Quy định chi tiết thi hành một số điều của Luật Kinh doanh bảo hiểm,Nghị định,01/07/2023,Hết hiệu lực một phần,"[""Admin"", ""Staff""]"
163441_art_43,163441,"Điều 43 Nghị định này hoặc các phương pháp, cơ sở trích lập dự phòng nghiệp vụ khác chính xác, đầy đủ hơn và đề nghị Bộ Tài chính chấp thuận theo quy định tại",content.csv,Nghị định số 46/2023/NĐ-CP Quy định chi tiết thi hành một số điều của Luật Kinh doanh bảo hiểm,Nghị định,01/07/2023,Hết hiệu lực một phần,"[""Admin"", ""Staff"", ""Guest""]"
163441_art_44,163441,"Điều 44. Trách nhiệm của Bộ Tài chính 
 Bộ trưởng Bộ Tài chính có trách nhiệm hướng dẫn, minh họa các phương pháp, công thức, cơ sở trích lập dự phòng nghiệp vụ bảo hiểm phi nhân thọ, bảo hiểm nhân thọ và bảo hiểm sức khỏe theo quy định tại Nghị định này.",content.csv,Nghị định số 46/2023/NĐ-CP Quy định chi tiết thi hành một số điều của Luật Kinh doanh bảo hiểm,Nghị định,01/07/2023,Hết hiệu lực một phần,"[""Admin"", ""Staff"", ""Guest""]"
163441_art_46,163441,"Điều 46. Đầu tư từ nguồn vốn chủ sở hữu 
 1. Việc đầu tư từ nguồn vốn chủ sở hữu bằng với mức vốn quy định tại các khoản 1, 2",content.csv,Nghị định số 46/2023/NĐ-CP Quy định chi tiết thi hành một số điều của Luật Kinh doanh bảo hiểm,Nghị định,01/07/2023,Hết hiệu lực một phần,"[""Admin"", ""Staff"", ""Guest""]"
163441_art_47,163441,Điều 47 và,content.csv,Nghị định số 46/2023/NĐ-CP Quy định chi tiết thi hành một số điều của Luật Kinh doanh bảo hiểm,Nghị định,01/07/2023,Hết hiệu lực một phần,"[""Admin"", ""Staff"", ""Guest""]"
163441_art_48,163441,Điều 48 Nghị định này.,content.csv,Nghị định số 46/2023/NĐ-CP Quy định chi tiết thi hành một số điều của Luật Kinh doanh bảo hiểm,Nghị định,01/07/2023,Hết hiệu lực một phần,"[""Admin"", ""Staff"", ""Guest""]"
163441_art_49,163441,"Điều 49. Doanh thu của doanh nghiệp bảo hiểm, doanh nghiệp tái bảo hiểm, chi nhánh nước ngoài tại Việt Nam 
 1. Doanh thu của doanh nghiệp bảo hiểm, doanh nghiệp tái bảo hiểm, chi nhánh nước ngoài tại Việt Nam là số tiền phải thu phát sinh trong kỳ bao gồm: 
 a) Doanh thu kinh doanh bảo hiểm, kinh doanh tái bảo hiểm: Là số tiền phải thu phát sinh trong kỳ sau khi đã trừ các khoản phải chi để giảm thu phát sinh trong kỳ; 
 b) Doanh thu cung cấp dịch vụ phụ trợ bảo hiểm; 
 c) Doanh thu hoạt động tài chính; 
 d) Thu nhập hoạt động khác. 
 2. Số tiền phải thu phát sinh trong kỳ theo quy định tại điểm a khoản 1 Điều này bao gồm: 
 a) Thu phí bảo hiểm gốc; 
 b) Thu phí nhận tái bảo hiểm; 
 c) Thu hoa hồng nhượng tái bảo hiểm; 
 d) Thu phí về dịch vụ đại lý bao gồm giám định tổn thất, xét giải quyết bồi thường, yêu cầu người thứ ba bồi hoàn, xử lý hàng bồi thường 100%; 
 d) Thu phí giám định tổn thất không kể giám định hộ giữa các đơn vị thành viên hạch toán nội bộ trong cùng một doanh nghiệp bảo hiểm hạch toán độc lập; 
 e) Thu phí quản lý hợp đồng (leading fee) của doanh nghiệp bảo hiểm, chi nhánh doanh nghiệp bảo hiểm phi nhân thọ nước ngoài đứng đầu trong trường hợp đồng bảo hiểm. 
 3. Các khoản phải chi để giảm thu phát sinh trong kỳ theo quy định tại điểm a khoản 1 Điều này bao gồm: 
 a) Hoàn phí bảo hiểm, 
 b) Giám phí bảo hiểm; 
 c) Phí nhượng tái bảo hiểm; 
 d) Hoàn phí nhân tái bảo hiểm; 
 d) Giảm phí nhân tài bảo hiểm; 
 e) Hoàn hoa hồng nhượng tái bao hiểm; 
 g) Giám hoa hồng nhượng tái bảo hiểm. 
 4. Doanh thu cung cấp dịch vụ phụ trợ bảo hiểm: Thu từ cung cấp dịch vụ phụ trợ bảo hiểm theo quy định tại Mục 3 Chương IV Luật Kinh doanh bảo hiểm. 
 5. Doanh thu hoạt động tài chính: 
 a) Thu hoạt động đầu tư theo quy định tại Nghị định này; 
 b) Thu lãi trên sở tiên ký quý; 
 c) Thu cho thuế tài sản; 
 d) Thu khác theo quy định pháp luật. 
 6. Thu nhập hoạt động khác: 
 a) Thu từ nhượng bán, thanh lý tài sản cố định; 
 b) Các khoản nợ khó đòi đã xoá nay thu hồi được; 
 c) Thu khác theo quy định pháp luật. 
 7. Bộ trưởng Bộ Tài chính ban hành quy định về thời điểm ghi nhận doanh thu bảo hiểm đối với từng loại hình bảo hiểm.",content.csv,Nghị định số 46/2023/NĐ-CP Quy định chi tiết thi hành một số điều của Luật Kinh doanh bảo hiểm,Nghị định,01/07/2023,Hết hiệu lực một phần,"[""Admin"", ""Staff"", ""Guest""]"
163441_art_50,163441,"Điều 50. Chi phí của doanh nghiệp bảo hiểm, doanh nghiệp tái bảo hiểm, chi nhánh nước ngoài tại Việt Nam 
 1. Chi phí của doanh nghiệp bảo hiểm, doanh nghiệp tái bảo hiểm, chi nhánh nước ngoài tại Việt Nam là số tiền phải chi, phải trích phát sinh trong kỳ bao gồm: 
 a) Chi phí kinh doanh bảo hiểm, kinh doanh tái bảo hiểm; 
 b) Chi phí cho việc cung cấp dịch vụ phụ trợ bảo hiểm; 
 c) Chi phí hoạt động tài chính; 
 d) Chi phí hoạt động khác. 
 2. Chi phí kinh doanh bảo hiểm, kinh doanh tái bảo hiểm: Là số tiền phải chi, phải trích phát sinh trong kỳ sau khi đã trừ các khoản phải thu để giảm chi phát sinh trong kỳ. 
 3. Số tiền phải chi, phải trích phát sinh trong kỳ theo quy định tại khoản 2 Điều này bao gồm: 
 a) Bồi thường bảo hiểm gốc đối với bảo hiểm phi nhân thọ; trả tiền bảo hiểm đối với bảo hiểm nhân thọ, bảo hiểm sức khỏe; 
 b) Chi bồi thường nhận tài bảo hiểm; 
 c) Trích lập dự phòng nghiệp vụ; 
 d) Chi hoa hồng đại lý bảo hiểm, chi thưởng, hỗ trợ đại lý bảo hiểm và quyền lợi khác trong hợp đồng đại lý bảo hiểm không vượt quá mức tối đa theo quy định của Bộ trưởng Bộ Tài chính. 
 Kể từ ngày Nghị định này ký, các khoản chi này phải từ hoạt động đại lý bảo hiểm và được nêu rõ trong hợp đồng đại lý bảo hiểm, có tiêu chí định lượng cụ thể gắn với kết quả, thành tích về khai thác, duy trì hợp đồng bảo hiểm nhân thọ và hợp đồng bảo hiểm sức khỏe trên 01 năm, chất lượng hoạt động đại lý bảo hiểm. Các khoản chi thưởng, hỗ trợ đại lý bảo hiểm và quyền lợi khác phải được nêu rõ trong chính sách khen thưởng, hỗ trợ đại lý, quy chế tài chính của doanh nghiệp bảo hiểm, chi nhánh doanh nghiệp bảo hiểm phi nhân thọ nước ngoài; 
 đ) Chi cho doanh nghiệp môi giới bảo hiểm bao gồm: Chi hoa hồng môi giới bảo hiểm và các khoản chi khác theo quy định; 
 e) Chỉ giám định tôn thất, 
 g) Chi phí về dịch vụ đại lý bao gồm giám định tổn thất, xét giải quyết bồi thường, yêu cầu người thứ ba bồi hoàn; 
 h) Chỉ xử lý hàng bồi thường 100% 
 i) Chi phí quản lý hợp đồng (leading fee) của doanh nghiệp bảo hiểm, chi nhánh doanh nghiệp bảo hiểm phi nhân thọ nước ngoài đứng đầu trong trường hợp đồng bảo hiểm (nếu các bên có văn bản thỏa thuận về khoản chi này); 
 k) Chi quản lý đại lý bảo hiểm bao gồm: Chi đào tạo ban đầu và thi cấp chứng chỉ đại lý, chi đào tạo nâng cao kiến thức cho đại lý, chi tuyển dụng đại lý bảo hiểm; 
 l) Chi đề phòng, hạn chế rủi ro, tổn thất tối đa 2% số phí bảo hiểm thu được trong năm tài chính. Chi phí này để thực hiện các biện pháp đề phòng, hạn chế tổn thất theo quy định tại khoản 3",content.csv,Nghị định số 46/2023/NĐ-CP Quy định chi tiết thi hành một số điều của Luật Kinh doanh bảo hiểm,Nghị định,01/07/2023,Hết hiệu lực một phần,"[""Admin""]"
163441_art_122,163441,"Điều 122 Luật Kinh doanh bảo hiểm; 
 m) Chỉ đánh giá rủi ro của đối tượng bảo hiểm; 
 n) Chi sử dụng dịch vụ phụ trợ bảo hiểm bao gồm: Chi tư vấn, chi đánh giá rủi ro bảo hiểm, chi tính toán bảo hiểm, chi giám định tổn thất bảo hiểm, chi hỗ trợ giải quyết bồi thường bảo hiểm; 
 o) Các khoản chi phí, trích lập khác theo quy định pháp luật. 
 4. Các khoản giảm chi phát sinh trong kỳ theo quy định tại khoản 2 Điều này bao gồm: 
 a) Thu bồi thương nhượng tái bảo hiểm; 
 b) Thu đòi người thứ ba bồi hoàn; thu bồi hoàn từ bên mua bảo hiểm đối với nghiệp vụ bảo hiểm bảo lãnh; 
 c) Thu tài sản đã xử lý, bồi thường 100%; 
 d) Trích lập dự phòng nghiệp vụ đối với phần nhượng tái bảo hiểm phí nhân thọ. 
 5. Chi phí cho việc cung cấp dịch vụ phụ trợ bảo hiểm là số tiền phải chi, phải trích phát sinh trong kỳ để cung cấp dịch vụ phụ trợ bảo hiểm. 
 6. Chi phí hoạt động tài chính: 
 a) Chi phí hoạt động đầu tư theo quy định tại Nghị định này; 
 b) Thu nhập đầu tư phải trả cho bên mua bảo hiểm theo cam kết tại hợp đồng bảo hiểm nhân thọ; 
 c) Chi phí cho thuê tài sản; 
 d) Chỉ thủ tục phí ngân hàng, trả lãi tiền vay; 
 d) Chi phí, trích lập khác theo quy định pháp luật. 
 7. Chi phí hoạt động khác: 
 a) Chi nhượng bán, thanh lý tài sản cố định; 
 b) Chi phí cho việc thu hồi khoản nợ phải thu khó đòi đã xóa nay thu hồi được; 
 c) Chi phí, trích lập khác theo quy định pháp luật. 
 8. Các khoản chi phải đúng theo quy định của pháp luật, bảo đảm có đầy đủ hóa đơn, chứng từ hoặc bằng chứng chứng minh.",content.csv,Nghị định số 46/2023/NĐ-CP Quy định chi tiết thi hành một số điều của Luật Kinh doanh bảo hiểm,Nghị định,01/07/2023,Hết hiệu lực một phần,"[""Admin"", ""Staff""]"
163441_art_51,163441,"Điều 51. Hồ sơ, trình tự, thủ tục đăng ký nguyên tắc tách nguồn vốn chủ sở hữu, nguồn phí bảo hiểm 
 1. Doanh nghiệp bảo hiểm, doanh nghiệp tái bảo hiểm, chi nhánh nước ngoài tại Việt Nam phải đăng ký với Bộ Tài chính các nguyên tắc tách, phân bổ tài sản, nguồn vốn, doanh thu, chi phí chung liên quan đến cả quỹ chủ sở hữu và quỹ chủ hợp đồng trước khi áp dụng. 
 2. Hồ sơ đăng ký và thay đổi bao gồm các tài liệu sau: 
 a) Văn bản đề nghị đăng ký hoặc thay đổi theo mẫu quy định tại Phụ lục XI ban hành kèm theo Nghị định này; 
 b) Tài liệu giải trình về các nguyên tắc tách, phân bổ dự kiến áp dụng có xác nhận của chuyên gia tính toán của doanh nghiệp, chi nhánh. Trường hợp thay đổi thì hồ sơ còn bao gồm tài liệu giải trình sự thay đổi. 
 3. Trong thời hạn 30 ngày kể từ ngày nhận đủ hồ sơ hợp lệ, Bộ Tài chính có công văn ghi nhận. Trường hợp từ chối ghi nhận, Bộ Tài chính có công văn giải thích rõ lý do. 
 4. Doanh nghiệp bảo hiểm, doanh nghiệp tái bảo hiểm, chi nhánh nước ngoài tại Việt Nam có nguyên tắc tách nguồn vốn chủ sở hữu, nguồn phí bảo hiểm không phù hợp với quy định của Nghị định này thì thực hiện đăng ký lại với Bộ Tài chính trong vòng 06 tháng kể từ ngày ký Nghị định này, áp dụng cho năm tài chính từ ngày 01 tháng 01 năm 2023.",content.csv,Nghị định số 46/2023/NĐ-CP Quy định chi tiết thi hành một số điều của Luật Kinh doanh bảo hiểm,Nghị định,01/07/2023,Hết hiệu lực một phần,"[""Admin"", ""Staff"", ""Guest""]"
163441_art_52,163441,"Điều 52. Lợi nhuận, phân phối lợi nhuận 
 1. Lợi nhuận của doanh nghiệp bảo hiểm, doanh nghiệp tái bảo hiểm, chi nhánh nước ngoài tại Việt Nam là khoản chênh lệch giữa tổng doanh thu và tổng chi phí của doanh nghiệp bảo hiểm, doanh nghiệp tái bảo hiểm, chi nhánh nước ngoài tại Việt Nam. Lợi nhuận thực hiện trong năm doanh nghiệp bảo hiểm, doanh nghiệp tái bảo hiểm, chi nhánh nước ngoài tại Việt Nam bao gồm lợi nhuận hoạt động kinh doanh bảo hiểm, lợi nhuận hoạt động tài chính và lợi nhuận hoạt động khác. 
 2. Sau khi đáp ứng các quy định về vốn, khả năng thanh toán, dự phòng nghiệp vụ, nộp thuế thu nhập doanh nghiệp theo luật định, trích lập quỹ dự trữ bắt buộc, bù đắp các khoản lỗ của các năm trước đã hết thời hạn được trừ vào lợi nhuận trước thuế thu nhập doanh nghiệp, doanh nghiệp bảo hiểm, doanh nghiệp tái bảo hiểm, chi nhánh nước ngoài tại Việt Nam được phân phối lợi nhuận còn lại theo quy định pháp luật.",content.csv,Nghị định số 46/2023/NĐ-CP Quy định chi tiết thi hành một số điều của Luật Kinh doanh bảo hiểm,Nghị định,01/07/2023,Hết hiệu lực một phần,"[""Admin"", ""Staff"", ""Guest""]"
163441_art_53,163441,"Điều 53. Hồ sơ đề nghị phê chuẩn hoặc thay đổi phương pháp phân chia thặng dư trong bảo hiểm nhân thọ 
 1. Doanh nghiệp bảo hiểm nhân thọ phải được Bộ Tài chính phê chuẩn phương pháp phân chia thặng dư của quỹ chủ hợp đồng bảo hiểm có chia lãi trước khi áp dụng. Hồ sơ đề nghị phê chuẩn hoặc thay đổi phương pháp phân chia thặng dư bao gồm các tài liệu sau: 
 a) Văn bản đề nghị áp dụng hoặc thay đổi phương pháp phân chia thặng dư theo mẫu quy định tại Phụ lục XII ban hành kèm theo Nghị định này; 
 b) Tài liệu giải trình về các phương pháp phân chia thặng dư dự kiến áp dụng có xác nhận của chuyên gia tính toán. 
 2. Trong thời hạn 30 ngày kể từ ngày nhận đủ hồ sơ hợp lệ, Bộ Tài chính có công văn chấp thuận. Trường hợp từ chối chấp thuận, Bộ Tài chính có công văn giải thích rõ lý do.",content.csv,Nghị định số 46/2023/NĐ-CP Quy định chi tiết thi hành một số điều của Luật Kinh doanh bảo hiểm,Nghị định,01/07/2023,Hết hiệu lực một phần,"[""Admin"", ""Staff"", ""Guest""]"
163441_art_54,163441,"Điều 54. Quỹ dự trữ bắt buộc 
 Doanh nghiệp bảo hiểm, doanh nghiệp tái bảo hiểm, doanh nghiệp môi giới bảo hiểm, chi nhánh nước ngoài tại Việt Nam phải trích 5% lợi nhuận sau thuế hàng năm để lập quỹ bắt buộc. Mức tối đa của quỹ dự trữ bắt buộc bằng 10% mức vốn điều lệ của doanh nghiệp, vốn được cấp của chi nhánh. 
 Mục 7 
 GIẢI THỂ DOANH NGHIỆP BẢO HIỂM, DOANH NGHIỆP TÁI BẢO HIỂM, 
 CHÁM DỨT HOẠT ĐỘNG CỦA CHI NHÁNH NƯỚC NGOÀI 
 TẠI VIỆT NAM",content.csv,Nghị định số 46/2023/NĐ-CP Quy định chi tiết thi hành một số điều của Luật Kinh doanh bảo hiểm,Nghị định,01/07/2023,Hết hiệu lực một phần,"[""Admin"", ""Staff"", ""Guest""]"
163441_art_55,163441,"Điều 55. Điều kiện, hồ sơ, trình tự và thủ tục giải thể doanh nghiệp bảo hiểm, doanh nghiệp tái bảo hiểm, chấm dứt hoạt động chi nhánh nước ngoài tại Việt Nam 
 1. Doanh nghiệp bảo hiểm, doanh nghiệp tái bảo hiểm chỉ được giải thể; chi nhánh nước ngoài tại Việt Nam chỉ được chấm dứt hoạt động khi bảo đảm thanh toán hết các khoản nợ, nghĩa vụ tài sản khác và không trong quá trình giải quyết tranh chấp tại Tòa án hoặc Trọng tài. Người quản lý có liên quan và doanh nghiệp bảo hiểm, doanh nghiệp tái bảo hiểm và chi nhánh nước ngoài tại Việt Nam cùng liên đới chịu trách nhiệm về các khoản nợ của doanh nghiệp bảo hiểm, doanh nghiệp tái bảo hiểm và chi nhánh nước ngoài tại Việt Nam. 
 2. Việc thanh toán các khoản nợ của doanh nghiệp bảo hiểm, doanh nghiệp tái bảo hiểm, chi nhánh nước ngoài tại Việt Nam được thực hiện theo thứ tự ưu tiên sau đây: 
 a) Các khoản nợ lương, trợ cấp thôi việc, bảo hiểm xã hội, bảo hiểm y tế, bảo hiểm thất nghiệp theo quy định của pháp luật và các quyền lợi khác của người lao động theo thỏa ước lao động tập thể và hợp đồng lao động đã ký kết; 
 b) Khoản trả tiền bồi thường, trả tiền bảo hiểm đối với các yêu cầu đòi bồi thường, trả tiền bảo hiểm đã được doanh nghiệp bảo hiểm, doanh nghiệp tái bảo hiểm chấp thuận chi trả giá trị hoàn lại, giá trị tài khoản hợp đồng bảo hiểm hoặc hoàn phí bảo hiểm; 
 d) Các khoản nợ khác. 
 3. Sau khi hoàn thành việc thanh toán các khoản nợ theo quy định tại khoản 2 Điều này, doanh nghiệp bảo hiểm, doanh nghiệp tái bảo hiểm gửi Bộ Tài chính hồ sơ giải thể, chi nhánh nước ngoài tại Việt Nam gửi Bộ Tài chính hồ sơ chấm dứt hoạt động. Hồ sơ giải thể của doanh nghiệp bảo hiểm, doanh nghiệp tái bảo hiểm; chấm dứt hoạt động của chi nhánh nước ngoài tại Việt Nam, bao gồm: 
 a) Văn bản đề nghị giải thể, chấm dứt hoạt động do người đại diện theo pháp luật ký, trong đó nêu rõ lý do giải thể, chấm dứt hoạt động theo mẫu quy định tại Phụ lục XIX ban hành kèm theo Nghị định này; 
 b) Quyết định của cấp có thẩm quyền theo quy định tại Điều lệ công ty (đối với doanh nghiệp bảo hiểm, doanh nghiệp tái bảo hiểm), Quy chế tổ chức và hoạt động (đối với chi nhánh nước ngoài tại Việt Nam); 
 c) Văn bản thu hồi Giấy phép thành lập và hoạt động đối với trường hợp quy định tại điểm c khoản 1",content.csv,Nghị định số 46/2023/NĐ-CP Quy định chi tiết thi hành một số điều của Luật Kinh doanh bảo hiểm,Nghị định,01/07/2023,Hết hiệu lực một phần,"[""Admin"", ""Staff"", ""Guest""]"
163441_art_56,163441,"Điều 56. Hồ sơ, trình tự và thủ tục cấp giấy phép đặt văn phòng đại diện nước ngoài tại Việt Nam 
 1. Doanh nghiệp bảo hiểm nước ngoài, tổ chức tài chính, bảo hiểm nước ngoài, doanh nghiệp tái bảo hiểm nước ngoài, doanh nghiệp môi giới bảo hiểm nước ngoài (sau đây gọi là doanh nghiệp nước ngoài) nộp trực tiếp hoặc qua đường bưu điện hoặc trực tuyến (nếu đủ điều kiện áp dụng) đến Bộ Tài chính 01 bộ hồ sơ gồm các tài liệu sau: 
 a) Văn bản đề nghị cấp Giấy phép đặt văn phòng đại diện nước ngoài tại Việt Nam theo mẫu quy định tại Phụ lục XIII ban hành kèm theo Nghị định này; 
 b) Bản sao Giấy phép thành lập, giấy chứng nhận đăng ký kinh doanh hoặc tài liệu tương đương khác doanh nghiệp nước ngoài; 
 c) Bản sao báo cáo tài chính đã được kiểm toán bởi tổ chức kiểm toán độc lập doanh nghiệp nước ngoài trong 3 năm tài chính liền kề năm nộp hồ sơ đề nghị cấp giấy phép đặt văn phòng đại diện nước ngoài tại Việt Nam; 
 d) Sơ yếu lý lịch, bản sao thẻ căn cước công dân hoặc giấy chứng minh nhân dân hoặc hộ chiếu của người dự kiến giữ chức danh Trưởng văn phòng đại diện; 
 d) Bản giới thiệu về doanh nghiệp nước ngoài; 
 e) Văn bản của cơ quan quản lý nhà nước về bảo hiểm nơi doanh nghiệp nước ngoài đặt trụ sở chính cho phép doanh nghiệp nước ngoài đặt văn phòng đại diện tại Việt Nam. Trường hợp quy định của nước nơi doanh nghiệp đóng trụ sở chính không yêu cầu phải có văn bản chấp thuận thì phải có văn bản xác nhận của cấp có thẩm quyền theo quy định. 
 2. Tiêu chuẩn hồ sơ, tài liệu đề nghị cấp giấy phép đặt văn phòng đại diện nước ngoài tại Việt Nam phải đáp ứng quy định tại",content.csv,Nghị định số 46/2023/NĐ-CP Quy định chi tiết thi hành một số điều của Luật Kinh doanh bảo hiểm,Nghị định,01/07/2023,Hết hiệu lực một phần,"[""Admin"", ""Staff"", ""Guest""]"
163441_art_70,163441,Điều 70 của Luật Kinh doanh bảo hiểm. Giấy phép đặt văn phòng đại diện nước ngoài tại Việt Nam thực hiện theo mẫu tại Phụ lục XIV ban hành kèm theo Nghị định này.,content.csv,Nghị định số 46/2023/NĐ-CP Quy định chi tiết thi hành một số điều của Luật Kinh doanh bảo hiểm,Nghị định,01/07/2023,Hết hiệu lực một phần,"[""Admin"", ""Staff"", ""Guest""]"
163441_art_57,163441,"Điều 57. Cấp lại giấy phép đặt văn phòng đại diện nước ngoài tại Việt Nam 
 1. Doanh nghiệp nước ngoài làm thủ tục cấp lại giấy phép đặt văn phòng đại diện nước ngoài tại Việt Nam trong trường hợp giấy phép bị mất, bị hủy hoại, bị hư hỏng hoặc bị tiêu hủy dưới mọi hình thức. 
 2. Hồ sơ đề nghị cấp lại giấy phép đặt văn phòng đại diện bao gồm: Đơn đề nghị cấp lại giấy phép đặt văn phòng đại diện theo mẫu quy định tại Phụ lục XV ban hành kèm theo Nghị định này. 
 3. Doanh nghiệp nước ngoài nộp trực tiếp hoặc qua đường bưu điện hoặc trực tuyến (nếu đủ điều kiện) 01 bộ hồ sơ đến Bộ Tài chính. 
 4. Trong thời hạn 14 ngày kể từ ngày nhận đủ hồ sơ hợp lệ, Bộ Tài chính xem xét cấp bản sao giấy phép từ sổ gốc theo quy định của pháp luật. Trường hợp từ chối chấp thuận, Bộ Tài chính có văn bản giải thích rõ lý do.",content.csv,Nghị định số 46/2023/NĐ-CP Quy định chi tiết thi hành một số điều của Luật Kinh doanh bảo hiểm,Nghị định,01/07/2023,Hết hiệu lực một phần,"[""Admin"", ""Staff"", ""Guest""]"
163441_art_58,163441,"Điều 58. Sửa đổi, bổ sung giấy phép đặt văn phòng đại diện nước ngoài tại Việt Nam 
 1. Doanh nghiệp nước ngoài phải làm thủ tục sửa đổi, bổ sung giấy phép đặt văn phòng đại diện nước ngoài tại Việt Nam trong những trường hợp sau đây: 
 a) Thay đổi tên gọi, quốc tịch, địa chỉ của doanh nghiệp nước ngoài; 
 b) Thay đổi tên gọi của văn phòng đại diện, 
 c) Thay đổi nội dung hoạt động của văn phòng đại diện; 
 d) Thay đổi địa điểm đặt trụ sở của Văn phòng đại diện từ một tỉnh, thành phố trực thuộc trung ương đến một tỉnh, thành phố trực thuộc trung ương khác. 
 2. Hồ sơ sửa đổi, bổ sung giấy phép đặt văn phòng đại diện nước ngoài tại Việt Nam gồm: 
 a) Văn bản đề nghị sửa đổi, bổ sung giấy phép đặt văn phòng đại diện theo mẫu quy định tại Phụ lục XV ban hành kèm theo Nghị định này; 
 b) Bản sao tài liệu pháp lý do cơ quan có thẩm quyền của nước ngoài cấp chứng minh sự thay đổi trường hợp doanh nghiệp nước ngoài thay đổi tên gọi, quốc tịch, địa chỉ; 
 c) Văn bản do cấp có thẩm quyền theo quy định tại điều lệ của doanh nghiệp nước ngoài ban hành, trong đó, thể hiện rõ quyết định thay đổi tên gọi hoặc nội dung hoạt động của văn phòng đại diện hoặc thay đổi địa điểm đặt trụ sở của Văn phòng đại diện. 
 3. Hồ sơ đề nghị sửa đổi, bổ sung giấy phép đặt văn phòng đại diện gồm 01 bản bằng tiếng Việt và 01 bản bằng tiếng Anh đáp ứng quy định tại các khoản 2, 3, 4",content.csv,Nghị định số 46/2023/NĐ-CP Quy định chi tiết thi hành một số điều của Luật Kinh doanh bảo hiểm,Nghị định,01/07/2023,Hết hiệu lực một phần,"[""Admin"", ""Staff"", ""Guest""]"
163441_art_59,163441,"Điều 59. Gia hạn giấy phép đặt văn phòng đại diện nước ngoài tại Việt Nam 
 1. Doanh nghiệp nước ngoài muốn gia hạn hoạt động của văn phòng đại diện tại Việt Nam phải đáp ứng các quy định sau đây: 
 a) Văn phòng đại diện nước ngoài tại Việt Nam không bị xử lý vi phạm hành chính trong lĩnh vực kinh doanh bảo hiểm trong thời hạn 12 tháng tính đến thời điểm nộp hồ sơ đề nghị gia hạn hoạt động; 
 b) Doanh nghiệp nước ngoài đang hoạt động hợp pháp tại thời điểm đề nghị gia hạn hoạt động của văn phòng đại diện; 
 c) Doanh nghiệp nước ngoài có quan hệ hợp tác với cơ quan, tổ chức trong lĩnh vực hoạt động kinh doanh bảo hiểm tại Việt Nam. 
 2. Hồ sơ đề nghị gia hạn Giấy phép đặt văn phòng đại diện nước ngoài tại Việt Nam gồm các tài liệu sau: 
 a) Văn bản đề nghị gia hạn hoạt động của văn phòng đại diện theo mẫu quy định tại Phụ lục XIII ban hành kèm theo Nghị định này; 
 b) Bản sao giấy phép thành lập hoặc giấy chứng nhận đăng ký kinh doanh hoặc tài liệu tương đương khác; 
 c) Bản sao báo cáo tài chính đã được kiểm toán bởi tổ chức kiểm toán độc lập của doanh nghiệp nước ngoài trong 03 năm liền kể năm nộp hồ sơ đề nghị gia hạn; 
 d) Sơ yếu lý lịch, bản sao thẻ căn cước công dân hoặc giấy chứng minh nhân dân hoặc hộ chiếu của người dự kiến giữ chức danh Trưởng văn phòng đại diện (nếu có thay đổi); 
 đ) Văn bản báo cáo về hoạt động hợp tác với cơ quan, tổ chức trong lĩnh vực kinh doanh bảo hiểm tại Việt Nam của văn phòng đại diện nước ngoài tại Việt Nam hoặc doanh nghiệp nước ngoài. 
 3. Hồ sơ đề nghị gia hạn giấy phép đặt văn phòng đại diện gồm 01 bản bằng tiếng Việt và 01 bản bằng tiếng Anh đáp ứng quy định tại các khoản 2, 3, 4",content.csv,Nghị định số 46/2023/NĐ-CP Quy định chi tiết thi hành một số điều của Luật Kinh doanh bảo hiểm,Nghị định,01/07/2023,Hết hiệu lực một phần,"[""Admin"", ""Staff"", ""Guest""]"
163441_art_60,163441,"Điều 60. Chấm dứt hoạt động của văn phòng đại diện nước ngoài tại Việt Nam 
 1. Văn phòng đại diện nước ngoài tại Việt Nam chăm dứt hoạt động trong các trường hợp sau: 
 a) Theo đề nghị của doanh nghiệp nước ngoài; 
 b) Khi doanh nghiệp nước ngoài chấm dứt hoạt động, giải thể, phá sản hoặc bị thu hồi giấy phép; 
 c) Hết thời hạn hoạt động mà không đề nghị gia hạn hoặc không được Bộ Tài chính chấp thuận gia hạn. 
 2. Hồ sơ chăm dứt hoạt động văn phòng đại diện nước ngoài gồm: 
 a) Văn bản đề nghị chấm dứt hoạt động văn phòng đại diện nước ngoài tại Việt Nam theo quy định tại Phụ lục XIII ban hành kèm theo Nghị định này; 
 b) Các bằng chứng chứng minh đã hoàn thành nghĩa vụ với người lao động và các nghĩa vụ với các cơ quan, tổ chức, cá nhân khác tại Việt Nam; 
 c) Bản gốc giấy phép đặt văn phòng đại diện nước ngoài tại Việt Nam và các quyết định gia hạn giấy phép (nếu có); 
 d) Bản gốc các giấy phép, quyết định khác có liên quan trong quá trình hoạt động của văn phòng đại diện nước ngoài tại Việt Nam; 
 đ) Văn bản ủy quyền cho một tổ chức tại Việt Nam thay mặt cho doanh nghiệp nước ngoài thực hiện các thủ tục hành chính với các cơ quan quản lý nhà nước có liên quan (nếu có). 
 3. Trường hợp văn phòng đại diện nước ngoài chấm dứt hoạt động theo quy định tại điểm a và điểm b khoản 1 Điều này, doanh nghiệp nước ngoài nộp trực tiếp hoặc qua đường bưu điện hoặc trực tuyến (nếu đủ điều kiện áp dụng) 01 bộ hồ sơ theo quy định tại khoản 2 Điều này đến Bộ Tài chính. Trong thời hạn 20 ngày kể từ ngày nhận đủ hồ sơ hợp lệ, Bộ Tài chính có quyết định chấm dứt hoạt động của văn phòng đại diện nước ngoài. 
 4. Trường hợp văn phòng đại diện nước ngoài tại Việt Nam chấm dứt hoạt động theo quy định tại điểm c khoản 1 Điều này thì thực hiện như sau: 
 a) Trong thời hạn 30 ngày kể từ khi hết thời hạn quy định tại điểm c khoản 1 Điều này, Bộ Tài chính có văn bản gửi đến văn phòng đại diện nước ngoài, đồng gửi các cơ quan quản lý nhà nước có liên quan, thông báo về việc văn phòng đại diện chấm dứt hoạt động kể từ ngày hết hạn Giấy phép và yêu cầu doanh nghiệp nước ngoài thực hiện các thủ tục chấm dứt hoạt động của văn phòng đại diện; 
 b) Trong thời hạn 20 ngày, kể từ ngày nhận được văn bản của Bộ Tài chính, doanh nghiệp nước ngoài phải nộp trực tiếp hoặc qua đường bưu điện hoặc trực tuyến (nếu đủ điều kiện áp dụng) 01 bộ hồ sơ theo quy định tại điểm a, c, d và đ khoản 2 Điều này đến Bộ Tài chính; 
 c) Trong thời hạn 20 ngày kể từ ngày nhận đủ hồ sơ hợp lệ, Bộ Tài chính có quyết định chấm dứt hoạt động của văn phòng đại diện nước ngoài; 
 d) Trong thời hạn 01 năm kể từ ngày Bộ Tài chính có văn bản thông báo về việc văn phòng đại diện nước ngoài chấm dứt hoạt động, doanh nghiệp nước ngoài hoặc đại diện theo ủy quyền phải báo cáo Bộ Tài chính về việc đã hoàn thành các nghĩa vụ với tổ chức, cá nhân tại Việt Nam kèm theo các tài liệu chứng minh theo quy định tại điểm b khoản 2 Điều này; 
 đ) Trong thời hạn 05 ngày làm việc kể từ ngày hết thời hạn 01 năm theo quy định tại điểm d khoản này, trường hợp chưa hoàn thành các nghĩa vụ với người lao động và tổ chức, cá nhân khác tại Việt Nam thì doanh nghiệp nước ngoài hoặc đại diện theo ủy quyền phải có văn bản báo cáo Bộ Tài chính lý do. Khi hết thời hạn 05 ngày làm việc nêu trên mà chưa nhận được văn bản báo cáo này, Bộ Tài chính sẽ có công văn gửi cơ quan quản lý nhà nước về bảo hiểm nơi doanh nghiệp nước ngoài đặt trụ sở chính thông báo về việc doanh nghiệp, tập đoàn nước ngoài chưa hoàn thành nghĩa vụ với tổ chức, cá nhân tại Việt Nam; 
 e) Trong thời hạn 20 ngày kể từ ngày nhận được báo cáo kèm theo tài liệu theo quy định tại điểm d khoản này, Bộ Tài chính có văn bản xác nhận doanh nghiệp nước ngoài đã hoàn thành thủ tục đóng cửa văn phòng đại diện tại Việt Nam. 
 5. Khi chấm dứt hoạt động, văn phòng đại diện nước ngoài tại Việt Nam phải thực hiện đầy đủ thủ tục và nghĩa vụ theo quy định pháp luật. Trường hợp văn phòng đại diện nước ngoài chấm dứt hoạt động theo quy định tại điểm c khoản 1 Điều này thì doanh nghiệp nước ngoài có trách nhiệm thực hiện hoặc ủy quyền cho tổ chức, cá nhân tại Việt Nam thực hiện các nghĩa vụ chưa hoàn thành với người lao động và các tổ chức, cá nhân khác tại Việt Nam khi đóng cửa văn phòng đại diện.",content.csv,Nghị định số 46/2023/NĐ-CP Quy định chi tiết thi hành một số điều của Luật Kinh doanh bảo hiểm,Nghị định,01/07/2023,Hết hiệu lực một phần,"[""Admin"", ""Staff"", ""Guest""]"
163441_art_61,163441,"Điều 61. Thu hồi giấy phép đặt văn phòng đại diện nước ngoài tại Việt Nam 
 1. Văn phòng đại diện nước ngoài tại Việt Nam bị thu hồi giấy phép đặt văn phòng đại diện trong trường hợp hoạt động không đúng với nội dung quy định trong giấy phép đặt văn phòng đại diện hoặc hồ sơ đề nghị cấp giấy phép đặt văn phòng đại diện nước ngoài tại Việt Nam có thông tin gian lận để có đủ điều kiện được cấp giấy phép. 
 2. Trong thời hạn 30 ngày kể từ ngày ký biên bản xác định các hành vi vi phạm, Bộ Tài chính có quyết định thu hồi giấy phép đặt văn phòng đại diện nước ngoài tại Việt Nam gửi cho văn phòng đại diện nước ngoài tại Việt Nam và các cơ quan có liên quan để phối hợp quản lý nhà nước. 
 3. Trong thời hạn 30 ngày kể từ ngày nhận được quyết định của Bộ Tài chính, doanh nghiệp nước ngoài phải nộp Bộ Tài chính 01 bộ hồ sơ bao gồm các tài liệu sau đây: 
 a) Các bằng chứng chứng minh đã hoàn thành nghĩa vụ với người lao động và các nghĩa vụ với các cơ quan, tổ chức, cá nhân khác tại Việt Nam; 
 b) Bản gốc giấy phép đặt văn phòng đại diện nước ngoài tại Việt Nam và các quyết định gia hạn giấy phép (nếu có); 
 c) Bản gốc các giấy phép, quyết định khác có liên quan trong quá trình hoạt động của văn phòng đại diện nước ngoài tại Việt Nam; 
 d) Văn bản ủy quyền cho một tổ chức tại Việt Nam thay mặt cho doanh nghiệp nước ngoài thực hiện các thủ tục hành chính với các cơ quan quản lý nhà nước có liên quan (nếu có). 
 4. Doanh nghiệp nước ngoài nộp trực tiếp hoặc qua đường bưu điện hoặc trực tuyến (nếu đủ điều kiện áp dụng) 01 bộ hồ sơ theo quy định tại khoản 3 Điều này đến Bộ Tài chính. Trong thời hạn 20 ngày kể từ ngày nhận đủ hồ sơ hợp lệ, Bộ Tài chính có quyết định chấm dứt hoạt động của văn phòng đại diện nước ngoài. 
 5. Khi bị thu hồi giấy phép đặt văn phòng đại diện, văn phòng đại diện nước ngoài tại Việt Nam phải thực hiện đầy đủ thủ tục và nghĩa vụ theo quy định pháp luật. 
 Chương III 
 ĐẠI LÝ BẢO HIỂM, DOANH NGHIỆP MÔI GIỚI BẢO HIỂM, 
 TỔ CHỨC, CÁ NHÂN CUNG CẤP DỊCH VỤ PHỤ TRỢ BẢO HIỂM 
 Mục 1 
 ĐẠI LÝ BẢO HIỂM",content.csv,Nghị định số 46/2023/NĐ-CP Quy định chi tiết thi hành một số điều của Luật Kinh doanh bảo hiểm,Nghị định,01/07/2023,Hết hiệu lực một phần,"[""Admin"", ""Staff"", ""Guest""]"
163441_art_62,163441,"Điều 62. Điều kiện đối với tổ chức hoạt động đại lý bảo hiểm 
 Tổ chức hoạt động đại lý bảo hiểm phải đáp ứng điều kiện quy định tại khoản 2",content.csv,Nghị định số 46/2023/NĐ-CP Quy định chi tiết thi hành một số điều của Luật Kinh doanh bảo hiểm,Nghị định,01/07/2023,Hết hiệu lực một phần,"[""Admin"", ""Staff"", ""Guest""]"
163441_art_125,163441,"Điều 125 Luật Kinh doanh bảo hiểm và các điều kiện sau: 
 1. Đối với tổ chức hoạt động đại lý bảo hiểm là tổ chức tín dụng và chi nhánh ngân hàng nước ngoài: 
 a) Phải thành lập bộ phận chuyên trách để thực hiện hoạt động đại lý bảo hiểm; 
 b) Người đứng đầu bộ phận chuyên trách thực hiện hoạt động đại lý bảo hiểm phải có tối thiểu 03 năm kinh nghiệm làm việc trong lĩnh vực tài chính, ngân hàng, bảo hiểm và có bằng tốt nghiệp từ đại học trở lên về chuyên ngành bảo hiểm. Trường hợp không có bằng tốt nghiệp từ đại học trở lên về chuyên ngành bảo hiểm thì phải có bằng tốt nghiệp từ đại học trở lên về chuyên ngành khác và chứng chỉ bảo hiểm theo quy định của Bộ Tài chính; 
 c) Tại mỗi chi nhánh của tổ chức tín dụng thực hiện hoạt động đại lý bảo hiểm phải đảm bảo tối thiểu 3 nhân viên được đào tạo và có chứng chỉ đại lý bảo hiểm phù hợp với loại hình bảo hiểm mà tổ chức tín dụng làm đại lý. Tại mỗi phòng giao dịch của tổ chức tín dụng thực hiện hoạt động đại lý bảo hiểm phải đảm bảo tối thiểu 1 nhân viên được đào tạo và có chứng chỉ đại lý bảo hiểm phù hợp với loại hình bảo hiểm mà tổ chức tín dụng làm đại lý; 
 d) Có hệ thống công nghệ thông tin phù hợp, bảo đảm cung cấp đầy đủ, chính xác, kịp thời các thông tin liên quan đến hợp đồng bảo hiểm khai thác qua tổ chức đại lý; 
 đ) Có quy trình giám sát và kiểm soát chất lượng việc thực hiện hoạt động đại lý bảo hiểm của các nhân viên trong tổ chức đại lý. Quy trình giám sát và kiểm soát chất lượng phải đảm bảo các nhân viên trong tổ chức đại lý trực tiếp thực hiện hoạt động đại lý tuân thủ đúng các nguyên tắc hoạt động đại lý, các nội dung được ủy quyền tại hợp đồng đại lý và quy định của pháp luật có liên quan; cho phép doanh nghiệp bảo hiểm, chi nhánh nước ngoài tại Việt Nam tham gia vào quá trình kiểm tra, giám sát đối với chất lượng hoạt động đại lý của nhân viên trong tổ chức đại lý; việc xử lý vi phạm đối với các nhân viên trong tổ chức hoạt động đại lý khi trực tiếp thực hiện hoạt động đại lý; 
 e) Tại mỗi chi nhánh, phòng giao dịch của tổ chức tín dụng và chi nhánh ngân hàng nước ngoài phải thiết lập một quầy giao dịch riêng (hoặc bàn giao dịch riêng) để thực hiện hoạt động đại lý bảo hiểm, tách biệt với khu vực giao dịch, hoạt động nghiệp vụ khác của tổ chức tín dụng, chi nhánh ngân hàng nước ngoài. 
 2. Đối với các tổ chức khác hoạt động đại lý bảo hiểm: 
 a) Tổ chức phải có tối thiểu 3 nhân viên trực tiếp thực hiện hoạt động đại lý bảo hiểm; 
 b) Có quy trình giám sát việc tuân thủ nguyên tắc hoạt động đại lý bảo hiểm theo quy định của Luật Kinh doanh bảo hiểm đối với các nhân viên trong tổ chức thực hiện hoạt động đại lý bảo hiểm. 
 3. Tổ chức hoạt động đại lý bảo hiểm phải duy trì và tuân thủ các điều kiện hoạt động đại lý bảo hiểm trong suốt quá trình hoạt động. Trường hợp không đáp ứng một trong các điều kiện thì tổ chức đó không được thực hiện hoạt động đại lý bảo hiểm cho đến khi đáp ứng đủ điều kiện theo quy định và phải thông báo cho doanh nghiệp bảo hiểm, chi nhánh doanh nghiệp bảo hiểm phi nhân thọ nước ngoài, tổ chức tương hỗ cung cấp bảo hiểm vi mô trong LuatVietnam Tiên ích văn bản luật vòng 5 ngày làm việc kể từ ngày không đáp ứng đủ điều kiện hoạt động đại lý bảo hiểm. Sau 6 tháng kể từ ngày thông báo mà tổ chức đó vẫn không đáp ứng đủ điều kiện hoạt động đại lý bảo hiểm theo quy định thì doanh nghiệp bảo hiểm, chi nhánh doanh nghiệp bảo hiểm phi nhân thọ nước ngoài, tổ chức tương hỗ cung cấp bảo hiểm vi mô phải chấm dứt hợp đồng đại lý bảo hiểm. 
 4. Tổ chức đang thực hiện hoạt động đại lý bảo hiểm phải đáp ứng các điều kiện tại khoản 1 và khoản 2 Điều này trong thời hạn 01 năm kể từ ngày Nghị định này có hiệu lực. 
 Mục 2 
 DOANH NGHIỆP MÔI GIỚI BẢO HIỂM",content.csv,Nghị định số 46/2023/NĐ-CP Quy định chi tiết thi hành một số điều của Luật Kinh doanh bảo hiểm,Nghị định,01/07/2023,Hết hiệu lực một phần,"[""Admin"", ""Staff""]"
163441_art_63,163441,"Điều 63. Điều kiện về tài chính để được cấp Giấy phép thành lập và hoạt động của doanh nghiệp môi giới bảo hiểm 
 Tổ chức góp vốn thành lập doanh nghiệp môi giới bảo hiểm phải đáp ứng các điều kiện sau đây: 
 1. Tổ chức tham gia góp vốn từ 10% vốn điều lệ trở lên phải hoạt động kinh doanh có lãi trong 03 năm liền kể trước năm nộp hồ sơ đề nghị cấp Giấy phép. 
 2. Tổ chức tham gia góp vốn hoạt động trong ngành nghề kinh doanh có yêu cầu vốn pháp định hoặc vốn điều lệ tối thiểu hoặc vốn tối thiểu phải bảo đảm vốn chủ sở hữu theo báo cáo tài chính đã được kiểm toán của năm liền kề trước thời điểm nộp hồ sơ trừ đi vốn pháp định hoặc vốn điều lệ tối thiểu hoặc vốn tối thiểu lớn hơn hoặc bằng số vốn dự kiến góp. 
 3. Trường hợp tổ chức góp vốn là tổ chức được thành lập và hoạt động theo quy định của Luật Các tổ chức tín dụng, Luật Kinh doanh bảo hiểm, Luật Chứng khoán thì các tổ chức này phải bảo đảm duy trì và đáp ứng các điều kiện an toàn tài chính và được cơ quan có thẩm quyền chấp thuận cho phép tham gia góp vốn theo quy định pháp luật. Trường hợp pháp luật liên quan không yêu cầu cơ quan có thẩm quyền phải có văn bản chấp thuận thì tổ chức góp vốn phải có văn bản chứng minh việc này. 
 4. Trường hợp tổ chức thành lập theo pháp luật nước ngoài tham gia góp vốn có công ty con thực hiện hoạt động môi giới bảo hiểm thì phải đảm bảo tổ chức thành lập theo pháp luật nước ngoài không có lỗ lũy kế đến thời điểm nộp hồ sơ đề nghị cấp Giấy phép và có tổng tài sản không thấp hơn 2 triệu Đô la Mỹ vào năm tài chính liền kề trước năm nộp hồ sơ đề nghị cấp giấy phép. 
 5. Tổ chức góp từ 10% vốn điều lệ trở lên phải có báo cáo tài chính 03 năm liền kể trước năm nộp hồ sơ đề nghị cấp Giấy phép được kiểm toán với ý kiến chấp nhận toàn phần; tổ chức góp dưới 10% vốn điều lệ phải có báo cáo tài chính năm liền kể trước năm nộp hồ sơ đề nghị cấp Giấy phép được kiểm toán với ý kiến chấp nhận toàn phần.",content.csv,Nghị định số 46/2023/NĐ-CP Quy định chi tiết thi hành một số điều của Luật Kinh doanh bảo hiểm,Nghị định,01/07/2023,Hết hiệu lực một phần,"[""Admin"", ""Staff""]"
163441_art_133,163441,"Điều 133 Luật Kinh doanh bảo hiểm. 
 6. Hồ sơ của cổ đông, thành viên góp vốn dưới 10% vốn điều lệ là tổ chức: 
 a) Tài liệu quy định tại các điểm a, b, c, d khoản 5 Điều này, 
 b) Bản sao báo cáo tài chính đã được kiểm toán cho năm tài chính liền kề trước năm nộp hồ sơ đề nghị cấp Giấy phép đáp ứng quy định tại khoản 5",content.csv,Nghị định số 46/2023/NĐ-CP Quy định chi tiết thi hành một số điều của Luật Kinh doanh bảo hiểm,Nghị định,01/07/2023,Hết hiệu lực một phần,"[""Admin"", ""Staff"", ""Guest""]"
163441_art_68,163441,"Điều 68. Giám vọn điều lệ 
 1. Doanh nghiệp môi giới bảo hiểm muốn giảm vốn điều lệ phải đáp ứng các điều kiện sau: 
 a) Vốn điều lệ sau khi giám phải đáp ứng quy định về mức vốn điều lệ tối thiểu theo quy định tại",content.csv,Nghị định số 46/2023/NĐ-CP Quy định chi tiết thi hành một số điều của Luật Kinh doanh bảo hiểm,Nghị định,01/07/2023,Hết hiệu lực một phần,"[""Admin"", ""Staff"", ""Guest""]"
163441_art_69,163441,"Điều 69. Thay đổi nội dung, phạm vi và thời hạn hoạt động 
 1. Doanh nghiệp môi giới bảo hiểm muốn mở rộng nội dung, phạm vi, thời hạn hoạt động được quy định trong Giấy phép thành lập và hoạt động phải đáp ứng các điều kiện sau: 
 a) Người đứng đầu bộ phận nghiệp vụ mở rộng phải đáp ứng tiêu chuẩn tại",content.csv,Nghị định số 46/2023/NĐ-CP Quy định chi tiết thi hành một số điều của Luật Kinh doanh bảo hiểm,Nghị định,01/07/2023,Hết hiệu lực một phần,"[""Admin"", ""Staff"", ""Guest""]"
163441_art_80,163441,"Điều 80 Nghị định này (đối với việc mở rộng nội dung, phạm vi hoạt động); 
 b) Không bị xử phạt vi phạm hành chính trong lĩnh vực kinh doanh bảo hiểm trong thời hạn 12 tháng tính đến thời điểm nộp hồ sơ xin mở rộng nội dung, phạm vi và thời hạn hoạt động; 
 c) Vốn chủ sở hữu tại thời điểm lập báo cáo tài chính gần nhất không thấp hơn mức vốn điều lệ tối thiểu được quy định tại",content.csv,Nghị định số 46/2023/NĐ-CP Quy định chi tiết thi hành một số điều của Luật Kinh doanh bảo hiểm,Nghị định,01/07/2023,Hết hiệu lực một phần,"[""Admin"", ""Staff"", ""Guest""]"
163441_art_71,163441,"Điều 71. Chia, tách, hợp nhất, sáp nhập, chuyển đổi hình thức doanh nghiệp 
 1. Việc chia, tách, hợp nhất, sáp nhập, chuyển đổi hình thức doanh nghiệp môi giới bảo hiểm đáp ứng các điều kiện sau: 
 a) Không gây thiệt hại đến quyền và lợi ích hợp pháp của bên mua bảo hiểm, người lao động và Nhà nước; 
 b) Tuân thủ các quy định của pháp luật có liên quan; 
 c) Tổ chức, cá nhân dự kiến góp vốn vào doanh nghiệp môi giới bảo hiểm sau khi hợp nhất, sáp nhập, chuyển đổi hình thức doanh nghiệp phải đáp ứng các điều kiện quy định tại các khoản 1, 2 và 5",content.csv,Nghị định số 46/2023/NĐ-CP Quy định chi tiết thi hành một số điều của Luật Kinh doanh bảo hiểm,Nghị định,01/07/2023,Hết hiệu lực một phần,"[""Admin"", ""Staff"", ""Guest""]"
163441_art_72,163441,"Điều 72. Điều kiện, hồ sơ, trình tự và thủ tục giải thể doanh nghiệp môi giới bảo hiểm 
 1. Doanh nghiệp môi giới bảo hiểm chỉ được giải thể khi bảo đảm thanh toán hết các khoản nợ, nghĩa vụ tài sản khác và không trong quá trình giải quyết tranh chấp tại Tòa án hoặc Trọng tài. Người quản lý có liên quan và doanh nghiệp môi giới bảo hiểm cùng liên đới chịu trách nhiệm về các khoản nợ của doanh nghiệp môi giới bảo hiểm. 
 2. Việc thanh toán các khoản nợ của doanh nghiệp môi giới bảo hiểm được thực hiện theo thứ tự ưu tiên sau đây: 
 a) Các khoản nợ lương, trợ cấp thôi việc, bảo hiểm xã hội, bảo hiểm y tế, bảo hiểm thất nghiệp theo quy định của pháp luật và các quyền lợi khác của người lao động theo thỏa ước lao động tập thể và hợp đồng lao động đã ký kết; 
 b) Nợ thuế, 
 c) Các khoản nợ khác. 
 3. Sau khi hoàn thành việc thanh toán các khoản nợ theo quy định tại khoản 2 Điều này, doanh nghiệp môi giới bảo hiểm gửi Bộ Tài chính hồ sơ giải thể, bao gồm: 
 a) Văn bản đề nghị giải thể do người đại diện theo pháp luật ký, trong đó nêu rõ lý do giải thể theo mẫu quy định tại Phụ lục XIX ban hành kèm theo Nghị định này; 
 b) Quyết định của cấp có thẩm quyền theo quy định tại Điều lệ công ty; 
 c) Bằng chứng chứng minh doanh nghiệp môi giới bảo hiểm đã thực hiện hết các khoản nợ, nghĩa vụ tài sản và cam kết không trong quá trình giải quyết tranh chấp tại tòa án hoặc cơ quan trọng tài, gồm các tài liệu sau: Báo cáo việc thực hiện các nghĩa vụ đối với người lao động theo quy định của pháp luật; Báo cáo việc thực hiện các nghĩa vụ với nhà nước và các chủ nợ khác; Bản sao công chứng giấy xác nhận của cơ quan thuế về việc đã hoàn thành các nghĩa vụ về thuế; Các tài liệu chứng minh khác (nếu có); 
 d) Giấy phép thành lập và hoạt động. 
 4. Thành viên Hội đồng quản trị, thành viên Hội đồng thành viên, Giám đốc hoặc Tổng giám đốc, người đại diện theo pháp luật của doanh nghiệp môi giới bảo hiểm chịu trách nhiệm về tính trung thực, chính xác của hồ sơ. 
 5. Trong thời hạn 20 ngày kể từ ngày nhận được hồ sơ đầy đủ và hợp lệ, Bộ Tài chính ra quyết định giải thể doanh nghiệp môi giới bảo hiểm. 
 6. Trường hợp hồ sơ giải thể không chính xác, giả mạo, những người quy định tại khoản 4 Điều này phải liên đới chịu trách nhiệm thanh toán quyền lợi của người lao động chưa được giải quyết, số thuế chưa nộp, số nợ khác chưa thanh toán và chịu trách nhiệm cá nhân trước pháp luật về những hệ quả phát sinh trong thời hạn 05 năm kể từ ngày nộp hồ sơ giải thể đến Bộ Tài chính.",content.csv,Nghị định số 46/2023/NĐ-CP Quy định chi tiết thi hành một số điều của Luật Kinh doanh bảo hiểm,Nghị định,01/07/2023,Hết hiệu lực một phần,"[""Admin"", ""Staff"", ""Guest""]"
163441_art_73,163441,"Điều 73. Bổ nhiệm, thay đổi Chủ tịch Hội đồng quản trị (Chủ tịch Hội đồng thành viên), Tổng giám đốc (Giám đốc) 
 1. Doanh nghiệp môi giới bảo hiểm phải được Bộ Tài chính chấp thuận bằng văn bản khi bổ nhiệm, thay đổi các chức danh sau: 
 a) Chủ tịch Hội đồng quản trị, Chủ tịch Hội đồng thành viên; 
 b) Tổng Giám đốc (Giám đốc). 
 2. Hồ sơ bổ nhiệm, thay đổi các chức danh quy định tại khoản 1 Điều này bao gồm các tài liệu sau: 
 a) Văn bản đề nghị bổ nhiệm, thay đổi theo mẫu quy định tại Phụ lục III ban hành kèm theo Nghị định này; 
 b) Văn bản của cấp có thẩm quyền theo quy định tại Điều lệ công ty; 
 c) Phiếu lý lịch tư pháp theo mẫu hoặc giấy tờ tương đương của người nước ngoài do pháp luật nước ngoài quy định đáp ứng quy định tại điểm đ khoản 2",content.csv,Nghị định số 46/2023/NĐ-CP Quy định chi tiết thi hành một số điều của Luật Kinh doanh bảo hiểm,Nghị định,01/07/2023,Hết hiệu lực một phần,"[""Admin""]"
163441_art_74,163441,"Điều 74. Mở chi nhánh, văn phòng đại diện và các hình thức hiện điện thương mại khác tại nước ngoài của doanh nghiệp môi giới bảo hiểm 
 1. Doanh nghiệp môi giới bảo hiểm muốn mở chi nhánh, văn phòng đại diện và các hình thức hiện diện thương mại khác tại nước ngoài phải đáp ứng các điều kiện sau: 
 a) Vốn chủ sở hữu tại thời điểm lập báo cáo tài chính gần nhất không thấp hơn mức vốn điều lệ tối thiểu được quy định tại",content.csv,Nghị định số 46/2023/NĐ-CP Quy định chi tiết thi hành một số điều của Luật Kinh doanh bảo hiểm,Nghị định,01/07/2023,Hết hiệu lực một phần,"[""Admin"", ""Staff"", ""Guest""]"
163441_art_76,163441,"Điều 76. Tiêu chuẩn chung của người quản lý của doanh nghiệp môi giới bảo hiểm 
 1. Có quyền quản lý doanh nghiệp theo quy định của Luật Doanh nghiệp. 
 2. Không bị xử phạt vi phạm hành chính trong lĩnh vực kinh doanh bảo hiểm, không bị xử lý kỷ luật dưới hình thức sa thải do vi phạm quy trình nội bộ trong 03 năm liên tục trước thời điểm được bổ nhiệm; không bị cơ quan có thẩm quyền khởi tố theo quy định của pháp luật tại thời điểm được bầu, bổ nhiệm.",content.csv,Nghị định số 46/2023/NĐ-CP Quy định chi tiết thi hành một số điều của Luật Kinh doanh bảo hiểm,Nghị định,01/07/2023,Hết hiệu lực một phần,"[""Admin""]"
163441_art_77,163441,"Điều 77. Tiêu chuẩn của thành viên Hội đồng quản trị, thành viên Hội đồng thành viên 
 1. Các tiêu chuẩn chung theo quy định tại",content.csv,Nghị định số 46/2023/NĐ-CP Quy định chi tiết thi hành một số điều của Luật Kinh doanh bảo hiểm,Nghị định,01/07/2023,Hết hiệu lực một phần,"[""Admin"", ""Staff"", ""Guest""]"
163441_art_78,163441,"Điều 78. Tiêu chuẩn của Giám đốc hoặc Tổng giám đốc, người đại diện theo pháp luật 
 1. Các tiêu chuẩn chung quy định tại",content.csv,Nghị định số 46/2023/NĐ-CP Quy định chi tiết thi hành một số điều của Luật Kinh doanh bảo hiểm,Nghị định,01/07/2023,Hết hiệu lực một phần,"[""Admin"", ""Staff"", ""Guest""]"
163441_art_79,163441,"Điều 79. Tiêu chuẩn của Phó Giám đốc hoặc Phó Tổng Giám đốc, Kế toán trưởng 
 1. Các tiêu chuẩn chung theo quy định tại",content.csv,Nghị định số 46/2023/NĐ-CP Quy định chi tiết thi hành một số điều của Luật Kinh doanh bảo hiểm,Nghị định,01/07/2023,Hết hiệu lực một phần,"[""Admin"", ""Staff"", ""Guest""]"
163441_art_83,163441,"Điều 83. Chi phí của doanh nghiệp môi giới bảo hiểm 
 Chi phí của doanh nghiệp môi giới bảo hiểm là các khoản phải chi, phải trích phát sinh trong kỳ liên quan đến nội dung hoạt động của doanh nghiệp môi giới bảo hiểm và phải có đủ hóa đơn, chứng từ theo quy định pháp luật, bao gồm: 
 1. Chi phí hoạt động môi giới bảo hiểm: 
 a) Chỉ hoạt động môi giới bảo hiểm gốc, hoạt động môi giới tái bảo hiểm; 
 b) Chi cung cấp dịch vụ phụ trợ bảo hiểm; 
 c) Chi hoạt động khác liên quan đến hợp đồng bảo hiểm theo yêu cầu của bên mua bảo hiểm; 
 d) Chỉ mua bảo hiểm trách nhiệm nghề nghiệp; 
 l) Các khoản chi phí, trích lập khác theo quy định pháp luật. 
 2. Chi phí hoạt động tài chính: 
 a) Chi phí cho thuê tài sản; 
 b) Chi thủ tục phí ngân hàng, trả lãi tiền vay; 
 c) Chi phí, trích lập khác theo quy định pháp luật. 
 3. Chi phí hoạt động khác: 
 a) Chi nhượng bán, thanh lý tài sản cố định; 
 b) Chi phí cho việc thu hồi khoản nợ phải thu khó đòi đã xóa nay thu hồi được; 
 c) Chi phí, trích lập khác theo quy định pháp luật. 
 Mục 3 
 DỊCH VỤ PHỤ TRỢ BẢO HIỂM",content.csv,Nghị định số 46/2023/NĐ-CP Quy định chi tiết thi hành một số điều của Luật Kinh doanh bảo hiểm,Nghị định,01/07/2023,Hết hiệu lực một phần,"[""Admin"", ""Staff"", ""Guest""]"
163441_art_84,163441,"Điều 84. Điều kiện văn bằng, chứng chỉ, tiêu chuẩn đối với cá nhân trực tiếp thực hiện hoạt động phụ trợ bảo hiểm trong tổ chức cung cấp dịch vụ phụ trợ bảo hiểm 
 1. Cá nhân trực tiếp thực hiện hoạt động tư vấn phải đáp ứng một trong các điều kiện về văn bằng, chứng chỉ như sau: 
 a) Có bằng đại học trở lên về chuyên ngành bảo hiểm; 
 b) Có bằng đại học trở lên về chuyên ngành khác và có chứng chỉ tư vấn bảo hiểm do cơ sở đào tạo về bảo hiểm được thành lập và hoạt động hợp pháp trong và ngoài nước cấp tương ứng với loại hình bảo hiểm thực hiện tư vấn. 
 2. Cá nhân trực tiếp thực hiện hoạt động đánh giá rủi ro bảo hiểm phải đáp ứng một trong các điều kiện về văn bằng, chứng chỉ như sau: 
 a) Có bằng đại học trở lên về chuyên ngành bảo hiểm; 
 b) Có bằng đại học trở lên về chuyên ngành khác và có chứng chỉ đánh giá rủi ro bảo hiểm do cơ sở đào tạo về bảo hiểm được thành lập và hoạt động hợp pháp trong và ngoài nước cấp tương ứng với loại hình bảo hiểm thực hiện đánh giá rủi ro. 
 3. Cá nhân trực tiếp thực hiện hoạt động tính toán bảo hiểm đối với doanh nghiệp bảo hiểm, doanh nghiệp tái bảo hiểm, chi nhánh nước ngoài phải đáp ứng các điều kiện, tiêu chuẩn tại các khoản 2, 3",content.csv,Nghị định số 46/2023/NĐ-CP Quy định chi tiết thi hành một số điều của Luật Kinh doanh bảo hiểm,Nghị định,01/07/2023,Hết hiệu lực một phần,"[""Admin"", ""Staff""]"
163441_art_85,163441,"Điều 85. Đối tượng cung cấp và sử dụng dịch vụ bảo hiểm, môi giới bảo hiểm qua biên giới 
 1. Đối tượng cung cấp dịch vụ bảo hiểm, môi giới bảo hiểm qua biên giới (sau đây gọi là cung cấp dịch vụ bảo hiểm qua biên giới) là doanh nghiệp bảo hiểm, doanh nghiệp môi giới bảo hiểm nước ngoài có trụ sở chính tại quốc gia, vùng lãnh thổ mà Việt Nam và quốc gia, vùng lãnh thổ đó đã ký kết các điều ước quốc tế về thương mại trong đó có thỏa thuận về cung cấp dịch vụ bảo hiểm qua biên giới tại Việt Nam. 
 2. Đối tượng sử dụng dịch vụ bảo hiểm cung cấp qua biên giới là tổ chức kinh tế có vốn đầu tư nước ngoài và người nước ngoài làm việc tại Việt Nam. 
 3. Các dịch vụ tái bảo hiểm, bảo hiểm hàng hải quốc tế, bảo hiểm hàng không quốc tế, môi giới tái bảo hiểm quốc tế thực hiện theo quy định pháp luật hiện hành và thông lệ tốt nhất.",content.csv,Nghị định số 46/2023/NĐ-CP Quy định chi tiết thi hành một số điều của Luật Kinh doanh bảo hiểm,Nghị định,01/07/2023,Hết hiệu lực một phần,"[""Admin"", ""Staff"", ""Guest""]"
163441_art_86,163441,"Điều 86. Các điều kiện cung cấp dịch vụ bảo hiểm qua biên giới 
 Doanh nghiệp bảo hiểm, doanh nghiệp môi giới bảo hiểm nước ngoài cung cấp dịch vụ bảo hiểm qua biên giới tại Việt Nam phải đáp ứng các điều kiện sau: 
 1. Các điều kiện chung: 
 a) Có Giấy phép của cơ quan quản lý nhà nước về bảo hiểm nước ngoài nơi doanh nghiệp đóng trụ sở chính cho phép thực hiện các nghiệp vụ bảo hiểm dự kiến cung cấp qua biên giới tại Việt Nam và chứng minh doanh nghiệp đang hoạt động hợp pháp ít nhất 10 năm tính tới thời điểm cung cấp dịch vụ bảo hiểm qua biên giới tại Việt Nam; 
 b) Có văn bản của cơ quan quản lý nhà nước về bảo hiểm nước ngoài nơi doanh nghiệp đóng trụ sở chính cho phép cung cấp dịch vụ bảo hiểm qua biên giới tại Việt Nam và xác nhận không vi phạm các quy định pháp luật về hoạt động kinh doanh bảo hiểm, môi giới bảo hiểm và các quy định pháp luật khác của nước ngoài trong thời hạn 03 năm liền kề trước năm cung cấp dịch vụ bảo hiểm qua biên giới tại Việt Nam. 
 2. Các điều kiện về năng lực tài chính: 
 a) Có tổng tài sản tối thiểu tương đương 02 tỷ đô la Mỹ đối với doanh nghiệp bảo hiểm nước ngoài; tối thiểu tương đương 100 triệu đô la Mỹ đối với doanh nghiệp môi giới bảo hiểm nước ngoài vào năm tài chính trước năm cung cấp dịch vụ bảo hiểm qua biên giới tại Việt Nam; 
 b) Doanh nghiệp bảo hiểm nước ngoài được xếp hạng tối thiểu ""BBB"" theo Standard &amp; Poor's hoặc Fitch, ""B++"" theo A.M.Best, ""Baal"" theo Moody's hoặc các kết quả xếp hạng tương đương của các tổ chức có chức năng, kinh nghiệm xếp hạng khác tại năm tài chính trước năm cung cấp dịch vụ bảo hiểm qua biên giới tại Việt Nam; 
 c) Hoạt động kinh doanh có lãi trong 03 năm tài chính liên kế trước năm cung cấp dịch vụ bảo hiểm qua biên giới tại Việt Nam. 
 3. Các điều kiện về khả năng xử lý tôn thất: 
 a) Doanh nghiệp bảo hiểm nước ngoài phải ký quỹ tối thiểu 100 tỷ đồng Việt Nam tại ngân hàng được cấp Giấy phép tại Việt Nam và có thư bảo lãnh thanh toán của ngân hàng đó cam kết thanh toán trong trường hợp trách nhiệm của các hợp đồng bảo hiểm cung cấp qua biên giới tại Việt Nam vượt quá mức ký quỹ bắt buộc. Tiền ký quỹ chỉ được sử dụng để đáp ứng các cam kết đối với bên mua bảo hiểm khi doanh nghiệp bảo hiểm nước ngoài mất khả năng thanh toán theo quyết định của cơ quan nhà nước có thẩm quyền nước ngoài nơi doanh nghiệp đặt trụ sở chính. Tiền ký quỹ được hưởng lãi theo thỏa thuận với ngân hàng nơi ký quỹ. Doanh nghiệp bảo hiểm nước ngoài được rút toàn bộ tiền ký quỹ khi chấm dứt trách nhiệm đối với các hợp đồng cung cấp dịch vụ bảo hiểm qua biên giới tại Việt Nam; 
 b) Doanh nghiệp bảo hiểm nước ngoài phải có quy trình giải quyết bồi thường trong đó nêu rõ thủ tục, trình tự xử lý tổn thất và thời hạn trả tiền bồi thường cho bên mua bảo hiểm tại Việt Nam. Trong mọi trường hợp, doanh nghiệp bảo hiểm nước ngoài hoặc đại diện được ủy quyền phải có mặt tại nơi xảy ra tổn thất trong thời hạn bốn mươi tám giờ kể từ thời điểm nhận được&nbsp;Thông báo tổn thất. Thời hạn giải quyết bồi thường tối đa theo quy định tại",content.csv,Nghị định số 46/2023/NĐ-CP Quy định chi tiết thi hành một số điều của Luật Kinh doanh bảo hiểm,Nghị định,01/07/2023,Hết hiệu lực một phần,"[""Admin"", ""Staff"", ""Guest""]"
163441_art_87,163441,"Điều 87. Điều kiện cung cấp dịch vụ phụ trợ bảo hiểm qua biên giới 
 1. Cá nhân nước ngoài cung cấp dịch vụ tư vấn bảo hiểm qua biên giới tại Việt Nam phải đáp ứng các điều kiện theo quy định tại khoản 1",content.csv,Nghị định số 46/2023/NĐ-CP Quy định chi tiết thi hành một số điều của Luật Kinh doanh bảo hiểm,Nghị định,01/07/2023,Hết hiệu lực một phần,"[""Admin"", ""Staff"", ""Guest""]"
163441_art_143,163441,"Điều 143 Luật Kinh doanh bảo hiểm. 
 2. Tổ chức nước ngoài cung cấp dịch vụ phụ trợ bảo hiểm qua biên giới tại Việt Nam phải đáp ứng điều kiện quy định tại khoản 2",content.csv,Nghị định số 46/2023/NĐ-CP Quy định chi tiết thi hành một số điều của Luật Kinh doanh bảo hiểm,Nghị định,01/07/2023,Hết hiệu lực một phần,"[""Admin"", ""Staff"", ""Guest""]"
163441_art_88,163441,"Điều 88. Phương thức thực hiện cung cấp dịch vụ bảo hiểm qua biên giới, dịch vụ phụ trợ bảo hiểm qua biên giới tại Việt Nam 
 1. Doanh nghiệp bảo hiểm nước ngoài khi cung cấp dịch vụ bảo hiểm qua biên giới tại Việt Nam phải thực hiện thông qua doanh nghiệp môi giới bảo hiểm được cấp Giấy phép thành lập và hoạt động tại Việt Nam. 
 2. Doanh nghiệp môi giới bảo hiểm nước ngoài cung cấp dịch vụ bảo hiểm qua biên giới tại Việt Nam phải môi giới cho doanh nghiệp bảo hiểm hoặc chi nhánh doanh nghiệp bảo hiểm phi nhân thọ nước ngoài được cấp Giấy phép thành lập và hoạt động tại Việt Nam. 
 3. Cá nhân, tổ chức nước ngoài được phép cung cấp dịch vụ phụ trợ bảo hiểm qua biên giới cho doanh nghiệp bảo hiểm, chi nhánh nước ngoài, doanh nghiệp môi giới bảo hiểm tại Việt Nam. 
 Cá nhân, tổ chức nước ngoài cung cấp dịch vụ phụ trợ bảo hiểm qua biên giới cho các cá nhân, tổ chức không phải là doanh nghiệp bảo hiểm, chi nhánh nước ngoài, doanh nghiệp môi giới bảo hiểm tại Việt Nam thì phải hợp tác với tổ chức cung cấp dịch vụ phụ trợ bảo hiểm được thành lập và hoạt động hợp pháp tại Việt Nam.",content.csv,Nghị định số 46/2023/NĐ-CP Quy định chi tiết thi hành một số điều của Luật Kinh doanh bảo hiểm,Nghị định,01/07/2023,Hết hiệu lực một phần,"[""Admin"", ""Staff"", ""Guest""]"
163441_art_89,163441,"Điều 89. Trách nhiệm của đối tượng cung cấp dịch vụ bảo hiểm qua biên giới, dịch vụ phụ trợ bảo hiểm qua biên giới 
 1. Cung cấp cho doanh nghiệp bảo hiểm, chi nhánh nước ngoài, doanh nghiệp môi giới bảo hiểm được cấp Giấy phép tại Việt Nam có tham gia vào quá trình cung cấp dịch vụ bảo hiểm qua biên giới theo quy định tại",content.csv,Nghị định số 46/2023/NĐ-CP Quy định chi tiết thi hành một số điều của Luật Kinh doanh bảo hiểm,Nghị định,01/07/2023,Hết hiệu lực một phần,"[""Admin"", ""Staff"", ""Guest""]"
163441_art_141,163441,Điều 141 và,content.csv,Nghị định số 46/2023/NĐ-CP Quy định chi tiết thi hành một số điều của Luật Kinh doanh bảo hiểm,Nghị định,01/07/2023,Hết hiệu lực một phần,"[""Admin"", ""Staff"", ""Guest""]"
163441_art_142,163441,"Điều 142 của Luật Kinh doanh bảo hiểm. 
 3. Trong thời hạn 120 ngày kể từ ngày kết thúc năm tài chính, doanh nghiệp bảo hiểm, doanh nghiệp môi giới bảo hiểm nước ngoài cung cấp dịch vụ bảo hiểm qua biên giới gửi cho Bộ Tài chính báo cáo tài chính của năm trước liền kề có xác nhận của tổ chức kiểm toán độc lập và văn bản nhận xét của cơ quan quản lý nhà nước về bảo hiểm nước ngoài nơi doanh nghiệp đóng trụ sở chính về tình hình thực hiện các quy định pháp luật của doanh nghiệp. 
 4. Doanh nghiệp bảo hiểm, doanh nghiệp môi giới bảo hiểm nước ngoài cung cấp dịch vụ bảo hiểm qua biên giới; cá nhân, tổ chức nước ngoài cung cấp dịch vụ phụ trợ bảo hiểm qua biên giới có trách nhiệm nộp thuế và thực hiện các nghĩa vụ tài chính khác có liên quan đến việc cung cấp dịch vụ bảo hiểm qua biên giới, dịch vụ phụ trợ bảo hiểm qua biên giới tại Việt Nam theo quy định pháp luật về thuế.",content.csv,Nghị định số 46/2023/NĐ-CP Quy định chi tiết thi hành một số điều của Luật Kinh doanh bảo hiểm,Nghị định,01/07/2023,Hết hiệu lực một phần,"[""Admin"", ""Staff"", ""Guest""]"
163441_art_90,163441,"Điều 90. Trách nhiệm của các đối tượng liên quan đến việc cung cấp dịch vụ bảo hiểm qua biên giới, dịch vụ phụ trợ bảo hiểm qua biên giới 
 Doanh nghiệp bảo hiểm, chi nhánh nước ngoài, doanh nghiệp môi giới bảo hiểm được cấp Giấy phép tại Việt Nam, tổ chức cung cấp dịch vụ phụ trợ bảo hiểm tham gia cung cấp dịch vụ bảo hiểm qua biên giới theo quy định tại",content.csv,Nghị định số 46/2023/NĐ-CP Quy định chi tiết thi hành một số điều của Luật Kinh doanh bảo hiểm,Nghị định,01/07/2023,Hết hiệu lực một phần,"[""Admin"", ""Staff"", ""Guest""]"
163441_art_93,163441,"Điều 93. Nguyên tắc quản lý, sử dụng Quỹ bảo vệ người được bảo hiểm 
 1. Quỹ bảo vệ người được bảo hiểm do Bộ Tài chính quản lý, quyết định sử dụng đảm bảo an toàn, hiệu quả, đúng mục đích. 
 2. Quỹ bảo vệ người được bảo hiểm được quản lý và sử dụng riêng theo từng loại hình bảo hiểm: Bảo hiểm nhân thọ, bảo hiểm phi nhân thọ và bảo hiểm sức khỏe. 
 3. Hoạt động đầu tư của Quỹ bảo vệ người được bảo hiểm được thực hiện như sau: 
 a) Nguồn tiền nhàn rỗi của Quỹ chỉ được thực hiện đầu tư tại Việt Nam để mua trái phiếu Chính phủ, trái phiếu doanh nghiệp được Chính phủ bảo lãnh, gửi tiền tại các ngân hàng thương mại. 
 Trong thời hạn 03 năm kể từ ngày Luật Kinh doanh bảo hiểm có hiệu lực thi hành, toàn bộ số dư của Quỹ bảo vệ người được bảo hiểm được thực hiện đầu tư tại Việt Nam để mua trái phiếu Chính phủ; 
 b) Bộ Tài chính tự thực hiện hoặc ủy thác cho một tổ chức thực hiện đầu tư nguồn tiền nhàn rỗi của Quỹ. Trường hợp ủy thác đầu tư, tổ chức nhận ủy thác đầu tư phải được cơ quan có thẩm quyền cấp phép thực hiện hoạt động nhận ủy thác đầu tư phù hợp với nội dung nhận ủy thác đầu tư. 
 4. Trường hợp cần sử dụng Quỹ bảo vệ người được bảo hiểm theo quy định tại khoản 5 Điều này, Bộ Tài chính thành lập Hội đồng xem xét chi trả bảo hiểm với thành phần và nhiệm vụ như sau: 
 a) Thành phần Hội đồng xem xét chi trả bảo hiểm gồm: đại diện Bộ Tài chính, đại diện Hiệp hội Bảo hiểm Việt Nam, đại diện doanh nghiệp bảo hiểm nhận chuyển giao danh mục hợp đồng bảo hiểm (trong trường hợp Bộ Tài chính chỉ định doanh nghiệp bảo hiểm nhận chuyển giao hợp đồng bảo hiểm từ doanh nghiệp bảo hiểm bị phá sản, mất khả năng thanh toán); 
 b) Nhiệm vụ của Hội đồng xem xét chi trả bảo hiểm: kiểm tra hồ sơ đề nghị chi trả bảo hiểm; xây dựng phương án sử dụng Quỹ trình Bộ Tài chính phê duyệt (bao gồm phương án chi trả các hợp đồng bảo hiểm của các doanh nghiệp bảo hiểm bị phá sản hoặc mất khả năng thanh toán và phương án sử dụng tài sản Quỹ để thực hiện nhiệm vụ được giao). 
 Hội đồng xem xét chi trả bảo hiểm được sử dụng dịch vụ thuê ngoài để thực hiện nhiệm vụ được giao; 
 c) Hội đồng xem xét chi trả bảo hiểm được phép sử dụng con dấu của cơ quan nhà nước được giao quản lý Quỹ bảo vệ người được bảo hiểm khi thực hiện nhiệm vụ. 
 5. Quỹ bảo vệ người được bảo hiểm được sử dụng trong các trường hợp sau: 
 a) Trường hợp doanh nghiệp bảo hiểm, chi nhánh doanh nghiệp bảo hiểm phi nhân thọ nước ngoài mất khả năng thanh toán và đã áp dụng các biện pháp khôi phục khả năng thanh toán nhưng vẫn không khắc phục được, doanh nghiệp bảo hiểm, chi nhánh doanh nghiệp bảo hiểm phi nhân thọ nước ngoài được sử dụng Quỹ bảo vệ người được bảo hiểm theo quyết định của Bộ Tài chính về việc chấm dứt áp dụng các biện pháp khôi phục khả năng thanh toán; 
 b) Trường hợp doanh nghiệp bảo hiểm bị phá sản và Quỹ bảo vệ người được bảo hiểm được sử dụng kể từ thời điểm Thẩm phán ra quyết định tuyên bố doanh nghiệp bảo hiểm bị phá sản; 
 c) Trường hợp doanh nghiệp bảo hiểm nhận chuyển giao danh mục hợp đồng bảo hiểm từ các doanh nghiệp bảo hiểm phá sản hoặc mất khả năng thanh toán thì Quỹ bảo vệ người được bảo hiểm được sử dụng nhằm bảo đảm bù đắp thiếu hụt giữa tài sản và trách nhiệm bảo hiểm, cũng như thiếu hụt các khoản dự phòng nghiệp vụ tương ứng. 
 6. Quỹ bảo vệ người được bảo hiểm được sử dụng để trả tiền bảo hiểm, giá trị hoàn lại; trả tiền bồi thường bảo hiểm; hoàn phí bảo hiểm theo quy định tại hợp đồng bảo hiểm theo đề nghị của doanh nghiệp bảo hiểm, chi nhánh doanh nghiệp bảo hiểm phi nhân thọ nước ngoài mất khả năng thanh toán, doanh nghiệp bảo hiểm bị phá sản và thực hiện một lần đối với mỗi hồ sơ yêu cầu trả tiền bảo hiểm, trả giá trị hoàn lại, trả tiền bồi thường bảo hiểm hoặc hoàn phí bảo hiểm; bù đắp thiếu hụt giữa tài sản và trách nhiệm bảo hiểm, cũng như thiếu hụt các khoản dự phòng nghiệp vụ tương ứng cho doanh nghiệp bảo hiểm được chỉ định nhận chuyển giao danh mục hợp đồng bảo hiểm từ các doanh nghiệp bảo hiểm phá sản hoặc mất khả năng thanh toán. 
 7. Đối với các doanh nghiệp bảo hiểm, chi nhánh doanh nghiệp bảo hiểm phi nhân thọ nước ngoài nợ Quỹ bảo vệ người được bảo hiểm: 
 a) Doanh nghiệp bảo hiểm, chi nhánh doanh nghiệp bảo hiểm phi nhân thọ nước ngoài phải chịu số tiền chậm nộp Quỹ với mức tính tiền chậm nộp bằng 0,03%/ngày tính trên số tiền chậm nộp Quỹ và thời gian tính tiền chậm nộp Quỹ được tính liên tục kể từ ngày Nghị định này có hiệu lực đến ngày liền kề trước ngày số tiền chậm nộp Quỹ đã nộp vào ngân sách nhà nước. 
 b) Doanh nghiệp bảo hiểm, chi nhánh doanh nghiệp bảo hiểm phi nhân thọ nước ngoài phải hoàn thành việc nộp sổ tiền còn nợ Quỹ và sổ tiền chậm nộp Quỹ tại điểm a khoản này trước ngày 01 tháng 01 năm 2024. Sau thời gian này, nếu doanh nghiệp bảo hiểm, chi nhánh doanh nghiệp bảo hiểm phi nhân thọ nước ngoài vẫn chưa hoàn thành số tiền còn nợ Quỹ và số tiền chậm nộp Quỹ, Bộ Tài chính yêu cầu tổ chức tín dụng nơi doanh nghiệp bảo hiểm, chi nhánh doanh nghiệp bảo hiểm phi nhân thọ nước ngoài nêu trên đang mở tài khoản thực hiện phong tỏa tài khoản để truy thu số tiền còn nợ và số tiền chậm nộp Quỹ.",content.csv,Nghị định số 46/2023/NĐ-CP Quy định chi tiết thi hành một số điều của Luật Kinh doanh bảo hiểm,Nghị định,01/07/2023,Hết hiệu lực một phần,"[""Admin"", ""Staff""]"
163441_art_94,163441,"Điều 94. Nội dung chi của Quỹ bảo vệ người được bảo hiểm 
 1. Quỹ bảo vệ người được bảo hiểm được chi cho các nội dung sau: 
 a) Trả tiền bảo hiểm, trả giá trị hoàn lại, trả tiền bồi thường bảo hiểm hoặc hoàn phí bảo hiểm theo quy định tại hợp đồng bảo hiểm mà doanh nghiệp bảo hiểm, chi nhánh doanh nghiệp bảo hiểm phi nhân thọ nước ngoài mất khả năng thanh toán tại thời điểm Bộ Tài chính có quyết định về việc chấm dứt áp dụng các biện pháp khôi phục khả năng thanh toán (đối với trường hợp doanh nghiệp bảo hiểm, chi nhánh doanh nghiệp bảo hiểm phi nhân thọ nước ngoài mất khả năng thanh toán) hoặc tại thời điểm Thẩm phán ra quyết định tuyên bố doanh nghiệp bảo hiểm bị phá sản (đối với trường hợp doanh nghiệp bảo hiểm bị phá sản); 
 b) Bù đắp thiếu hụt giữa tài sản và trách nhiệm bảo hiểm, cũng như thiếu hụt các khoản dự phòng nghiệp vụ tương ứng cho doanh nghiệp bảo hiểm được chỉ định nhận chuyển giao danh mục hợp đồng bảo hiểm từ các doanh nghiệp bảo hiểm phá sản hoặc mất khả năng thanh toán; 
 c) Chi quản lý Quỹ bảo vệ người được bảo hiểm, bao gồm: Chi phí sửa chữa tài sản, chi phí dịch vụ, chi trả phí dịch vụ ủy thác và các khoản chi khác. Mức chi thực hiện theo quy định của pháp luật hiện hành; 
 d) Chi thực hiện nhiệm vụ của Hội đồng xem xét chi trả bảo hiểm do Bộ Tài chính quyết định tại phương án sử dụng tài sản Quỹ để thực hiện nhiệm vụ được giao theo quy định tại điểm b khoản 4",content.csv,Nghị định số 46/2023/NĐ-CP Quy định chi tiết thi hành một số điều của Luật Kinh doanh bảo hiểm,Nghị định,01/07/2023,Hết hiệu lực một phần,"[""Admin"", ""Staff"", ""Guest""]"
163441_art_95,163441,"Điều 95 Nghị định này được chuyển trực tiếp cho doanh nghiệp bảo hiểm, chi nhánh doanh nghiệp bảo hiểm phi nhân thọ nước ngoài nhận chuyển giao; 
 c) Trường hợp doanh nghiệp bảo hiểm, chi nhánh doanh nghiệp bảo hiểm phi nhân thọ nước ngoài bị mất khả năng thanh toán, Quỹ chỉ chi trả phần chênh lệch giữa số tiền doanh nghiệp bảo hiểm, chi nhánh doanh nghiệp bảo hiểm phi nhân thọ nước ngoài phải trả theo hợp đồng bảo hiểm và số tiền người được bảo hiểm được nhận từ doanh nghiệp bảo hiểm, chi nhánh doanh nghiệp bảo hiểm phi nhân thọ nước ngoài; 
 d) Trường hợp doanh nghiệp bảo hiểm bị phá sản, Quỹ chỉ chi trả phần chênh lệch giữa số tiền doanh nghiệp bảo hiểm phải trả theo hợp đồng bảo hiểm và số tiền người được bảo hiểm được nhận theo quy định pháp luật về phá sản; 
 đ) Trường hợp người được bảo hiểm có nghĩa vụ trả nợ doanh nghiệp bảo hiểm, chi nhánh doanh nghiệp bảo hiểm phi nhân thọ nước ngoài theo thỏa thuận tại hợp đồng bảo hiểm và quy định pháp luật, Quỹ chi chi trả phần chênh lệch giữa số tiền người được bảo hiểm được nhận theo hạn mức quy định tại",content.csv,Nghị định số 46/2023/NĐ-CP Quy định chi tiết thi hành một số điều của Luật Kinh doanh bảo hiểm,Nghị định,01/07/2023,Hết hiệu lực một phần,"[""Admin"", ""Staff""]"
163441_art_96,163441,"Điều 96. Thủ tục chi trả từ Quỹ bảo vệ người được bảo hiểm 
 1. Doanh nghiệp bảo hiểm, chi nhánh doanh nghiệp bảo hiểm phi nhân thọ nước ngoài phá sản hoặc mất khả năng thanh toán gửi Bộ Tài chính 01 bộ hồ sơ bao gồm các tài liệu sau: 
 a) Văn bản đề nghị sử dụng Quỹ theo mẫu quy định tại Phụ lục XVIII Nghị định này; 
 b) Văn bản xác nhận của cơ quan có thẩm quyền về phương án phân chia giá trị tài sản của doanh nghiệp bảo hiểm đã được thực hiện xong (đối với trường hợp doanh nghiệp bảo hiểm bị phá sản); 
 c) Bảng thống kê danh sách người được bảo hiểm và các hồ sơ yêu cầu trả tiền bảo hiểm, giá trị hoàn lại; trả tiền bồi thường bảo hiểm; hoàn phí bảo hiểm theo thỏa thuận tại hợp đồng bảo hiểm mà doanh nghiệp bảo hiểm, chi nhánh doanh nghiệp bảo hiểm phi nhân thọ nước ngoài không có khả năng thanh toán; các khoản phải thu bồi thường nhượng tái bảo hiểm; thu đòi người thứ ba tại thời điểm Bộ Tài chính có quyết định về việc chấm dứt áp dụng các biện pháp khôi phục khả năng thanh toán (đối với trường hợp doanh nghiệp bảo hiểm, chi nhánh doanh nghiệp bảo hiểm phi nhân thọ nước ngoài mất khả năng thanh toán) hoặc tại thời điểm đã thực hiện xong phương án phân chia giá trị tài sản của doanh nghiệp (đối với trường hợp doanh nghiệp bảo hiểm bị phá sản); 
 d) Tài liệu thống kê về dự phòng nghiệp vụ, tài sản tương ứng dự phòng nghiệp vụ của danh mục hợp đồng dự kiến chuyển giao của doanh nghiệp bảo hiểm, chi nhánh doanh nghiệp bảo hiểm phi nhân thọ nước ngoài mất khả năng thanh toán hoặc bị phá sản, số tiền bù đắp thiếu hụt giữa tài sản và trách nhiệm bảo hiểm, cũng như thiếu hụt các khoản dự phòng nghiệp vụ tương ứng cho doanh nghiệp bảo hiểm được chỉ định nhận chuyển giao danh mục hợp đồng bảo hiểm từ các doanh nghiệp bảo hiểm phá sản hoặc mất khả năng thanh toán. 
 2. Trong thời hạn 14 ngày, kể từ ngày nhận được hồ sơ của doanh nghiệp bảo hiểm, chi nhánh doanh nghiệp bảo hiểm phi nhân thọ nước ngoài, Bộ Tài chính thành lập Hội đồng xem xét chi trả bảo hiểm theo quy định tại khoản 4",content.csv,Nghị định số 46/2023/NĐ-CP Quy định chi tiết thi hành một số điều của Luật Kinh doanh bảo hiểm,Nghị định,01/07/2023,Hết hiệu lực một phần,"[""Admin"", ""Staff"", ""Guest""]"
163441_art_98,163441,"Điều 98. Phí bảo hiểm của hợp đồng bảo hiểm liên kết đầu tư, hợp đồng bảo hiểm hưu trí 
 1. Phí bảo hiểm của hợp đồng bảo hiểm liên kết đầu tư, hợp đồng bảo hiểmưu trí gồm: 
 a) Phí bảo hiểm cơ bản theo quy định tại khoản 2 Điều này; 
 b) Phí bảo hiểm đóng thêm theo quy định tại khoản 3 Điều này. 
 2. Phí bảo hiểm cơ bản: 
 a) Phí bảo hiểm cơ bản là khoản phí bảo hiểm được xác định dựa trên số tiền bảo hiểm do khách hàng lựa chọn và được quy định tại hợp đồng bảo hiểm liên kết đầu tư, hợp đồng bảo hiểm hưu trí. Phí bảo hiểm cơ bản được đóng định kỳ hoặc một lần theo thỏa thuận tại hợp đồng bảo hiểm; 
 b) Đối với hợp đồng bảo hiểm liên kết đầu tư đóng phí cơ bản định kỳ, trường hợp có quy định về thời gian bắt buộc đóng phí thì thời gian bắt buộc đóng phí không vượt quá 04 năm. Trong thời gian bắt buộc đóng phí, doanh nghiệp bảo hiểm phải bảo đảm hợp đồng bảo hiểm liên kết đầu tư không bị mất hiệu lực nếu khách hàng đã đóng đủ phí bảo hiểm cơ bản và không có giao dịch rút trước giá trị tài khoản. 
 3. Phí bảo hiểm đóng thêm: 
 a) Ngoài phần phí bảo hiểm cơ bản, bên mua bảo hiểm có thể đóng thêm phí bảo hiểm để đầu tư vào quỹ liên kết chung (đối với sản phẩm bảo hiểm liên kết chung) hoặc để mua các đơn vị quỹ liên kết đơn vị (đối với sản phẩm bảo hiểm liên kết đơn vị) hoặc để đầu tư vào quỹ hưu trí tự nguyện (đối với sản phẩm bảo hiểm hưu trí); 
 b) Đối với hợp đồng bảo hiểm liên kết đầu tư, trong mỗi năm hợp đồng, tổng số phí bảo hiểm đóng thêm không được vượt quá 05 lần mức phí bảo hiểm cơ bản quy năm của năm hợp đồng hiện tại (đối với hợp đồng đóng phí định kỳ) hoặc không vượt quá phí bảo hiểm cơ bản (đối với hợp đồng đóng phí một lần).",content.csv,Nghị định số 46/2023/NĐ-CP Quy định chi tiết thi hành một số điều của Luật Kinh doanh bảo hiểm,Nghị định,01/07/2023,Hết hiệu lực một phần,"[""Admin"", ""Staff"", ""Guest""]"
163441_art_99,163441,"Điều 99. Các khoản phí tính cho bên mua bảo hiểm 
 1. Các khoản phí tính cho bên mua bảo hiểm bao gồm: 
 a) Phí ban đầu: được dùng để bù đắp chi phí liên quan tới việc khai thác hợp đồng bảo hiểm, chi phí vốn của doanh nghiệp bảo hiểm. Phí ban đầu được khấu trừ theo tỷ lệ phần trăm (%) phí bảo hiểm khi bên mua bảo hiểm đóng phí bảo hiểm. Phần phí bảo hiểm sau khi khấu trừ phần phí ban đầu là phần phí đem đi đầu tư và được phân bổ vào quỹ liên kết đầu tư (đối với hợp đồng bảo hiểm liên kết đầu tư), quỹ hưu trí tự nguyện (đối với hợp đồng bảo hiểm hưu trí) trong thời hạn không quá 30 ngày kể từ ngày doanh nghiệp bảo hiểm nhận được phí bảo hiểm; 
 b) Phí quản lý hợp đồng: được dùng bù đắp chi phí liên quan đến việc duy trì hợp đồng bảo hiểm và cung cấp thông tin liên quan đến hợp đồng bảo hiểm cho bên mua bảo hiểm. Phí quản lý hợp đồng được khấu trừ từ giá trị tài khoản của bên mua bảo hiểm; 
 c) Phí rủi ro: được dùng để chi trả quyền lợi bảo hiểm rủi ro theo cam kết tại hợp đồng bảo hiểm. Phí rủi ro được khấu trừ từ giá trị tài khoản của bên mua bảo hiểm; 
 d) Phí quản lý quỹ: được dùng để chi trả cho các hoạt động đầu tư, hoạt động định giá tài sản, hoạt động giám sát và quản lý quỹ. Phí quản lý quỹ được xác định bằng tỷ lệ phần trăm (%) giá trị tài sản ròng của quỹ liên kết đầu tư (đối với hợp đồng bảo hiểm liên kết đầu tư), quỹ hưu trí tự nguyện (đối với hợp đồng bảo hiểm hưu trí). Phí quản lý quỹ được khấu trừ trước khi xác định kết quả đầu tư của quỹ liên kết đầu tư (đối với hợp đồng bảo hiểm liên kết đầu tư), quỹ hưu trí tự nguyện (đối với hợp đồng bảo hiểm hưu trí); 
 đ) Phí chấm dứt hợp đồng trước hạn (áp dụng đối với sản phẩm bảo hiểm liên kết đầu tư): được dùng để bù đắp các khoản chi phí hợp lý có liên quan đến việc bên mua bảo hiểm chấm dứt hợp đồng bảo hiểm trước hạn. Phí chấm dứt hợp đồng trước hạn được trừ từ giá trị tài khoản của bên mua bảo hiểm; 
 e) Phí chuyển đổi quỹ liên kết đơn vị (áp dụng đối với sản phẩm bảo hiểm liên kết đơn vị): là khoản phí tính cho bên mua bảo hiểm khi thực hiện chuyển đổi tài sản đầu tư giữa các quỹ liên kết đơn vị; 
 g) Phí chuyển tài khoản bảo hiểm hưu trí (áp dụng đối với sản phẩm bảo hiểm hưu trí): là khoản phí bên mua bảo hiểm phải trả cho doanh nghiệp bảo hiểm hiện đang quản lý tài khoản bảo hiểm hưu trí khi thực hiện chuyển giao tài khoản bảo hiểm hưu trí sang doanh nghiệp bảo hiểm mới. 
 2. Doanh nghiệp bảo hiểm có trách nhiệm tính toán các khoản phí tính cho bên mua bảo hiểm chính xác, công bằng, hợp lý, phù hợp với phương pháp và cơ sở tính phí sản phẩm đã đăng ký với Bộ Tài chính. 
 3. Các khoản phí tính cho bên mua bảo hiểm phải được thể hiện rõ tại hợp đồng bảo hiểm. Trong quá trình thực hiện hợp đồng, trường hợp doanh nghiệp bảo hiểm thay đổi các mức phí hoặc tỷ lệ các khoản phí áp dụng cho bên mua bảo hiểm, doanh nghiệp bảo hiểm có trách nhiệm thông báo cho bên mua bảo hiểm bằng văn bản ít nhất 03 tháng trước thời điểm chính thức thay đổi. Mức phí hoặc tỷ lệ phí thay đổi không được vượt quá hạn mức tối đa đã được thoả thuận tại hợp đồng bảo hiểm.",content.csv,Nghị định số 46/2023/NĐ-CP Quy định chi tiết thi hành một số điều của Luật Kinh doanh bảo hiểm,Nghị định,01/07/2023,Hết hiệu lực một phần,"[""Admin"", ""Staff""]"
163441_art_101,163441,"Điều 101. Đặc điểm của nghiệp vụ liên kết đầu tư 
 1. Nghiệp vụ bảo hiểm liên kết đầu tư bao gồm bảo hiểm liên kết chung và bảo hiểm liên kết đơn vị. 
 2. Sản phẩm bảo hiểm thuộc nghiệp vụ liên kết đầu tư có các đặc điểm sau đây: 
 a) Quyền lợi hợp đồng bảo hiểm liên kết đầu tư được tách bạch giữa quyền lợi bảo hiểm rủi ro và quyền lợi đầu tư. Bên mua bảo hiểm không được lựa chọn chỉ tham gia quyền lợi đầu tư mà không tham gia quyền lợi bảo hiểm rủi ro; 
 b) Cơ cấu phí bảo hiểm được tách bạch giữa phí đềm đi đầu tư và phí ban đầu theo quy định tại điểm a khoản 1",content.csv,Nghị định số 46/2023/NĐ-CP Quy định chi tiết thi hành một số điều của Luật Kinh doanh bảo hiểm,Nghị định,01/07/2023,Hết hiệu lực một phần,"[""Admin"", ""Staff""]"
163441_art_102,163441,"Điều 102. Quyền lợi của hợp đồng bảo hiểm liên kết đầu tư 
 1. Quyền lợi hợp đồng bảo hiểm liên kết đầu tư bao gồm: 
 a) Quyền lợi bảo hiểm rủi ro quy định tại khoản 2 Điều này, 
 b) Quyền lợi đầu tư quy định tại khoản 3 Điều này; 
 c) Quyền lợi thường khác (nếu có) nhằm tăng giá trị tài khoản trong hợp đồng bảo hiểm liên kết đầu tư. 
 2. Quyền lợi bảo hiểm rủi ro: 
 a) Quyền lợi bảo hiểm rủi ro bao gồm quyền lợi tử vong và quyền lợi thương tật toàn bộ vĩnh viễn; 
 b) Quyền lợi bảo hiểm rủi ro phải đáp ứng mức tối thiểu theo các quy định sau: 
 Đối với các hợp đồng bảo hiểm đóng phí cơ bản một lần: 50.000.000 đồng Việt Nam hoặc 125% của số phí bảo hiểm cơ bản đóng một lần, tuỳ thuộc vào số nào lớn hơn; 
 Đối với các hợp đồng bảo hiểm đóng phí cơ bản định kỳ: 50.000.000 đồng Việt Nam hoặc 05 lần của số phí bảo hiểm cơ bản quy năm, tùy thuộc vào số nào lớn hơn; 
 Doanh nghiệp bảo hiểm có thể cung cấp quyền lợi tử vong với số tiền bảo hiểm thấp hơn mức tối thiểu quy định như trên đối với người được bảo hiểm từ 60 tuổi trở lên, nhưng không thấp hơn 50.000.000 đồng Việt Nam. 
 3. Quyền lợi đầu tư: là toàn bộ kết quả đầu tư từ phần phí đem đi đầu tư của bên mua bảo hiểm sau khi trừ đi phí quản lý quỹ theo thỏa thuận tại hợp đồng bảo hiểm. 
 4. Trong thời hạn 02 năm kể từ ngày Nghị định này có hiệu lực, doanh nghiệp bảo hiểm được tiếp tục cung cấp các quyền lợi của hợp đồng bảo hiểm liên kết đầu tư theo quy định tại quy tắc, điều khoản sản phẩm bảo hiểm liên kết đầu tư đã được Bộ Tài chính phê chuẩn trước ngày Nghị định này có hiệu lực. 
 Tiểu mục 2 
 BẢO HIỂM LIÊN KẾT CHUNG",content.csv,Nghị định số 46/2023/NĐ-CP Quy định chi tiết thi hành một số điều của Luật Kinh doanh bảo hiểm,Nghị định,01/07/2023,Hết hiệu lực một phần,"[""Admin"", ""Staff""]"
163441_art_103,163441,"Điều 103. Tên gọi và thiết kế sản phẩm bảo hiểm liên kết chung 
 1. Tên của sản phẩm bảo hiểm liên kết chung phải phù hợp với tính chất của sản phẩm bảo hiểm và có thành tố ""Sản phẩm bảo hiểm liên kết chung"". 
 2. Giá trị tài khoản của hợp đồng bảo hiểm liên kết chung được hình thành từ phần phí đem đi đầu tư vào quỹ liên kết chung và các quyền lợi khác theo thỏa thuận tại hợp đồng bảo hiểm. 
 3. Doanh nghiệp bảo hiểm phải cam kết lãi suất đầu tư tối thiểu tại hợp đồng bảo hiểm liên kết chung. Trường hợp lãi suất đầu tư của quỹ liên kết chung thấp hơn so với lãi suất cam kết tối thiểu, doanh nghiệp bảo hiểm có trách nhiệm sử dụng tài sản của quỹ chủ sở hữu để bù đắp phần thâm hụt của từng tài khoản của quỹ liên kết chung so với lãi suất cam kết tối thiểu. 
 4. Giá trị hoàn lại của hợp đồng bảo hiểm liên kết chung là giá trị tài khoản của hợp đồng đó vào ngày chấm dứt hợp đồng trừ đi phí chấm dứt hợp đồng trước hạn.",content.csv,Nghị định số 46/2023/NĐ-CP Quy định chi tiết thi hành một số điều của Luật Kinh doanh bảo hiểm,Nghị định,01/07/2023,Hết hiệu lực một phần,"[""Admin"", ""Staff"", ""Guest""]"
163441_art_104,163441,"Điều 104. Thành lập và quản lý quỹ liên kết chung 
 1. Doanh nghiệp bảo hiểm phải thành lập một quỹ liên kết chung cho tất cả các hợp đồng bảo hiểm liên kết chung, bảo đảm các tài sản hình thành từ quỹ liên kết chung được tách và quản lý riêng khỏi quỹ chủ sở hữu và các quỹ chủ hợp đồng khác. 
 2. Quỹ liên kết chung được thành lập trước khi hợp đồng bảo hiểm liên kết chung đầu tiên được giao kết và có tổng giá trị duy trì không thấp hơn 50 tỷ đồng Việt Nam. 
 3. Doanh nghiệp bảo hiểm được hưởng kết quả đầu tư tương ứng với số tiền đã đóng góp vào việc thành lập quỹ liên kết chung theo mức lãi suất công bố áp dụng cho các chủ hợp đồng bảo hiểm liên kết chung. Doanh nghiệp bảo hiểm có thể được hoàn lại một phần hoặc toàn bộ số tiền đã đóng góp nếu vẫn đảm bảo tổng giá trị quỹ liên kết chung không thấp hơn 50 tỷ đồng Việt Nam. 
 4. Bên mua bảo hiểm được hưởng kết quả đầu tư tương ứng với giá trị tài khoản của mình tại quỹ liên kết chung trong mỗi năm tài chính và không thấp hơn lãi suất cam kết tối thiểu quy định tại hợp đồng bảo hiểm. 
 5. Quỹ liên kết chung được quản lý và sử dụng đầu tư phù hợp với chế độ tài chính áp dụng đối với các doanh nghiệp bảo hiểm. 
 Tiểu mục 3 
 BẢO HIỂM LIÊN KẾT ĐƠN VỊ",content.csv,Nghị định số 46/2023/NĐ-CP Quy định chi tiết thi hành một số điều của Luật Kinh doanh bảo hiểm,Nghị định,01/07/2023,Hết hiệu lực một phần,"[""Admin"", ""Staff"", ""Guest""]"
163441_art_105,163441,"Điều 105. Tên gọi và thiết kế sản phẩm bảo hiểm liên kết đơn vị 
 1. Tên của sản phẩm bảo hiểm liên kết đơn vị phải phù hợp với tính chất của sản phẩm bảo hiểm và có thành tố ""Sản phẩm bảo hiểm liên kết đơn vị"". 
 2. Bên mua bảo hiểm được quyền lựa chọn đầu tư phí vào các quỹ liên kết đơn vị do doanh nghiệp bảo hiểm thành lập, được hưởng toàn bộ kết quả đầu tư và chịu mọi rủi ro đầu tư từ các quỹ liên kết đơn vị đã lựa chọn. 
 3. Giá trị tài khoản của một hợp đồng bảo hiểm liên kết đơn vị được xác định dựa trên giá mua đơn vị quỹ liên kết đơn vị và số đơn vị quỹ liên kết đơn vị tương ứng tại ngày định giá. 
 4. Giá trị hoàn lại của hợp đồng bảo hiểm liên kết đơn vị bằng giá trị tài khoản của quỹ liên kết đơn vị tại ngày định giá kế tiếp sau ngày bên mua bảo hiểm đề nghị chấm dứt hợp đồng trừ đi phí chấm dứt hợp đồng trước hạn. 
 5. Đối với hợp đồng bảo hiểm liên kết đơn vị đóng phí một lần, phí bảo hiểm của bên mua bảo hiểm chỉ được mua các đơn vị của quỹ liên kết đơn vị có tỷ trọng đầu tư không thấp hơn 60% tổng giá trị tài sản của quỹ liên kết đơn vị đó vào danh mục tiền gửi ngân hàng và các chứng khoán có thu nhập cố định khác.",content.csv,Nghị định số 46/2023/NĐ-CP Quy định chi tiết thi hành một số điều của Luật Kinh doanh bảo hiểm,Nghị định,01/07/2023,Hết hiệu lực một phần,"[""Admin"", ""Staff""]"
163441_art_108,163441,Điều 108 Nghị định này.,content.csv,Nghị định số 46/2023/NĐ-CP Quy định chi tiết thi hành một số điều của Luật Kinh doanh bảo hiểm,Nghị định,01/07/2023,Hết hiệu lực một phần,"[""Admin"", ""Staff"", ""Guest""]"
163441_art_107,163441,"Điều 107. Mục tiêu đầu tư của các quỹ liên kết đơn vị 
 1. Mục tiêu đầu tư của các quỹ liên kết đơn vị phải rõ ràng, chi tiết để bên mua bảo hiểm có thể đánh giá một cách khách quan về thực trạng hoạt động của quỹ liên kết đơn vị và những rủi ro mà quỹ liên kết đơn vị có thể gặp phải. 
 2. Mục tiêu đầu tư phải được thông báo đầy đủ, rõ ràng trong tài liệu giới thiệu sản phẩm và hợp đồng bảo hiểm.",content.csv,Nghị định số 46/2023/NĐ-CP Quy định chi tiết thi hành một số điều của Luật Kinh doanh bảo hiểm,Nghị định,01/07/2023,Hết hiệu lực một phần,"[""Admin"", ""Staff""]"
163441_art_109,163441,"Điều 109. Định giá quỹ liên kết đơn vị 
 1. Doanh nghiệp bảo hiểm phải định giá tài sản của quỹ liên kết đơn vị theo định kỳ tối thiểu một tuần một lần, theo giá trị thị trường hoặc giá trị hợp lý (trong trường hợp không có giá trị thị trường) của các tài sản trong danh mục đầu tư của quỹ liên kết đơn vị. Doanh nghiệp bảo hiểm phải quy định cụ thể ngày định giá trong quy tắc, điều khoản sản phẩm bảo hiểm đề thực hiện giao dịch mua, bán các đơn vị quỹ liên kết đơn vị. Trường hợp ngày định giá trùng với ngày nghỉ, ngày lễ theo quy định pháp luật, doanh nghiệp bảo hiểm thực hiện xác định ngày định giá vào ngày làm việc liền sau ngày nghỉ, ngày lễ đó. 
 2. Việc xác định giá trị tài sản ròng của quỹ liên kết đơn vị phải tuân thủ các nguyên tắc xác định giá trị tài sản ròng của quỹ mở theo quy định của pháp luật hiện hành. 
 3. Ngân hàng giám sát được thành lập và hoạt động hợp pháp tại Việt Nam phê duyệt việc xác định giá trị tài sản ròng của quỹ liên kết đơn vị. 
 4. Doanh nghiệp bảo hiểm, công ty quản lý quỹ và ngân hàng giám sát phải có cơ chế và quy trình đối chiếu, soát xét, kiểm tra, giám sát bảo đảm hoạt động xác định giá trị tài sản ròng được tính chính xác và phù hợp. 
 5. Doanh nghiệp bảo hiểm phải chịu hoàn toàn trách nhiệm trong trường hợp có sai sót khi định giá đơn vị của quỹ liên kết đơn vị và phải bồi thường cho bên mua bảo hiểm và quỹ liên kết đơn vị các sai lệch phát sinh từ việc mua, bán các đơn vị quỹ do sai sót trong trường hợp giá trị tài sản ròng của quỹ bị định giá sai với mức độ sai lệch như sau: 
 a) Đạt từ 0,5% giá trị tài sản ròng trở lên đối với quỹ liên kết đơn vị đầu tư cổ phiếu. Quỹ liên kết đơn vị đầu tư cổ phiếu có chính sách đầu tư không thấp hơn 70% tổng giá trị tài sản vào danh mục cổ phiếu; 
 b) Đạt từ 0,75% giá trị tài sản ròng trở lên đối với quỹ liên kết đơn vị đầu tư trái phiếu. Quỹ liên kết đơn vị đầu tư trái phiếu có chính sách đầu tư không thấp hơn 70% tổng giá trị tài sản vào danh mục trái phiếu; 
 c) Đạt từ 1,00% giá trị tài sản ròng trở lên đối với các quỹ liên kết đơn vị khác của doanh nghiệp bảo hiểm. 
 6. Trường hợp giá trị tài sản ròng trên một đơn vị quỹ bị định giá sai với mức độ sai sót đạt tới các mức quy định tại khoản 5 Điều này, doanh nghiệp bảo hiểm có trách nhiệm xây dựng phương án khắc phục, đền bù theo trình tự sau: 
 a) Xác định lại giá trị tài sản ròng tại từng ngày giao dịch quỹ liên kết đơn vị trong thời gian quỹ bị định giá sai; 
 b) Xác định các khoản đền bù cho quỹ và các khoản đền bù cho bên mua bảo hiểm từ việc định giá sai tài sản của quỹ tại từng ngày giao dịch. Doanh nghiệp bảo hiểm không phải đền bù cho bên mua bảo hiểm đối với các giá trị sai lệch ít hơn 100.000 đồng nhưng toàn bộ khoản tương ứng với giá trị sai lệch ít hơn 100.000 đồng này phải được đưa vào quỹ. 
 7. Mức đền bù cho bên mua bảo hiểm và quỹ liên kết đơn vị từ việc mua bán đơn vị quỹ trong trường hợp có sai sót khi định giá đơn vị quỹ liên kết đơn vị được xác định như sau: 
 a) Trường hợp quỹ bị định giá thấp, mức đền bù cho bên mua bảo hiểm và quỹ liên kết đơn vị được xác định như sau: 
 Nếu phí bảo hiểm được phân bổ để mua đơn vị quỹ trước thời gian quỹ bị định giá sai và đã bán đơn vị quỹ trong thời gian quỹ bị định giá sai: Mức đền bù cho bên mua bảo hiểm được xác định dựa trên mức độ sai sót và số lượng đơn vị quỹ mà bên mua bảo hiểm đã bán; 
 Nếu phí bảo hiểm được phân bổ để mua đơn vị quỹ trong thời gian quỹ bị định giá sai và tiếp tục nắm giữ sau thời gian quỹ bị định giá sai: Doanh nghiệp bảo hiểm chịu trách nhiệm đền bù cho quỹ liên kết đơn vị, mức đền bù được xác định dựa trên mức độ sai sót và số lượng đơn vị quỹ mà bên mua bảo hiểm đã mua và còn tiếp tục nắm giữ sau thời gian bị định giá sai. 
 b) Trường hợp quỹ bị định giá cao, mức đền bù cho bên mua bảo hiểm và quỹ liên kết đơn vị được xác định như sau: 
 Nếu phí bảo hiểm được phân bổ để mua đơn vị quỹ trước thời gian quỹ bị định giá sai và đã bán đơn vị quỹ trong thời gian quỹ bị định giá sai: Doanh nghiệp bảo hiểm chịu trách nhiệm đền bù cho quỹ liên kết đơn vị, mức đền bù được xác định dựa trên mức độ sai sót và số lượng đơn vị quỹ bên mua bảo hiểm đã bán trong thời gian bị định giá sai; 
 Nếu phí bảo hiểm được phân bổ để mua đơn vị quỹ trong thời gian quỹ bị định giá sai và tiếp tục nắm giữ sau thời gian quỹ bị định giá sai: Mức đền bù cho bên mua bảo hiểm được xác định dựa trên mức độ sai sót và số lượng đơn vị quỹ bên mua bảo hiểm đã mua và còn tiếp tục nắm giữ sau thời gian bị định giá sai. 
 c) Mọi chi phí đền bù cho bên mua bảo hiểm và quỹ liên kết đơn vị không được hạch toán vào chi phí của quỹ liên kết đơn vị của doanh nghiệp bảo hiểm. 
 8. Trong thời hạn 07 ngày làm việc kể từ ngày phát hiện sai sót, doanh nghiệp bảo hiểm phải báo cáo Bộ Tài chính phương án khắc phục sai sót khi định giá đơn vị quỹ, phương án đền bù thiệt hại cho quỹ, bên mua bảo hiểm trong đó nêu rõ nguyên nhân xảy ra sự việc, thời gian quỹ bị định giá sai, mức độ thiệt hại của quỹ, mức độ thiệt hại của bên mua bảo hiểm, kèm theo danh sách bên mua bảo hiểm có quyền lợi bị ảnh hưởng dự kiến được đền bù và mức đền bù của từng bên mua bảo hiểm. Trong thời hạn 15 ngày làm việc kể từ ngày có báo cáo Bộ Tài chính, doanh nghiệp bảo hiểm phải tiến hành đền bù thiệt hại phát sinh cho bên mua bảo hiểm và quỹ liên kết đơn vị.",content.csv,Nghị định số 46/2023/NĐ-CP Quy định chi tiết thi hành một số điều của Luật Kinh doanh bảo hiểm,Nghị định,01/07/2023,Hết hiệu lực một phần,"[""Admin"", ""Staff""]"
163441_art_110,163441,"Điều 110. Xác định giá bán và giá mua các đơn vị của quỹ liên kết đơn vị 
 1. Giá bán là giá một đơn vị của quỹ liên kết đơn vị khi doanh nghiệp bảo hiểm bán cho bên mua bảo hiểm tại ngày định giá. 
 2. Giá mua là giá một đơn vị của quỹ liên kết đơn vị khi doanh nghiệp bảo hiểm mua của bên mua bảo hiểm tại ngày định giá. 
 3. Đơn vị của quỹ liên kết đơn vị là tài sản của quỹ liên kết đơn vị được chia thành nhiều phần bằng nhau. 
 4. Giá bán và giá mua các đơn vị của quỹ liên kết đơn vị được xác định dựa trên giá trị tài sản ròng của mỗi đơn vị của quỹ liên kết đơn vị vào ngày định giá ngay sau ngày khi doanh nghiệp bảo hiểm nhận được yêu cầu mua hoặc bán đơn vị của quỹ liên kết đơn vị. Chênh lệch giữa giá bán và giá mua đơn vị của một quỹ liên kết đơn vị không được vượt quá 5% của giá bán. 
 5. Giá trị tài sản ròng của mỗi đơn vị của quỹ liên kết đơn vị bằng tổng giá trị của các tài sản có trong quỹ liên kết đơn vị trừ đi các công nợ có liên quan chia cho tổng số đơn vị của quỹ liên kết đơn vị.",content.csv,Nghị định số 46/2023/NĐ-CP Quy định chi tiết thi hành một số điều của Luật Kinh doanh bảo hiểm,Nghị định,01/07/2023,Hết hiệu lực một phần,"[""Admin"", ""Staff"", ""Guest""]"
163441_art_111,163441,"Điều 111. Mua và bán các đơn vị của quỹ liên kết đơn vị 
 1. Bên mua bảo hiểm có quyền mua thêm hoặc bán lại đơn vị quỹ liên kết đơn vị cho doanh nghiệp bảo hiểm. 
 2. Bên mua bảo hiểm thực hiện mua thêm đơn vị quỹ liên kết đơn vị khi đáp ứng điều kiện sau: 
 a) Hợp đồng bảo hiểm của bên mua bảo hiểm còn hiệu lực và số tiền yêu cầu mua thêm; 
 b) Có yêu cầu mua thêm đơn vị quỹ liên kết đơn vị theo mẫu của doanh nghiệp bảo hiểm, trong đó nêu rõ số tiền muốn mua thêm đơn vị quỹ liên kết đơn vị, tỷ lệ % vào mỗi quỹ liên kết đơn vị và xác nhận trên yêu cầu mua thêm đơn vị quỹ liên kết đơn vị. 
 3. Bên mua bảo hiểm thực hiện bán lại đơn vị quỹ liên kết đơn vị khi đáp ứng điều kiện sau: 
 a) Hợp đồng bảo hiểm của bên mua bảo hiểm còn hiệu lực và số đơn vị quỹ muốn bán đáp ứng quy định về số tiền tối thiểu của doanh nghiệp bảo hiểm về việc bán đơn vị quỹ liên kết đơn vị của bên mua bảo hiểm; 
 b) Có yêu cầu bán đơn vị quỹ liên kết đơn vị theo mẫu của doanh nghiệp bảo hiểm, trong đó nêu rõ số đơn vị quỹ liên kết đơn vị muốn bán hoặc tỷ lệ % vào mỗi quỹ liên kết đơn vị muốn bán hoặc số tiền muốn rút khỏi quỹ liên kết đơn vị và xác nhận trên yêu cầu bán đơn vị quỹ liên kết đơn vị. 
 4. Doanh nghiệp bảo hiểm thực hiện giải quyết yêu cầu mua thêm hoặc bán lại đơn vị quỹ liên kết đơn vị tại ngày định giá kế tiếp. Giá mua hoặc giá bán đơn vị quỹ liên kết đơn vị được xác định theo quy định tại",content.csv,Nghị định số 46/2023/NĐ-CP Quy định chi tiết thi hành một số điều của Luật Kinh doanh bảo hiểm,Nghị định,01/07/2023,Hết hiệu lực một phần,"[""Admin"", ""Staff"", ""Guest""]"
163441_art_113,163441,"Điều 113. Ngân hàng giám sát đối với quỹ liên kết đơn vị 
 1. Doanh nghiệp bảo hiểm phải sử dụng ngân hàng giám sát để thực hiện các nhiệm vụ sau: 
 a) Lưu ký tài sản của các quỹ liên kết đơn vị phải tuân thủ các quy định hiện hành về thành lập và quản lý quỹ mở; 
 b) Giám sát việc quản lý tài sản của các quỹ liên kết đơn vị của doanh nghiệp bảo hiểm hoặc công ty quản lý quỹ được doanh nghiệp bảo hiểm ủy quyền thực hiện theo đúng hạn mức đầu tư, mục tiêu, chính sách đầu tư, cơ cấu danh mục đầu tư của doanh nghiệp bảo hiểm và quy định của pháp luật hiện hành tại mọi thời điểm. Trong trường hợp phát hiện vi phạm các quy định pháp luật và hợp đồng uỷ thác đầu tư, ngân hàng giám sát phải báo cáo ngay cho Bộ Tài chính (Cục Quản lý, giám sát bảo hiểm) và thông báo cho công ty quản lý quỹ trong thời hạn 24 giờ, kể từ khi phát hiện sự việc đồng thời yêu cầu thực hiện sửa lỗi hoặc thực hiện các hoạt động khắc phục hậu quả của các hành vi vi phạm này trong thời hạn quy định; 
 c) Giám sát, bảo đảm tính hợp pháp và chỉ thanh toán từ tài sản của quỹ các khoản chi phù hợp với quy định của pháp luật và mục tiêu đầu tư của quỹ; 
 d) Phối hợp với doanh nghiệp bảo hiểm và công ty quản lý quỹ định kỳ rà soát giá trị tài sản ròng, định giá quỹ liên kết đơn vị, giá trị tài sản ròng trên một đơn vị của quỹ liên kết đơn vị, bảo đảm các giá trị này được tính đúng, chính xác và phù hợp quy định của pháp luật; 
 đ) Giám sát việc tổ chức thực hiện và thẩm định kết quả hợp nhất, sáp nhập, giải thể, thanh lý tài sản quỹ liên kết đơn vị trong các trường hợp doanh nghiệp bảo hiểm được phép áp dụng các biện pháp trên. 
 2. Các tài sản của quỹ liên kết đơn vị để ở ngân hàng giám sát đăng ký sở hữu dưới tên của doanh nghiệp bảo hiểm là tài sản thuộc sở hữu của quỹ liên kết đơn vị, không phải của ngân hàng giám sát hoặc công ty quản lý quỹ. Ngân hàng giám sát không được sử dụng tài sản của quỹ liên kết đơn vị để thanh toán, bảo lãnh thanh toán cho các khoản nợ của mình hoặc cho bên thứ ba. 
 3. Ngân hàng giám sát có trách nhiệm lập và lưu trữ trong thời gian 10 năm các hồ sơ, chứng từ dưới dạng văn bản và tệp dữ liệu điện tử nhằm xác nhận việc tuân thủ trong hoạt động đầu tư của công ty quản lý quỹ và doanh nghiệp bảo hiểm so với các mục tiêu đầu tư của quỹ liên kết đơn vị và quy định của pháp luật. Các tài liệu này phải được cung cấp theo yêu cầu bằng văn bản của Bộ Tài chính. 
 Mục 3 
 BẢO HIỂM HƯU TRÍ",content.csv,Nghị định số 46/2023/NĐ-CP Quy định chi tiết thi hành một số điều của Luật Kinh doanh bảo hiểm,Nghị định,01/07/2023,Hết hiệu lực một phần,"[""Admin"", ""Staff""]"
163441_art_114,163441,"Điều 114. Đặc điểm nghiệp vụ bảo hiểm hưu trí 
 1. Bảo hiểm hưu trí bao gồm: 
 a) Bảo hiểm hưu trí cho từng cá nhân; 
 b) Bảo hiểm hưu trí cho nhóm người lao động (bảo hiểm hưu trí nhóm): bên mua bảo hiểm là chủ sử dụng lao động, người lao động sẽ được nhận toàn bộ quyền lợi của hợp đồng bảo hiểm sau một thời hạn nhất định theo thỏa thuận giữa các bên và được ghi nhận tại hợp đồng bảo hiểm. 
 2. Sản phẩm thuộc nghiệp vụ bảo hiểm hưu trí có các đặc điểm sau đây: 
 a) Trên cơ sở bên mua bảo hiểm đóng phí bảo hiểm, người được bảo hiểm bắt đầu nhận quyền lợi bảo hiểm hưu trí khi đạt đến tuổi theo thỏa thuận tại hợp đồng bảo hiểm, nhưng không thấp hơn độ tuổi nghỉ hưu theo quy định tại văn bản pháp luật về độ tuổi nghỉ hưu; 
 b) Cơ cấu phí bảo hiểm của sản phẩm bảo hiểm hưu trí được tách bạch giữa phí đem đi đầu tư và phí ban đầu theo quy định tại điểm a khoản 1",content.csv,Nghị định số 46/2023/NĐ-CP Quy định chi tiết thi hành một số điều của Luật Kinh doanh bảo hiểm,Nghị định,01/07/2023,Hết hiệu lực một phần,"[""Admin"", ""Staff"", ""Guest""]"
163441_art_118,163441,Điều 118 Nghị định này.,content.csv,Nghị định số 46/2023/NĐ-CP Quy định chi tiết thi hành một số điều của Luật Kinh doanh bảo hiểm,Nghị định,01/07/2023,Hết hiệu lực một phần,"[""Admin"", ""Staff"", ""Guest""]"
163441_art_116,163441,"Điều 116. Thiết lập và quản lý quỹ hưu trí tự nguyện 
 1. Khi triển khai bảo hiểm hưu trí, doanh nghiệp bảo hiểm phải thiết lập quỹ hưu trí tự nguyện, theo dõi, tách và hạch toán riêng doanh thu, chi phí, tài sản và nguồn vốn của quỹ hưu trí tự nguyện với các quỹ chủ hợp đồng khác và quỹ chủ sở hữu. 
 2. Quỹ hưu trí tự nguyện được hình thành từ phí bảo hiểm và nguồn đóng góp của doanh nghiệp bảo hiểm nhân thọ quy định tại khoản 3 Điều này. 
 3. Khi thiết lập quỹ hưu trí tự nguyện, doanh nghiệp bảo hiểm phải sử dụng quỹ chủ sở hữu đóng góp vào quỹ hưu trí tự nguyện không thấp hơn 200 tỷ đồng Việt Nam và phải duy trì tối thiểu 200 tỷ đồng Việt Nam tại quỹ này. Doanh nghiệp bảo hiểm được hưởng phần lãi suất đầu tư đối với phân đóng góp này tương ứng với lãi suất đầu tư công bố của quỹ hưu trí tự nguyện. 
 4. Quỹ hưu trí tự nguyện được đầu tư phù hợp quy định hạn mức đầu tư quy định",content.csv,Nghị định số 46/2023/NĐ-CP Quy định chi tiết thi hành một số điều của Luật Kinh doanh bảo hiểm,Nghị định,01/07/2023,Hết hiệu lực một phần,"[""Admin"", ""Staff""]"
163441_art_117,163441,"Điều 117 Nghị định này. 
 5. Doanh nghiệp bảo hiểm không được sử dụng tài sản của quỹ hưu trí tự nguyện để chi trả các khoản tiền phạt do vi phạm pháp luật, các khoản nợ và các giao dịch không liên quan đến quỹ hưu trí tự nguyện. 
 6. Toàn bộ tài sản hình thành từ nguồn phí bảo hiểm phân bổ cho Chủ hợp đồng của quỹ hưu trí tự nguyện thuộc về người được bảo hiểm.",content.csv,Nghị định số 46/2023/NĐ-CP Quy định chi tiết thi hành một số điều của Luật Kinh doanh bảo hiểm,Nghị định,01/07/2023,Hết hiệu lực một phần,"[""Admin"", ""Staff"", ""Guest""]"
163441_art_119,163441,Điều 119 Nghị định này.,content.csv,Nghị định số 46/2023/NĐ-CP Quy định chi tiết thi hành một số điều của Luật Kinh doanh bảo hiểm,Nghị định,01/07/2023,Hết hiệu lực một phần,"[""Admin"", ""Staff"", ""Guest""]"
163441_art_120,163441,"Điều 120. Chuyển tài khoản bảo hiểm hưu trí 
 1. Khi người được bảo hiểm chấm dứt hợp đồng lao động hoặc mất việc và không còn là thành viên của hợp đồng bảo hiểm hưu trí nhóm, người được bảo hiểm có quyền sau đây: 
 a) Chuyển giá trị tài khoản bảo hiểm hưu trí từ hợp đồng bảo hiểm hưu trí nhóm sang hợp đồng bảo hiểm hưu trí cá nhân với giá trị tương ứng tại cùng doanh nghiệp bảo hiểm; hoặc 
 b) Chuyển tài khoản bảo hiểm hưu trí của mình sang hợp đồng bảo hiểm hưu trí nhóm của doanh nghiệp mới. Hợp đồng bảo hiểm hưu trí nhóm mới có thể tại cùng doanh nghiệp bảo hiểm hoặc doanh nghiệp bảo hiểm khác, tùy thuộc doanh nghiệp mới. 
 2. Đối với trường hợp chuyển tài khoản bảo hiểm hưu trí trong cùng doanh nghiệp bảo hiểm, căn cứ vào văn bản xác nhận đóng phí của bên mua bảo hiểm và văn bản đề nghị chuyển tài khoản của người được bảo hiểm, doanh nghiệp bảo hiểm có trách nhiệm chuyển tài khoản theo yêu cầu của người được bảo hiểm. Doanh nghiệp bảo hiểm không được phép thu phí chuyển tài khoản bảo hiểm hưu trí. 
 3. Đối với trường hợp chuyển sang hợp đồng bảo hiểm hưu trí nhóm tại doanh nghiệp bảo hiểm mới, trong thời hạn 05 ngày làm việc kể từ ngày nhận được yêu cầu chuyển tài khoản bảo hiểm hưu trí, bằng chứng chứng minh người được bảo hiểm không tiếp tục tham gia hợp đồng bảo hiểm hưu trí nhóm tại doanh nghiệp cũ và là thành viên của hợp đồng bảo hiểm hưu trí nhóm mới, doanh nghiệp bảo hiểm phải chuyển toàn bộ giá trị tài khoản bảo hiểm hưu trí tích luỹ đến thời điểm nhận được yêu cầu chuyển tài khoản sang doanh nghiệp bảo hiểm nhận chuyển giao sau khi trừ đi phí chuyển tài khoản (nếu có). 
 4. Giá trị tài khoản bảo hiểm hưu trí được chuyển giao sẽ tích luỹ theo thỏa thuận tại hợp đồng bảo hiểm hưu trí nhóm mới. 
 5. Doanh nghiệp bảo hiểm nhận chuyển giao không được phép tính phí ban đầu đối với giá trị tài khoản bảo hiểm hưu trí được chuyển giao.",content.csv,Nghị định số 46/2023/NĐ-CP Quy định chi tiết thi hành một số điều của Luật Kinh doanh bảo hiểm,Nghị định,01/07/2023,Hết hiệu lực một phần,"[""Admin"", ""Staff"", ""Guest""]"
163441_art_121,163441,"Điều 121. Tạm thời đóng tài khoản bảo hiểm hưu trí 
 1. Bên mua bảo hiểm và doanh nghiệp bảo hiểm có thể thỏa thuận về việc tạm thời đóng tài khoản bảo hiểm hưu trí trong trường hợp không có khả năng đóng phí bảo hiểm. 
 2. Trong thời gian tạm thời đóng tài khoản bảo hiểm hưu trí, doanh nghiệp bảo hiểm không được phép tính bất kỳ khoản phí nào cho bên mua bảo hiểm. Giá trị tài khoản bảo hiểm hưu trí được tích luỹ theo tỷ suất đầu tư do doanh nghiệp bảo hiểm công bố hàng năm theo thỏa thuận tại hợp đồng bảo hiểm. Doanh nghiệp bảo hiểm không có nghĩa vụ chi trả quyền lợi bảo hiểm trong thời gian này, trừ trường hợp chi trả quyền lợi hưu trí định kỳ khi người được bảo hiểm đạt đến độ tuổi nhất định hoặc chi trả toàn bộ giá trị tài khoản bảo hiểm hưu trí tích lũy đến thời điểm người được bảo hiểm tử vong hoặc thương tật toàn bộ vĩnh viễn. 
 3. Bên mua bảo hiểm có thể yêu cầu doanh nghiệp bảo hiểm khôi phục lại tài khoản bảo hiểm hưu trí và tiếp tục đóng phí bảo hiểm. 
 Chương VIII 
 ĐIỀU KHOẢN THI HÀNH",content.csv,Nghị định số 46/2023/NĐ-CP Quy định chi tiết thi hành một số điều của Luật Kinh doanh bảo hiểm,Nghị định,01/07/2023,Hết hiệu lực một phần,"[""Admin"", ""Staff"", ""Guest""]"
163441_art_123,163441,"Điều 123. Trách nhiệm thi hành 
 Các Bộ trưởng, Thủ trưởng cơ quan ngang bộ, Thủ trưởng cơ quan thuộc Chính phủ, Chủ tịch Ủy ban nhân dân các tỉnh, thành phố trực thuộc trung ương và các đối tượng áp dụng của Nghị định chịu trách nhiệm thi hành Nghị định này. 
 
 
 
 
 
 TM. CHÍNH PHỦ 
 KT. THỦ TƯỞNG 
 PHÓ THỦ TƯỞNG 
 (Đã ký) 
 Lê Minh Khái 
 
 
 
 CỘNG HOÀ XÃ HỘI CHỦ NGHĨA VIỆT NAM 
 Độc lập - Tự do - Hạnh phúc 
 ......ngày......tháng......năm...... 
 ĐƠN ĐỀ NGHỊ CẤP GIẤY PHÉP THÀNH LẬP VÀ HOẠT ĐỘNG 
 Kính gửi: Bộ trưởng Bộ Tài chính. 
 Căn cứ Luật Kinh doanh bảo hiểm số 08/2022/QH15 ngày 16/6/2022 và các văn bản hướng dẫn thi hành; 
 Chúng tôi (sau đây gọi là chủ đầu tư) đề nghị Bộ Tài chính cấp Giấy phép thành lập và hoạt động cho (tên doanh nghiệp bảo hiểm/chi nhánh nước ngoài tại Việt Nam/doanh nghiệp tái bảo hiểm/doanh nghiệp môi giới bảo hiểm dự kiến được thành lập) cụ thể như sau: 
 I. Các thông tin về chủ đầu tư 
 Tên và địa chỉ của chủ đầu tư/sáng lập viên công ty: 
 1. Nếu là cá nhân phải ghi rõ họ và tên, ngày tháng năm sinh, nơi thường trú, Căn cước công dân/Giấy chứng minh nhân dân/Hộ chiếu. 
 2. Nếu là doanh nghiệp, tổ chức phải ghi rõ: 
 Tên giao dịch, địa chỉ trụ sở chính, vốn điều lệ; 
 Ngày tháng năm thành lập, số Giấy phép/quyết định thành lập; 
 Họ tên, chức vụ của người đại diện cho doanh nghiệp, tổ chức đó. 
 II. Các thông tin về doanh nghiệp bảo hiểm/doanh nghiệp tái bảo hiểm/chỉ nhánh nước ngoài tại Việt Nam/doanh nghiệp môi giới bảo hiểm dự kiến được thành lập 
 1. Tên đầy đủ, tên viết tắt và tên giao dịch: 
 Bảng tiếng Việt 
 Bằng tiếng nước ngoài (nếu có): 
 2. Hình thức pháp lý: 
 3. Địa điểm dự kiến đặt trụ sở chính, chi nhánh, địa điểm giao dịch, số điện thoại, fax: 
 4. Tên và địa chỉ người đại diện theo pháp luật: 
 5. lĩnh vực kinh doanh: 
 6. Phạm vi hoạt động: 
 7. Địa bàn hoạt động: 
 8. Đối tượng khách hàng: 
 9. Vấn đề lệ: 
 Số lượng vốn (bằng số): 
 Số lượng vốn (bằng chữ): 
 Tỷ lệ góp vốn: 
 Nguồn vốn: 
 10. Thời hạn hoạt động: 
 Chúng tôi xin cam kết: 
 1. Chịu trách nhiệm trước pháp luật về sự trung thực, chính xác và phù hợp với quy định pháp luật đối với hồ sơ đề nghị và các tài liệu kèm theo. 
 2. Nếu được cấp Giấy phép thành lập và hoạt động sẽ chấp hành nghiêm chỉnh các quy định của pháp luật Việt Nam có liên quan đến kinh doanh bảo hiểm và các quy định của Giấy phép thành lập và hoạt động. 
 TM. CHỦ ĐẦU TƯ 
 (Ký tên và đóng dấu) 
 Hồ sơ kèm theo: Liệt kê rõ tài liệu kèm theo. 
 ngày 01 tháng 7 năm 2023 của Chính phủ 
 BỘ TÀI CHÍNH 
 GIẤY PHÉP THÀNH LẬP 
 VÀ HOẠT ĐỘNG 
 Số:......./GP/KDBH 
 Ngày: 
 Cập tại: Hà Nội 
 Nơi cấp: Bộ Tài chính 
 
 
 BỘ TÀI CHÍNH 
 
 
 CỘNG HOÀ XÃ HỘI CHỦ NGHĨA VIỆT NAM 
 Độc lập - Tự do - Hạnh phúc 
 
 
 Số....../GP/KDBH&nbsp; &nbsp; &nbsp; &nbsp; &nbsp; &nbsp; &nbsp; &nbsp; &nbsp; &nbsp; &nbsp; &nbsp; &nbsp; &nbsp; &nbsp; &nbsp; &nbsp; &nbsp; &nbsp; &nbsp; &nbsp; &nbsp; &nbsp;Hà Nội, ngày... tháng... năm... 
 BỘ TRƯỞNG BỘ TÀI CHÍNH 
 Căn cứ Luật Kinh doanh bảo hiểm số 08/2022/QH15 ngày 16/6/2022; 
 Căn cứ Nghị định số 14/2023/NĐ-CP ngày 20/4/2023 của Chính phủ quy định chức năng, nhiệm vụ, quyền hạn và cơ cấu tổ chức của Bộ Tài chính; 
 Căn cứ Nghị định số 46/2023/NĐ-CP ngày 01/7/2023 của Chính phủ quy định chi tiết thi hành một số điều của Luật Kinh doanh bảo hiểm; 
 Xét đơn và hồ sơ ngày... tháng.... năm... của (các) chủ đầu tư xin cấp Giấy phép thành lập và hoạt động [tên doanh nghiệp bảo hiểm/doanh nghiệp tái bảo hiểm/chỉ nhánh nước ngoài tại Việt Nam/doanh nghiệp môi giới bảo hiểm dự kiến được thành lập]; 
 Theo đề nghị của Cục trưởng Cục Quản lý, giám sát bảo hiểm. 
 QUYẾT ĐỊNH:",content.csv,Nghị định số 46/2023/NĐ-CP Quy định chi tiết thi hành một số điều của Luật Kinh doanh bảo hiểm,Nghị định,01/07/2023,Hết hiệu lực một phần,"[""Admin"", ""Staff"", ""Guest""]"
168220_chunk_1,168220,"NGÂN HÀNG NHÀ NƯỚC 
 VIỆT NAM 
 --------- 
 
 CỘNG HÒA XÃ HỘI CHỦ NGHĨA VIỆT NAM 
 Độc lập - Tự do - Hạnh phúc 
 ---------------------------- 
 
 
 
 Số: 27 /2024/TT-NHNN 
 
 Hà Nội, ngày 28 tháng 6 năm 2024 
 
 
 
 &nbsp; THÔNG TƯ 
 Quy định về ngân hàng hợp tác xã, việc trích nộp, quản lý và sử dụng Quỹ 
 bảo đảm an toàn hệ thống quỹ tín dụng nhân dân 
 Căn cứ Luật Ngân hàng Nhà nước Việt Nam ngày 16 tháng 6 năm 2010; 
 Căn cứ Luật Các tổ chức tín dụng ngày 18 tháng 01 năm 2024; 
 Căn cứ Luật Hợp tác xã ngày 20 tháng 6 năm 2023; 
 Căn cứ Nghị định số 102/2022/NĐ-CP ngày 12 tháng 12 năm 2022 của Chính phủ quy định chức năng, nhiệm vụ, quyền hạn và cơ cấu tổ chức của Ngân hàng Nhà nước Việt Nam; 
 Theo đề nghị của Chánh Thanh tra, giám sát ngân hàng; 
 Thống đốc Ngân hàng Nhà nước Việt Nam ban hành Thông tư quy định về ngân hàng hợp tác xã, việc trích nộp, quản lý và sử dụng Quỹ bảo đảm an toàn hệ thống quỹ tín dụng nhân dân. 
 Chương I 
 QUY ĐỊNH CHUNG",content.csv,"Thông tư số 27/2024/TT-NHNN Quy định về việc ngân hàng hợp tác xã, việc trích nộp, quản lý và sử dụng Quỹ bảo đảm an toàn hệ thống quỹ tín dụng nhân dân",Thông tư,01/07/2024,Hết hiệu lực một phần,"[""Admin"", ""Staff""]"
168220_art_1,168220,"Điều 1. Phạm vi điều chỉnh 
 Thông tư này quy định một số nội dung về Giấy phép; tổ chức, quản trị, điều hành, hoạt động của ngân hàng hợp tác xã và việc trích nộp, quản lý, sử dụng quỹ bảo đảm an toàn hệ thống quỹ tín dụng nhân dân.",content.csv,"Thông tư số 27/2024/TT-NHNN Quy định về việc ngân hàng hợp tác xã, việc trích nộp, quản lý và sử dụng Quỹ bảo đảm an toàn hệ thống quỹ tín dụng nhân dân",Thông tư,01/07/2024,Hết hiệu lực một phần,"[""Admin"", ""Staff""]"
168220_art_2,168220,"Điều 2. Đối tượng áp dụng 
 1. Ngân hàng hợp tác xã. 
 2. Quỹ tín dụng nhân dân. 
 3. Tổ chức, cá nhân có liên quan đến phạm vi điều chỉnh quy định tại",content.csv,"Thông tư số 27/2024/TT-NHNN Quy định về việc ngân hàng hợp tác xã, việc trích nộp, quản lý và sử dụng Quỹ bảo đảm an toàn hệ thống quỹ tín dụng nhân dân",Thông tư,01/07/2024,Hết hiệu lực một phần,"[""Admin"", ""Staff""]"
168220_art_3,168220,"Điều 3. Tính chất và mục tiêu hoạt động 
 Ngân hàng hợp tác xã là loại hình tổ chức tín dụng được tổ chức theo mô hình hợp tác xã hoạt động trong lĩnh vực ngân hàng với mục tiêu chủ yếu là liên kết, bảo đảm an toàn của hệ thống thông qua việc hỗ trợ tài chính và kiểm tra, giám sát hoạt động trong hệ thống quỹ tín dụng nhân dân, điều hòa vốn và thực hiện các hoạt động ngân hàng đối với thành viên là các quỹ tín dụng nhân dân.",content.csv,"Thông tư số 27/2024/TT-NHNN Quy định về việc ngân hàng hợp tác xã, việc trích nộp, quản lý và sử dụng Quỹ bảo đảm an toàn hệ thống quỹ tín dụng nhân dân",Thông tư,01/07/2024,Hết hiệu lực một phần,"[""Admin"", ""Staff""]"
168220_art_4,168220,"Điều 4. Giải thích từ ngữ 
 Trong Thông tư này, các từ ngữ dưới đây được hiểu như sau: 
 1. Vốn góp của thành viên bao gồm vốn góp xác lập tư cách thành viên và vốn gốp thường niên. 
 2. Vốn góp xác lập tư cách thành viên là số vốn góp do Đại hội thành viên quyết định để xác lập tư cách thành viên tại ngân hàng hợp tác xã. 
 3. Vốn góp thường niên là số vốn hằng năm mà thành viên phải góp để duy trì tư cách thành viên tại ngân hàng hợp tác xã. 
 4. Quỹ bảo đảm an toàn hệ thống quỹ tín dụng nhân dân (sau đây gọi tắt là Quỹ bảo toàn) là quỹ tài chính của hệ thống tổ chức tín dụng là hợp tác xã (ngân hàng hợp tác xã và các quỹ tín dụng nhân dân) thuộc sở hữu chung của các thành viên trên cơ sở phí trích nộp của ngân hàng hợp tác xã và các quỹ tín dụng nhân dân thành viên, đặt tại ngân hàng hợp tác xã, do ngân hàng hợp tác xã quản lý và sử dụng theo quy định tại Thông tư này.",content.csv,"Thông tư số 27/2024/TT-NHNN Quy định về việc ngân hàng hợp tác xã, việc trích nộp, quản lý và sử dụng Quỹ bảo đảm an toàn hệ thống quỹ tín dụng nhân dân",Thông tư,01/07/2024,Hết hiệu lực một phần,"[""Admin"", ""Staff""]"
168220_art_5,168220,"Điều 5. Thời hạn hoạt động, địa bàn hoạt động 
 1. Thời hạn hoạt động của ngân hàng hợp tác xã được ghi trong Giấy phép thành lập và hoạt động (sau đây gọi là Giấy phép) tối đa là 99 năm. 
 2. Địa bàn hoạt động của ngân hàng hợp tác xã: trong phạm vi lãnh thổ Việt Nam.",content.csv,"Thông tư số 27/2024/TT-NHNN Quy định về việc ngân hàng hợp tác xã, việc trích nộp, quản lý và sử dụng Quỹ bảo đảm an toàn hệ thống quỹ tín dụng nhân dân",Thông tư,01/07/2024,Hết hiệu lực một phần,"[""Admin"", ""Staff""]"
168220_art_6,168220,"Điều 6. Giấy phép thành lập và hoạt động 
 1. Nội dung hoạt động và thời hạn hoạt động của ngân hàng hợp tác xã được ghi trong Giấy phép. Mẫu Giấy phép quy định tại&nbsp;Phụ lục số 01 ban hành kèm theo Thông tư này. 
 2. Trường hợp Giấy phép của ngân hàng hợp tác xã bị mất, bị rách nát, hư hỏng, ngân hàng hợp tác xã phải có văn bản nêu rõ lý do gửi trực tiếp hoặc qua dịch vụ bưu chính về Ngân hàng Nhà nước (Bộ phận một cửa) đề nghị xem xét cấp bản sao Giấy phép từ sổ gốc theo quy định của pháp luật. Trong thời hạn 02 ngày làm việc kể từ ngày nhận được văn bản đề nghị, Ngân hàng Nhà nước Việt Nam (sau đây gọi là Ngân hàng Nhà nước) xem xét, cấp bản sao từ sổ gốc cho ngân hàng hợp tác xã. 
 Chương II 
 CÁC QUY ĐỊNH CỤ THỂ 
 Mục 1 
 TIÊU CHUẨN, ĐIỀU KIỆN ĐỐI VỚI NGƯỜI QUẢN LÝ, NGƯỜI ĐIỀU 
 HÀNH, THÀNH VIÊN BAN KIỂM SOÁT CỦA NGÂN HÀNG HỢP TÁC XÃ",content.csv,"Thông tư số 27/2024/TT-NHNN Quy định về việc ngân hàng hợp tác xã, việc trích nộp, quản lý và sử dụng Quỹ bảo đảm an toàn hệ thống quỹ tín dụng nhân dân",Thông tư,01/07/2024,Hết hiệu lực một phần,"[""Admin"", ""Staff""]"
168220_art_7,168220,"Điều 7. Tiêu chuẩn, điều kiện đối với Chủ tịch, thành viên Hội đồng quản trị 
 1. Chủ tịch Hội đồng quản trị phải đáp ứng đủ các tiêu chuẩn sau: 
 a) Không thuộc trường hợp quy định tại khoản 1",content.csv,"Thông tư số 27/2024/TT-NHNN Quy định về việc ngân hàng hợp tác xã, việc trích nộp, quản lý và sử dụng Quỹ bảo đảm an toàn hệ thống quỹ tín dụng nhân dân",Thông tư,01/07/2024,Hết hiệu lực một phần,"[""Admin"", ""Staff""]"
168220_art_42,168220,Điều 42 và,content.csv,"Thông tư số 27/2024/TT-NHNN Quy định về việc ngân hàng hợp tác xã, việc trích nộp, quản lý và sử dụng Quỹ bảo đảm an toàn hệ thống quỹ tín dụng nhân dân",Thông tư,01/07/2024,Hết hiệu lực một phần,"[""Admin"", ""Staff""]"
168220_art_43,168220,"Điều 43 Luật Các tổ chức tín dụng; 
 b) Có đạo đức nghề nghiệp; 
 c) Có thời gian công tác trong lĩnh vực ngân hàng từ 05 năm trở lên; 
 d) Có thời gian giữ chức vụ quản lý hoặc điều hành tại một tổ chức hoạt động trong lĩnh vực ngân hàng từ 02 năm trở lên; 
 đ) Có trình độ từ đại học trở lên về một trong các ngành kinh tế, tài chính, kế toán, kiểm toán, ngân hàng, luật. 
 2. Thành viên Hội đồng quản trị phải đáp ứng đủ các tiêu chuẩn sau: 
 a) Tiêu chuẩn, điều kiện theo quy định tại điểm a, điểm b và điểm đ khoản 1 Điều này; 
 b) Có thời gian công tác trong lĩnh vực ngân hàng từ 02 năm trở lên; 
 c) Có thời gian giữ chức vụ quản lý hoặc điều hành tại một tổ chức hoạt động trong lĩnh vực ngân hàng từ 01 năm trở lên. 
 3. Ngân hàng Nhà nước cử người đại diện quản lý số vốn hỗ trợ của Nhà nước tại ngân hàng hợp tác xã đáp ứng các tiêu chuẩn, điều kiện tại Thông tư này trừ quy định tại điểm c khoản 1, điểm c khoản 2 Điều này và điểm c khoản 1",content.csv,"Thông tư số 27/2024/TT-NHNN Quy định về việc ngân hàng hợp tác xã, việc trích nộp, quản lý và sử dụng Quỹ bảo đảm an toàn hệ thống quỹ tín dụng nhân dân",Thông tư,01/07/2024,Hết hiệu lực một phần,"[""Admin"", ""Staff""]"
168220_art_9,168220,"Điều 9 Thông tư này để Đại hội thành viên bầu vào các chức danh thành viên Hội đồng quản trị, Chủ tịch Hội đồng quản trị, thành viên Hội đồng quản trị kiêm Tổng giám đốc ngân hàng hợp tác xã.",content.csv,"Thông tư số 27/2024/TT-NHNN Quy định về việc ngân hàng hợp tác xã, việc trích nộp, quản lý và sử dụng Quỹ bảo đảm an toàn hệ thống quỹ tín dụng nhân dân",Thông tư,01/07/2024,Hết hiệu lực một phần,"[""Admin"", ""Staff""]"
168220_art_8,168220,"Điều 8. Tiêu chuẩn, điều kiện đối với Trưởng Ban kiểm soát, thành viên Ban kiểm soát 
 1. Trưởng Ban kiểm soát phải đáp ứng đủ các tiêu chuẩn, điều kiện sau: 
 a) Tiêu chuẩn, điều kiện theo quy định tại khoản 2 Điều này; 
 b) Cư trú tại Việt Nam trong thời gian đương nhiệm. 
 2. Thành viên Ban kiểm soát phải đáp ứng đủ các tiêu chuẩn, điều kiện sau: 
 a) Không thuộc trường hợp quy định tại khoản 1",content.csv,"Thông tư số 27/2024/TT-NHNN Quy định về việc ngân hàng hợp tác xã, việc trích nộp, quản lý và sử dụng Quỹ bảo đảm an toàn hệ thống quỹ tín dụng nhân dân",Thông tư,01/07/2024,Hết hiệu lực một phần,"[""Admin"", ""Staff""]"
168220_art_10,168220,"Điều 10. Điều kiện để trở thành thành viên 
 1. Đối với các quỹ tín dụng nhân dân: quỹ tín dụng nhân dân trở thành thành viên của ngân hàng hợp tác kể từ ngày được cấp Giấy phép. 
 2. Đối với pháp nhân khác: Hoạt động kinh doanh có lãi trong năm liền kề trước năm đề nghị tham gia là thành viên và có đơn đề nghị tham gia. 
 3. Các đối tượng quy định tại các khoản 1 và khoản 2 Điều này phải góp đủ vốn góp theo quy định tại",content.csv,"Thông tư số 27/2024/TT-NHNN Quy định về việc ngân hàng hợp tác xã, việc trích nộp, quản lý và sử dụng Quỹ bảo đảm an toàn hệ thống quỹ tín dụng nhân dân",Thông tư,01/07/2024,Hết hiệu lực một phần,"[""Admin"", ""Staff""]"
168220_art_12,168220,Điều 12 Thông tư này và cử đại diện hợp pháp tham gia .,content.csv,"Thông tư số 27/2024/TT-NHNN Quy định về việc ngân hàng hợp tác xã, việc trích nộp, quản lý và sử dụng Quỹ bảo đảm an toàn hệ thống quỹ tín dụng nhân dân",Thông tư,01/07/2024,Hết hiệu lực một phần,"[""Admin"", ""Staff""]"
168220_art_11,168220,"Điều 11. Chấm dứt tư cách thành viên 
 Thành viên ngân hàng hợp tác xã chấm dứt tư cách thành viên trong các trường hợp sau: 
 1. Thành viên chấm dứt tư cách pháp nhân. 
 2. Thành viên là pháp nhân khác đã chuyển nhượng toàn bộ phần vốn góp của mình cho pháp nhân khác theo quy định tại",content.csv,"Thông tư số 27/2024/TT-NHNN Quy định về việc ngân hàng hợp tác xã, việc trích nộp, quản lý và sử dụng Quỹ bảo đảm an toàn hệ thống quỹ tín dụng nhân dân",Thông tư,01/07/2024,Hết hiệu lực một phần,"[""Admin"", ""Staff""]"
168220_art_14,168220,"Điều 14 Thông tư này. 
 3. Thành viên là pháp nhân khác xin ra khỏi ngân hàng hợp tác xã và được Hội đồng quản trị ngân hàng hợp tác xã chấp thuận cho ra khỏi ngân hàng hợp tác xã theo quy định của pháp luật và Điều lệ ngân hàng hợp tác xã. 
 4. Thành viên là pháp nhân khác bị Đại hội thành viên khai trừ ra khỏi ngân hàng hợp tác xã trong các trường hợp sau: 
 a) Không có người đại diện đủ điều kiện theo quy định của pháp luật và Điều lệ của ngân hàng hợp tác xã; 
 b) Không góp đủ vốn thường niên theo quy định tại",content.csv,"Thông tư số 27/2024/TT-NHNN Quy định về việc ngân hàng hợp tác xã, việc trích nộp, quản lý và sử dụng Quỹ bảo đảm an toàn hệ thống quỹ tín dụng nhân dân",Thông tư,01/07/2024,Hết hiệu lực một phần,"[""Admin"", ""Staff""]"
168220_art_13,168220,"Điều 13. Thay đổi vốn điều lệ 
 1. Hội đồng quản trị của ngân hàng hợp tác xã quyết định việc tăng, giảm mức vốn điều lệ và báo cáo Đại hội thành viên tại cuộc họp Đại hội thành viên gần nhất trong các trường hợp sau đây: 
 a) Tiếp nhận vốn góp của thành viên do kết nạp thành viên hoặc thành viên góp vốn thường niên; 
 b) Hoàn trả vốn góp cho thành viên bị giải thể, phá sản hoặc hoàn trả vốn góp cho thành viên chấm dứt tư cách thành viên theo quy định tại khoản 3",content.csv,"Thông tư số 27/2024/TT-NHNN Quy định về việc ngân hàng hợp tác xã, việc trích nộp, quản lý và sử dụng Quỹ bảo đảm an toàn hệ thống quỹ tín dụng nhân dân",Thông tư,01/07/2024,Hết hiệu lực một phần,"[""Admin"", ""Staff""]"
168220_art_15,168220,"Điều 15. Tổ chức Đại hội thành viên 
 1. Đại hội thành viên họp thường niên mỗi năm một lần do Hội đồng quản trị triệu tập trong thời hạn 04 tháng kể từ ngày kết thúc năm tài chính. 
 2. Đại hội thành viên được tổ chức dưới hình thức đại hội toàn thể hoặc đại hội đại biểu. Đại hội toàn thể thành viên hoặc Đại hội đại biểu thành viên ngân hàng hợp tác xã có nhiệm vụ, quyền hạn như nhau. Căn cứ vào thực tế, Hội đồng quản trị quyết định về cách thức tổ chức Đại hội thành viên, cách thức bầu, số lượng đại biểu thành viên tham dự Đại hội thành viên trong từng kỳ Đại hội. 
 3. Đại hội thành viên được coi là hợp lệ khi có ít nhất hai phần ba thành viên được triệu tập tham dự họp (đối với Đại hội toàn thể) hoặc số lượng đại biểu theo Điều lệ của ngân hàng hợp tác xã quy định nhưng không ít hơn 100 đại biểu (đối với Đại hội đại biểu). 
 4. Trường hợp số lượng thành viên (đại biểu thành viên) tham dự không đủ theo quy định tại khoản 3 Điều này thì Hội đồng quản trị phải hoãn Đại hội thành viên và triệu tập lại trong vòng 30 ngày kể từ ngày hoãn Đại hội thành viên. Đối với Đại hội thành viên thường niên, thời hạn tạm hoãn và triệu tập lại không được vượt quá thời hạn tổ chức Đại hội thành viên quy định tại khoản 1 Điều này. 
 5. Việc quyết định sửa đổi, bổ sung Điều lệ, giải thể, phá sản ngân hàng hợp tác xã chỉ được thông qua khi có ít nhất trên ba phần tư tổng số thành viên hoặc đại biểu thành viên có mặt tại Đại hội thành viên biểu quyết tán thành. 
 6. Các quyết định về những vấn đề khác được thông qua khi có trên một phần hai tổng số đại biểu có mặt tại Đại hội thành viên biểu quyết tán thành. 
 7. Việc biểu quyết tại Đại hội thành viên không phụ thuộc vào số vốn góp hay chức vụ của thành viên trong ngân hàng hợp tác xã. Mỗi thành viên chỉ có một phiếu biểu quyết. Phiếu biểu quyết của đại biểu thành viên tương ứng với số lượng thành viên mà đại biểu thành viên đại diện.",content.csv,"Thông tư số 27/2024/TT-NHNN Quy định về việc ngân hàng hợp tác xã, việc trích nộp, quản lý và sử dụng Quỹ bảo đảm an toàn hệ thống quỹ tín dụng nhân dân",Thông tư,01/07/2024,Hết hiệu lực một phần,"[""Admin"", ""Staff""]"
168220_art_16,168220,"Điều 16. Thông báo triệu tập Đại hội thành viên 
 Cơ quan triệu tập Đại hội thành viên phải gửi thông báo mời họp đến từng thành viên hoặc đại biểu thành viên chậm nhất 07 ngày làm việc trước ngày khai mạc nếu Điều lệ ngân hàng hợp tác xã không quy định thời hạn. Thông báo mời họp phải có thời gian, địa điểm, nội dung, chương trình họp và các tài liệu thảo luận. 
 Mục 4 
 HOẠT ĐỘNG CỦA NGÂN HÀNG HỢP TÁC XÃ",content.csv,"Thông tư số 27/2024/TT-NHNN Quy định về việc ngân hàng hợp tác xã, việc trích nộp, quản lý và sử dụng Quỹ bảo đảm an toàn hệ thống quỹ tín dụng nhân dân",Thông tư,01/07/2024,Hết hiệu lực một phần,"[""Admin"", ""Staff""]"
168220_art_17,168220,"Điều 17. Hoạt động đối với các quỹ tín dụng nhân dân thành viên 
 1. Nhận tiền gửi điều hòa vốn, cho vay điều hòa vốn đối với các quỹ tín dụng nhân dân thành viên theo Quy chế điều hòa vốn. Việc xây dựng và nội dung của Quy chế điều hòa vốn phải đảm bảo các nguyên tắc sau: 
 a) Quỹ tín dụng nhân dân thành viên gửi tiền không kỳ hạn, gửi tiền có kỳ hạn tại ngân hàng hợp tác xã để điều hòa vốn. Trường hợp rút tiền trước hạn, quỹ tín dụng nhân dân thông báo trước cho ngân hàng hợp tác xã; 
 b) Quỹ tín dụng nhân dân thành viên được ngân hàng hợp tác xã cho vay điều hòa vốn khi có nhu cầu về vốn để mở rộng tín dụng; 
 c) Cơ chế lãi suất tiền gửi đảm bảo tính hỗ trợ và lãi suất tiền vay điều hòa vốn phải rõ ràng, minh bạch, không vì mục tiêu lợi nhuận, có tính liên kết giữa ngân hàng hợp tác xã với các quỹ tín dụng nhân dân thành viên; 
 d) Quy định cụ thể về hạn mức cho vay, đối tượng, trình tự, hồ sơ, chứng từ liên quan đến việc nhận tiền gửi điều hòa vốn, cho vay điều hòa vốn; 
 đ) Quy chế điều hòa vốn do ngân hàng hợp tác xã xây dựng, lấy ý kiến của tất cả quỹ tín dụng nhân dân thành viên và phải được Đại hội thành viên ngân hàng hợp tác xã thông qua. Sau khi ban hành Quy chế điều hòa vốn, ngân hàng hợp tác xã tổ chức tập huấn, phổ biến đến các quỹ tín dụng nhân dân thành viên. Việc sửa đổi, bổ sung Quy chế điều hòa vốn phải được Đại hội thành viên ngân hàng hợp tác xã thông qua. 
 Trong thời hạn 07 ngày làm việc kể từ ngày Quy chế điều hòa vốn được ban hành hoặc sửa đổi, bổ sung, ngân hàng hợp tác xã có trách nhiệm gửi Ngân hàng Nhà nước (Cơ quan Thanh tra, giám sát ngân hàng) Quy chế và nội dung sửa đổi, bổ sung để Ngân hàng Nhà nước thực hiện công tác thanh tra, giám sát. 
 2. Mở tài khoản thanh toán, cung cấp phương tiện thanh toán cho các quỹ tín dụng nhân dân thành viên. Cung ứng dịch vụ thanh toán qua tài khoản trong nước cho quỹ tín dụng nhân dân thành viên bao gồm: séc, lệnh chi, ủy nhiệm chi, nhờ thu, ủy nhiệm thu, chuyển tiền, dịch vụ thu hộ và chi hộ. 
 3. Cho vay quỹ tín dụng nhân dân thành viên để xử lý khó khăn tạm thời về thanh khoản. Cho vay đặc biệt quỹ tín dụng nhân dân thành viên theo quy định của Thống đốc Ngân hàng Nhà nước về cho vay đặc biệt đối với tổ chức tín dụng được kiểm soát đặc biệt. 
 4. Xây dựng, hỗ trợ phát triển và ứng dụng các sản phẩm, dịch vụ mới trong hoạt động của quỹ tín dụng nhân dân thành viên đáp ứng nhu cầu của các thành viên quỹ tín dụng nhân dân và phục vụ phát triển lợi ích cộng đồng trên địa bàn. 
 5. Kiểm tra, giám sát quỹ tín dụng nhân dân theo yêu cầu của Ngân hàng Nhà nước về nội dung, phạm vi, thời hạn kiểm tra, giám sát theo các quy định sau: 
 a) Ngân hàng hợp tác xã có trách nhiệm xây dựng Quy chế kiểm tra, giám sát quỹ tín dụng nhân dân thành viên theo quy định tại khoản này và gửi Ngân hàng Nhà nước (Cơ quan Thanh tra, giám sát ngân hàng) có ý kiến trước khi quy chế này được ban hành hoặc sửa đổi, bổ sung. Trong thời hạn 07 ngày làm việc kể từ ngày Quy chế được ban hành hoặc sửa đổi, bổ sung, ngân hàng hợp tác xã phải gửi Ngân hàng Nhà nước (Cơ quan Thanh tra, giám sát ngân hàng) để thực hiện công tác thanh tra, giám sát. 
 b) Quy chế kiểm tra, giám sát quỹ tín dụng nhân dân thành viên phải được Hội đồng quản trị phê duyệt và đảm bảo có tối thiểu các nội dung sau: 
 (i) Đối tượng thực hiện kiểm tra, giám sát; 
 (ii) Phạm vi, nội dung, mục đích, nguyên tắc kiểm tra, giám sát; 
 (iii) Quy trình thực hiện kiểm tra, giám sát; 
 (iv) Thời hạn kiểm tra, giám sát; 
 (v) Quyền và trách nhiệm của các bên có liên quan. 
 6. Thực hiện kiểm toán nội bộ đối với quỹ tín dụng nhân dân thành viên theo các quy định sau: 
 a) Đối tượng kiểm toán nội bộ: 
 Ngân hàng hợp tác xã thực hiện kiểm toán nội bộ đối với quỹ tín dụng nhân dân thành viên có tổng tài sản dưới 50 tỷ đồng trừ quỹ tín dụng nhân dân được can thiệp sớm, quỹ tín dụng nhân dân được kiểm soát đặc biệt; 
 b) Phạm vi, nội dung thực hiện kiểm toán nội bộ: 
 (i) Thực hiện kiểm toán một số nội dung tại báo cáo tài chính như: lỗ, lãi, giá trị thực của vốn điều lệ, quỹ dự trữ; 
 (ii) Quy trình cho vay, nhận tiền gửi; 
 c) Hằng năm, ngân hàng hợp tác xã xây dựng Kế hoạch thực hiện kiểm toán nội bộ báo cáo Ngân hàng Nhà nước cùng Kế hoạch kinh doanh hằng năm để Ngân hàng Nhà nước phê duyệt trước khi thực hiện; 
 d) Ngân hàng hợp tác xã có trách nhiệm xây dựng Quy chế kiểm toán nội bộ quỹ tín dụng nhân dân thành viên theo quy định tại khoản này và gửi Ngân hàng Nhà nước (Cơ quan Thanh tra, giám sát ngân hàng) trong thời hạn 07 ngày làm việc kể từ ngày quy chế được ban hành hoặc sửa đổi, bổ sung để thực hiện công tác thanh tra, giám sát; 
 đ) Quy chế kiểm toán nội bộ quỹ tín dụng nhân dân thành viên phải được Hội đồng quản trị phê duyệt và đảm bảo hỗ trợ cho hoạt động của quỹ tín dụng nhân dân thành viên. Quy chế kiểm toán nội bộ quỹ tín dụng nhân dân có tối thiểu các nội dung sau: 
 (i). Đối tượng thực hiện kiểm toán nội bộ; 
 (ii). Nội dung, mục đích, nguyên tắc, phạm vi kiểm toán nội bộ; 
 (iii) Quy trình thực hiện kiểm toán nội bộ phải đảm bảo yêu cầu về bảo mật thông tin đối với hoạt động của quỹ tín dụng nhân dân thành viên; 
 (iv) Thành phần đoàn kiểm toán nội bộ; 
 (v) Thời hạn kiểm toán nội bộ; 
 (vi) Quyền và trách nhiệm của các bên có liên quan. 
 7. Cử nhân sự để giữ chức danh Chủ tịch Hội đồng quản trị, Giám đốc và Phó Giám đốc của quỹ tín dụng nhân dân được can thiệp sớm hoặc quỹ tín dụng nhân dân được kiểm soát đặc biệt khi Ngân hàng Nhà nước chi nhánh tỉnh, thành phố nơi có quỹ tín dụng nhân dân yêu cầu. 
 Nhân sự dự kiến cử phải đáp ứng các quy định về tiêu chuẩn, điều kiện giữ các chức danh được cử theo quy định về tiêu chuẩn, điều kiện đối với Chủ tịch Hội đồng quản trị, Giám đốc và Phó Giám đốc của quỹ tín dụng nhân dân, trừ điều kiện phải là thành viên của quỹ tín dụng nhân dân. 
 8. Ban hành, công bố mẫu sổ tiết kiệm trắng và cung cấp sổ tiết kiệm trắng cho quỹ tín dụng nhân dân để nhận tiền gửi tiết kiệm của khách hàng theo các yêu cầu và nội dung sau: 
 a) Sổ tiết kiệm trắng phải có yếu tố chống làm giả, số seri bảo đảm phục vụ cho yêu cầu thống kê, quản lý; 
 b) Đầu mối triển khai và đảm bảo an toàn trong việc in, quản lý, cung cấp sổ tiết kiệm trắng cho quỹ tín dụng nhân dân; 
 c) Ban hành quy định về việc cung cấp sổ tiết kiệm trắng cho các quỹ tín dụng nhân dân để thực hiện thống nhất. Quy định cung cấp sổ tiết kiệm trắng phải bao gồm tối thiểu các nội dung sau đây: 
 (i) Giá bán bảo đảm nguyên tắc bù đắp chi phí in, vận chuyển sổ tiết kiệm trắng, không vì mục tiêu lợi nhuận và được công khai, minh bạch; 
 (ii) Quy trình đăng ký nhu cầu, cung cấp sổ tiết kiệm trắng cho quỹ tín dụng nhân dân, bảo đảm cung cấp kịp thời, đầy đủ sổ tiết kiệm trắng theo đăng ký của quỹ tín dụng nhân dân và phục vụ cho việc giám sát của Ngân hàng Nhà nước chi nhánh tỉnh, thành phố; 
 (iii) Quy định về việc nhập, xuất, bảo quản, kiểm kê, quản lý sổ tiết kiệm trắng theo quy định của pháp luật; 
 d) Trước ngày 10 hằng tháng hoặc khi có yêu cầu, báo cáo Ngân hàng Nhà nước chi nhánh tỉnh, thành phố về tình hình cung cấp sổ tiết kiệm trắng cho quỹ tín dụng nhân dân trên địa bàn tỉnh, thành phố của tháng trước liền kề theo mẫu quy định tại Phụ lục số 02 ban hành kèm theo Thông tư này. 
 9. Các hoạt động kinh doanh khác quy định tại",content.csv,"Thông tư số 27/2024/TT-NHNN Quy định về việc ngân hàng hợp tác xã, việc trích nộp, quản lý và sử dụng Quỹ bảo đảm an toàn hệ thống quỹ tín dụng nhân dân",Thông tư,01/07/2024,Hết hiệu lực một phần,"[""Admin""]"
168220_art_21,168220,Điều 21 Thông tư này.,content.csv,"Thông tư số 27/2024/TT-NHNN Quy định về việc ngân hàng hợp tác xã, việc trích nộp, quản lý và sử dụng Quỹ bảo đảm an toàn hệ thống quỹ tín dụng nhân dân",Thông tư,01/07/2024,Hết hiệu lực một phần,"[""Admin"", ""Staff""]"
168220_art_18,168220,"Điều 18. Hoạt động đối với khách hàng không phải là quỹ tín dụng nhân dân thành viên 
 1. Nhận tiền gửi không kỳ hạn, tiền gửi có kỳ hạn, tiền gửi tiết kiệm, phát hành chứng chỉ tiền gửi. 
 2. Cấp tín dụng dưới các hình thức sau đây: 
 a) Cho vay. 
 Ngân hàng hợp tác xã cho vay đối với khách hàng không phải là quỹ tín dụng nhân dân thành viên khi đã ưu tiên đáp ứng nhu cầu điều hòa vốn của quỹ tín dụng nhân dân thành viên. Trong trường hợp cần thiết, Ngân hàng Nhà nước quyết định hạn chế việc cấp tín dụng của ngân hàng hợp tác xã đối với khách hàng không phải là quỹ tín dụng nhân dân thành viên; 
 b) Thư tín dụng; 
 c) Chiết khấu, tái chiết khấu công cụ chuyển nhượng và giấy tờ có giá khác; 
 d) Bảo lãnh ngân hàng; 
 đ) Phát hành thẻ tín dụng. 
 3. Mở tài khoản thanh toán cho khách hàng. 
 4. Cung ứng các phương tiện thanh toán. 
 5. Cung ứng dịch vụ thanh toán qua tài khoản trong nước, bao gồm: séc, lệnh chi, ủy nhiệm chi, nhờ thu, ủy nhiệm thu, chuyển tiền, thẻ ngân hàng, dịch vụ thu hộ và chi hộ. 
 6. Các dịch vụ khác liên quan đến thư tín dụng. 
 7. Các hoạt động kinh doanh khác quy định tại",content.csv,"Thông tư số 27/2024/TT-NHNN Quy định về việc ngân hàng hợp tác xã, việc trích nộp, quản lý và sử dụng Quỹ bảo đảm an toàn hệ thống quỹ tín dụng nhân dân",Thông tư,01/07/2024,Hết hiệu lực một phần,"[""Admin"", ""Staff""]"
168220_art_19,168220,"Điều 19. Vay, gửi tiền, mua, bán giấy tờ có giá 
 1. Vay Ngân hàng Nhà nước dưới hình thức tái cấp vốn theo quy định của Luật Ngân hàng Nhà nước Việt Nam. 
 2. Mua, bán giấy tờ có giá với Ngân hàng Nhà nước theo quy định của Luật Ngân hàng Nhà nước Việt Nam. 
 3. Cho vay, vay, gửi tiền, nhận tiền gửi, mua, bán có kỳ hạn giấy tờ có giá với tổ chức tín dụng, chi nhánh ngân hàng nước ngoài theo quy định của Thống đốc Ngân hàng Nhà nước. 
 4. Vay nước ngoài theo quy định của pháp luật.",content.csv,"Thông tư số 27/2024/TT-NHNN Quy định về việc ngân hàng hợp tác xã, việc trích nộp, quản lý và sử dụng Quỹ bảo đảm an toàn hệ thống quỹ tín dụng nhân dân",Thông tư,01/07/2024,Hết hiệu lực một phần,"[""Admin"", ""Staff""]"
168220_art_20,168220,"Điều 20. Mở tài khoản, tổ chức và tham gia hệ thống thanh toán 
 1. Mở tài khoản thanh toán tại Ngân hàng Nhà nước. 
 2. Mở tài khoản tại tổ chức tín dụng được cung ứng dịch vụ thanh toán qua tài khoản. 
 3. Tổ chức thanh toán nội bộ, tham gia hệ thống thanh toán liên ngân hàng quốc gia.",content.csv,"Thông tư số 27/2024/TT-NHNN Quy định về việc ngân hàng hợp tác xã, việc trích nộp, quản lý và sử dụng Quỹ bảo đảm an toàn hệ thống quỹ tín dụng nhân dân",Thông tư,01/07/2024,Hết hiệu lực một phần,"[""Admin"", ""Staff""]"
168220_art_22,168220,"Điều 22. Quyền hạn 
 1. Được Ngân hàng Nhà nước cung cấp thông tin liên quan đến hoạt động của quỹ tín dụng nhân dân. 
 2. Yêu cầu quỹ tín dụng nhân dân cung cấp thông tin, báo cáo phục vụ cho mục đích điều hòa vốn, kiểm toán nội bộ và kiểm tra, giám sát an toàn hệ thống. 
 3. Các quyền hạn khác theo quy định tại Điều lệ và Thông tư này.",content.csv,"Thông tư số 27/2024/TT-NHNN Quy định về việc ngân hàng hợp tác xã, việc trích nộp, quản lý và sử dụng Quỹ bảo đảm an toàn hệ thống quỹ tín dụng nhân dân",Thông tư,01/07/2024,Hết hiệu lực một phần,"[""Admin"", ""Staff""]"
168220_art_23,168220,"Điều 23. Trách nhiệm 
 1. Hướng dẫn, đào tạo nghiệp vụ ngân hàng, công nghệ thông tin đối với quỹ tín dụng nhân dân thành viên. 
 2. Hỗ trợ các hoạt động ngân hàng cho quỹ tín dụng nhân dân thành viên theo quy định của pháp luật. 
 3. Ban hành Quy chế điều hòa vốn, Quy chế kiểm tra, giám sát quỹ tín dụng nhân dân, Quy chế kiểm toán nội bộ quỹ tín dụng nhân dân theo quy định tại khoản 1, khoản 5 và khoản 6",content.csv,"Thông tư số 27/2024/TT-NHNN Quy định về việc ngân hàng hợp tác xã, việc trích nộp, quản lý và sử dụng Quỹ bảo đảm an toàn hệ thống quỹ tín dụng nhân dân",Thông tư,01/07/2024,Hết hiệu lực một phần,"[""Admin"", ""Staff""]"
168220_art_24,168220,"Điều 24. Nguyên tắc quản lý Quỹ bảo đảm an toàn hệ thống quỹ tín dụng nhân dân 
 1. Quỹ bảo toàn được sử dụng theo nguyên tắc cho vay có hoàn trả, không vì mục tiêu lợi nhuận, tự chủ, tự chịu trách nhiệm. 
 2. Chi phí liên quan đến việc sử dụng Quỹ bảo toàn được bù đắp từ lãi cho vay, đầu tư của Quỹ bảo toàn. 
 3. Nguồn vốn nhàn rỗi của Quỹ bảo toàn được sử dụng trên nguyên tắc đảm bảo an toàn nguồn vốn và đáp ứng yêu cầu cho vay hỗ trợ các quỹ tín dụng nhân dân.",content.csv,"Thông tư số 27/2024/TT-NHNN Quy định về việc ngân hàng hợp tác xã, việc trích nộp, quản lý và sử dụng Quỹ bảo đảm an toàn hệ thống quỹ tín dụng nhân dân",Thông tư,01/07/2024,Hết hiệu lực một phần,"[""Admin"", ""Staff""]"
168220_art_25,168220,"Điều 25. Trích nộp Quỹ bảo toàn 
 1. Ngân hàng hợp tác xã, quỹ tín dụng nhân dân có trách nhiệm trích nộp phí tham gia đầy đủ, đúng hạn vào Quỹ bảo toàn một năm một lần trước ngày 31/01 của năm tiếp theo. 
 2. Việc trích nộp Quỹ bảo toàn theo quy định tại khoản 1 Điều này được thực hiện như sau: 
 a) Mức phí trích nộp hằng năm bằng 0,05% dư nợ cho vay bình quân năm liền kề trước kết thúc vào ngày 31/12 của ngân hàng hợp tác xã, quỹ tín dụng nhân dân, trong đó dư nợ cho vay bình quân năm được tính bằng tổng dư nợ cho vay (nhóm 1 và nhóm 2 theo quy định về phân loại nợ của Thống đốc Ngân hàng Nhà nước đối với ngân hàng hợp tác xã và quỹ tín dụng nhân dân) tại thời điểm cuối mỗi tháng trong năm chia cho số tháng phải tính thực tế. Đối với ngân hàng hợp tác xã, số dư nợ cho vay tại thời điểm cuối mỗi tháng được loại trừ phần dư nợ cho vay điều hòa vốn đối với các quỹ tín dụng nhân dân thành viên; 
 b) Việc trích nộp Quỹ bảo toàn của năm tài chính chỉ được thực hiện khi tổng nguồn vốn hoạt động của Quỹ bảo toàn trước khi trích nộp thấp hơn 1,5% tổng tài sản có của hệ thống quỹ tín dụng nhân dân. Trường hợp sau khi trích nộp Quỹ bảo toàn của năm tài chính dẫn đến tổng nguồn vốn hoạt động của Quỹ&nbsp;bảo toàn cao hơn hoặc bằng 1,5% tổng tài sản có của hệ thống quỹ tín dụng nhân dân thì ngân hàng hợp tác xã, quỹ tín dụng nhân dân vẫn thực hiện trích nộp Quỹ bảo toàn đối với năm tài chính đó; 
 c) Số tiền trích nộp Quỹ bảo toàn được hạch toán vào chi phí hoạt động của ngân hàng hợp tác xã, quỹ tín dụng nhân dân. 
 3. Chênh lệch thu từ lãi và chi phí trong hoạt động của Quỹ bảo toàn được sử dụng bổ sung Quỹ bảo toàn.",content.csv,"Thông tư số 27/2024/TT-NHNN Quy định về việc ngân hàng hợp tác xã, việc trích nộp, quản lý và sử dụng Quỹ bảo đảm an toàn hệ thống quỹ tín dụng nhân dân",Thông tư,01/07/2024,Hết hiệu lực một phần,"[""Admin"", ""Staff""]"
168220_art_26,168220,"Điều 26. Quản lý Quỹ bảo toàn 
 1. Quỹ bảo toàn được quản lý, sử dụng trong toàn hệ thống quỹ tín dụng nhân dân theo Quy chế quản lý và sử dụng Quỹ bảo toàn do ngân hàng hợp tác xã xây dựng, ban hành và được Đại hội thành viên ngân hàng hợp tác xã thông qua. Việc sửa đổi, bổ sung Quy chế quản lý và sử dụng Quỹ bảo toàn phải được Đại hội thành viên ngân hàng hợp tác xã thông qua. 
 Trong vòng 07 ngày làm việc kể từ ngày Quy chế quản lý và sử dụng Quỹ bảo toàn được ban hành hoặc sửa đổi, bổ sung, ngân hàng hợp tác xã có trách nhiệm gửi Ngân hàng Nhà nước (Cơ quan Thanh tra, giám sát ngân hàng) quy chế và nội dung sửa đổi, bổ sung để Ngân hàng Nhà nước thực hiện công tác thanh tra, giám sát. 
 2. Quy chế quản lý và sử dụng Quỹ bảo toàn tối thiểu phải có các nội dung sau: 
 a) Nguyên tắc quản lý, sử dụng Quỹ bảo toàn theo quy định tại",content.csv,"Thông tư số 27/2024/TT-NHNN Quy định về việc ngân hàng hợp tác xã, việc trích nộp, quản lý và sử dụng Quỹ bảo đảm an toàn hệ thống quỹ tín dụng nhân dân",Thông tư,01/07/2024,Hết hiệu lực một phần,"[""Admin"", ""Staff""]"
168220_art_27,168220,"Điều 27 Thông tư này; 
 b) Các quy định cụ thể về việc sử dụng Quỹ bảo toàn, trong đó: 
 (i) Các trường hợp cho vay hỗ trợ theo quy định tại khoản 1",content.csv,"Thông tư số 27/2024/TT-NHNN Quy định về việc ngân hàng hợp tác xã, việc trích nộp, quản lý và sử dụng Quỹ bảo đảm an toàn hệ thống quỹ tín dụng nhân dân",Thông tư,01/07/2024,Hết hiệu lực một phần,"[""Admin"", ""Staff""]"
168220_art_159,168220,Điều 159 và điểm c khoản 2,content.csv,"Thông tư số 27/2024/TT-NHNN Quy định về việc ngân hàng hợp tác xã, việc trích nộp, quản lý và sử dụng Quỹ bảo đảm an toàn hệ thống quỹ tín dụng nhân dân",Thông tư,01/07/2024,Hết hiệu lực một phần,"[""Admin"", ""Staff""]"
168220_art_171,168220,"Điều 171 Luật Các tổ chức tín dụng); 
 c) Cơ chế giải ngân nguồn vốn cho vay hỗ trợ; 
 d) Các biện pháp theo dõi; cơ chế kiểm tra, giám sát việc sử dụng vốn vay của quỹ tín dụng nhân dân được hỗ trợ; 
 đ) Các trường hợp miễn, giảm phí tham gia vào Quỹ bảo toàn; 
 e) Nguyên tắc, điều kiện, thẩm quyền xử lý rủi ro đối với các khoản cho vay hỗ trợ không thu hồi được vốn; 
 g) Việc sử dụng nguồn vốn tạm thời nhàn rỗi của Quỹ bảo toàn; 
 h) Cơ chế thu, chi tài chính phục vụ cho hoạt động của Quỹ bảo toàn theo quy định của pháp luật có liên quan; 
 i) Quy định chế độ báo cáo của các quỹ tín dụng nhân dân được vay hỗ trợ.",content.csv,"Thông tư số 27/2024/TT-NHNN Quy định về việc ngân hàng hợp tác xã, việc trích nộp, quản lý và sử dụng Quỹ bảo đảm an toàn hệ thống quỹ tín dụng nhân dân",Thông tư,01/07/2024,Hết hiệu lực một phần,"[""Admin"", ""Staff""]"
168220_art_28,168220,"Điều 28. Hồ sơ, trình tự, thời hạn, lãi suất cho vay hỗ trợ từ Quỹ bảo toàn 
 Hồ sơ, trình tự, thời hạn, lãi suất cho vay hỗ trợ thực hiện theo Quy chế quản lý và sử dụng Quỹ bảo toàn do ngân hàng hợp tác xã ban hành.",content.csv,"Thông tư số 27/2024/TT-NHNN Quy định về việc ngân hàng hợp tác xã, việc trích nộp, quản lý và sử dụng Quỹ bảo đảm an toàn hệ thống quỹ tín dụng nhân dân",Thông tư,01/07/2024,Hết hiệu lực một phần,"[""Admin"", ""Staff""]"
168220_art_29,168220,"Điều 29. Chế độ báo cáo áp dụng đối với Quỹ bảo toàn 
 1. Hằng năm, chậm nhất vào ngày 15 tháng 7, ngân hàng hợp tác xã có trách nhiệm gửi báo cáo tình hình hoạt động 6 tháng đầu năm của Quỹ bảo toàn cho Ngân hàng Nhà nước theo mẫu quy định tại Phụ lục số 03 ban hành kèm theo Thông tư này. 
 2. Hằng năm, chậm nhất sau 45 ngày kể từ ngày kết thúc năm tài chính, ngân hàng hợp tác xã có trách nhiệm gửi các báo cáo cho Ngân hàng Nhà nước như sau: 
 a) Báo cáo tình hình hoạt động và báo cáo tình hình tài chính năm trước của Quỹ bảo toàn theo mẫu quy định tại Phụ lục số 03 ban hành kèm theo Thông tư này; 
 b) Báo cáo về kết quả giám sát, kiểm toán nội bộ của Ban kiểm soát ngân hàng hợp tác xã về hình hình hoạt động và kết quả tài chính của Quỹ bảo toàn theo mẫu quy định tại Phụ lục số 04 ban hành kèm theo Thông tư này. 
 3. Báo cáo đột xuất theo yêu cầu của Ngân hàng Nhà nước. 
 4. Các báo cáo tại khoản 1 và khoản 2 Điều này được lập thành báo cáo điện tử gửi qua hệ thống báo cáo Ngân hàng Nhà nước. Các báo cáo tại khoản 3 Điều này được lập thành văn bản giấy gửi trực tiếp hoặc qua dịch vụ bưu chính đến Ngân hàng Nhà nước (Cơ quan Thanh tra, giám sát ngân hàng). 
 5. Hằng năm, chậm nhất vào ngày 31/01, ngân hàng hợp tác xã có trách nhiệm gửi báo cáo tình hình hoạt động và báo cáo tình hình tài chính năm của Quỹ bảo toàn cho các thành viên tham gia Quỹ bảo toàn; đồng thời chịu trách nhiệm báo cáo, giải trình theo yêu cầu của các thành viên tham gia Quỹ bảo toàn đối với các báo cáo nêu trên.",content.csv,"Thông tư số 27/2024/TT-NHNN Quy định về việc ngân hàng hợp tác xã, việc trích nộp, quản lý và sử dụng Quỹ bảo đảm an toàn hệ thống quỹ tín dụng nhân dân",Thông tư,01/07/2024,Hết hiệu lực một phần,"[""Admin"", ""Staff""]"
168220_art_30,168220,"Điều 30. Trách nhiệm của ngân hàng hợp tác xã trong việc quản lý, sử dụng Quỹ bảo toàn 
 1. Lập Quỹ bảo toàn theo quy định tại Thông tư này. 
 2. Tính, nộp đúng hạn và đầy đủ phí tham gia vào Quỹ bảo toàn. 
 3. Kiểm tra việc tính, trích nộp phí và đôn đốc các quỹ tín dụng nhân dân nộp đúng hạn, đầy đủ phí tham gia vào Quỹ bảo toàn. 
 4. Quản lý, sử dụng và chịu trách nhiệm về việc sử dụng Quỹ bảo toàn. 
 5. Xây dựng Quy chế quản lý và sử dụng Quỹ bảo toàn, trình Đại hội thành viên ngân hàng hợp tác xã thông qua để ban hành và thực hiện trong toàn hệ thống quỹ tín dụng nhân dân theo quy định tại Thông tư này và các quy định của pháp luật có liên quan. 
 6. Báo cáo tình hình hoạt động và tình hình tài chính của Quỹ bảo toàn tại Đại hội thành viên của ngân hàng hợp tác xã.",content.csv,"Thông tư số 27/2024/TT-NHNN Quy định về việc ngân hàng hợp tác xã, việc trích nộp, quản lý và sử dụng Quỹ bảo đảm an toàn hệ thống quỹ tín dụng nhân dân",Thông tư,01/07/2024,Hết hiệu lực một phần,"[""Admin"", ""Staff""]"
168220_art_31,168220,"Điều 31. Trách nhiệm của quỹ tín dụng nhân dân khi tham gia Quỹ bảo toàn 
 1. Tính, nộp đúng hạn và đầy đủ phí tham gia vào Quỹ bảo toàn. 
 2. Thực hiện nghiêm túc Quy chế quản lý và sử dụng Quỹ bảo toàn và các quy định của pháp luật có liên quan. 
 3. Sử dụng đúng mục đích khoản vay hỗ trợ từ Quỹ bảo toàn. 
 Chương III 
 TỔ CHỨC THỰC HIỆN",content.csv,"Thông tư số 27/2024/TT-NHNN Quy định về việc ngân hàng hợp tác xã, việc trích nộp, quản lý và sử dụng Quỹ bảo đảm an toàn hệ thống quỹ tín dụng nhân dân",Thông tư,01/07/2024,Hết hiệu lực một phần,"[""Admin"", ""Staff""]"
168220_art_32,168220,"Điều 32. Trách nhiệm của Cơ quan Thanh tra, giám sát ngân hàng 
 1. Thực hiện công tác thanh tra, giám sát hoạt động của ngân hàng hợp tác xã theo thẩm quyền được giao đối với việc thực hiện các quy định tại Thông tư này. 
 2. Thanh tra, giám sát, kiểm tra ngân hàng hợp tác xã trong việc lập, quản lý và sử dụng Quỹ bảo toàn theo quy định tại Thông tư này. 
 Chương IV 
 ĐIỀU KHOẢN THI HÀNH",content.csv,"Thông tư số 27/2024/TT-NHNN Quy định về việc ngân hàng hợp tác xã, việc trích nộp, quản lý và sử dụng Quỹ bảo đảm an toàn hệ thống quỹ tín dụng nhân dân",Thông tư,01/07/2024,Hết hiệu lực một phần,"[""Admin"", ""Staff""]"
168220_art_33,168220,"Điều 33. Hiệu lực thi hành 
 1. Thông tư này có hiệu lực từ ngày 01 tháng 7 năm 2024. 
 2. Thông tư này bãi bỏ: 
 a) Thông tư số 31/2012/TT-NHNN ngày 26 tháng 11 năm 2012 của Thống đốc Ngân hàng Nhà nước quy định về ngân hàng hợp tác xã; 
 b) Thông tư số 09/2016/TT-NHNN ngày 17 tháng 6 năm 2016 sửa đổi, bổ sung một số điều của Thông tư số 31/2012/TT-NHNN ngày 26/11/2012 của Thống đốc Ngân hàng Nhà nước quy định về ngân hàng hợp tác xã; 
 c) Thông tư số 03/2014/TT-NHNN ngày 23 tháng 01 năm 2014 của Thống đốc Ngân hàng Nhà nước quy định về Quỹ đảm bảo an toàn hệ thống quỹ tín dụng nhân dân; 
 d)",content.csv,"Thông tư số 27/2024/TT-NHNN Quy định về việc ngân hàng hợp tác xã, việc trích nộp, quản lý và sử dụng Quỹ bảo đảm an toàn hệ thống quỹ tín dụng nhân dân",Thông tư,01/07/2024,Hết hiệu lực một phần,"[""Admin"", ""Staff""]"
168220_art_34,168220,"Điều 34. Trách nhiệm tổ chức thực hiện 
 Chánh Văn phòng, Chánh Thanh tra, giám sát ngân hàng, Thủ trưởng các đơn vị thuộc Ngân hàng Nhà nước Việt Nam, ngân hàng hợp tác xã, quỹ tín dụng nhân dân chịu trách nhiệm tổ chức thực hiện Thông tư này./. 
 
 
 
 
 &nbsp; &nbsp;Nơi nhận: - Như Điều 34; - Ban Lãnh đạo NHNN; - Văn phòng Chính phủ; - Bộ Tư pháp (để kiểm tra); - Công báo; - Website NHNN; - Lưu: VP, TTGSNH3, Vụ PC. 
 
 KT. THỐNG ĐỐC 
 PHÓ THỐNG ĐỐC 
 (Đã ký) 
 Đào Minh Tú",content.csv,"Thông tư số 27/2024/TT-NHNN Quy định về việc ngân hàng hợp tác xã, việc trích nộp, quản lý và sử dụng Quỹ bảo đảm an toàn hệ thống quỹ tín dụng nhân dân",Thông tư,01/07/2024,Hết hiệu lực một phần,"[""Admin"", ""Staff""]"
174218_chunk_1,174218,"NGÂN HÀNG NHÀ NƯỚC VIỆT NAM
 
 
 
 
 
 CỘNG HÒA XÃ HỘI CHỦ NGHĨA VIỆT NAM
 
 
 Độc lập – Tự do – Hạnh phúc
 
 
 
 
 
 
 Số: 62/2024/TT-NHNN
 
 
 Hà Nội, ngày 31 tháng 12 năm 2024
 
 
 
 
 THÔNG TƯ 
 Quy định điều kiện, hồ sơ, thủ tục chấp thuận việc tổ chức lại 
 ngân hàng thương mại, tổ chức tín dụng phi ngân hàng 
 Căn cứ Luật Ngân hàng Nhà nước Việt Nam ngày 16 tháng 6 năm 2010; 
 Căn cứ Luật Các tổ chức tín dụng ngày 18 tháng 01 năm 2024; 
 Căn cứ Luật Doanh nghiệp ngày 17 tháng 06 năm 2020; 
 Căn cứ Luật Cạnh tranh ngày 12 tháng 6 năm 2018; 
 Căn cứ Nghị định số 102/2022/NĐ-CP ngày 12 tháng 12 năm 2022 của Chính phủ quy định chức năng, nhiệm vụ, quyền hạn và cơ cấu tổ chức của Ngân hàng Nhà nước Việt Nam; 
 Theo đề nghị của Chánh Thanh tra, giám sát ngân hàng; 
 Thống đốc Ngân hàng Nhà nước Việt Nam ban hành Thông tư quy định điều kiện, hồ sơ, thủ tục chấp thuận việc tổ chức lại ngân hàng thương mại, tổ chức tín dụng phi ngân hàng. 
 Chương I 
 QUY ĐỊNH CHUNG",content.csv,"Thông tư số 62/2024/TT-NHNN Quy định điều kiện, hồ sơ, thủ tục chấp thuận việc tổ chức lại ngân hàng thương mại, tổ chức tín dụng phi ngân hàng",Thông tư,17/02/2025,Hết hiệu lực một phần,"[""Admin"", ""Staff""]"
174218_art_1,174218,"Điều 1. Phạm vi điều chỉnh 
 1. Thông tư này quy định điều kiện, hồ sơ, thủ tục chấp thuận việc tổ chức lại ngân hàng thương mại, tổ chức tín dụng phi ngân hàng dưới các hình thức sáp nhập, hợp nhất, chuyển đổi hình thức pháp lý tổ chức tín dụng, chuyển đổi loại hình tổ chức tín dụng phi ngân hàng. 
 2. Việc tổ chức tín dụng là công ty trách nhiệm hữu hạn một thành viên do Nhà nước sở hữu 100% vốn điều lệ chuyển đổi thành công ty cổ phần thực hiện theo quy định của pháp luật về chuyển đổi công ty nhà nước thành công ty cổ phần. 
 3. Việc tổ chức lại tổ chức tín dụng được kiểm soát đặc biệt thực hiện theo Phương án cơ cấu lại tổ chức tín dụng được kiểm soát đặc biệt đã được phê duyệt trên cơ sở thủ tục quy định tại Thông tư này. Việc công bố thông tin tổ chức lại tổ chức tín dụng được kiểm soát đặc biệt thực hiện theo quy định của pháp luật về kiểm soát đặc biệt đối với tổ chức tín dụng.",content.csv,"Thông tư số 62/2024/TT-NHNN Quy định điều kiện, hồ sơ, thủ tục chấp thuận việc tổ chức lại ngân hàng thương mại, tổ chức tín dụng phi ngân hàng",Thông tư,17/02/2025,Hết hiệu lực một phần,"[""Admin"", ""Staff""]"
174218_art_2,174218,"Điều 2. Đối tượng áp dụng 
 1. Các tổ chức tín dụng bao gồm: 
 a) Ngân hàng thương mại; 
 b) Tổ chức tín dụng phi ngân hàng bao gồm công ty tài chính tổng hợp và công ty tài chính chuyên ngành. 
 2. Tổ chức, cá nhân có liên quan đến việc tổ chức lại tổ chức tín dụng.",content.csv,"Thông tư số 62/2024/TT-NHNN Quy định điều kiện, hồ sơ, thủ tục chấp thuận việc tổ chức lại ngân hàng thương mại, tổ chức tín dụng phi ngân hàng",Thông tư,17/02/2025,Hết hiệu lực một phần,"[""Admin"", ""Staff""]"
174218_art_3,174218,"Điều 3. Giải thích từ ngữ 
 Trong Thông tư này, các từ ngữ dưới đây được hiểu như sau: 
 1. Sáp nhập tổ chức tín dụng là việc một hoặc một số tổ chức tín dụng (sau đây gọi là tổ chức tín dụng bị sáp nhập) chuyển toàn bộ tài sản, quyền, nghĩa vụ và lợi ích hợp pháp sang một tổ chức tín dụng khác (sau đây gọi là tổ chức tín dụng nhận sáp nhập), đồng thời chấm dứt sự tồn tại của tổ chức tín dụng bị sáp nhập. 
 2. Hợp nhất tổ chức tín dụng là việc hai hoặc một số tổ chức tín dụng (sau đây gọi là tổ chức tín dụng bị hợp nhất) chuyển toàn bộ tài sản, quyền, nghĩa vụ và lợi ích hợp pháp để hình thành một tổ chức tín dụng mới (sau đây gọi là tổ chức tín dụng hợp nhất), đồng thời chấm dứt sự tồn tại của các tổ chức tín dụng bị hợp nhất. 
 3. Tổ chức tín dụng sau sáp nhập là tổ chức tín dụng nhận sáp nhập sau khi được Ngân hàng Nhà nước Việt Nam (sau đây gọi là Ngân hàng Nhà nước) chấp thuận sáp nhập. 
 4. Tổ chức tín dụng tham gia sáp nhập là tổ chức tín dụng bị sáp nhập, tổ chức tín dụng nhận sáp nhập. 
 5. Tổ chức tín dụng tham gia sáp nhập, hợp nhất là các tổ chức tín dụng tham gia sáp nhập, tổ chức tín dụng bị hợp nhất. 
 6. Tổ chức tín dụng đại diện là tổ chức tín dụng bị hợp nhất được các tổ chức tín dụng bị hợp nhất còn lại ủy quyền làm đầu mối xử lý các vấn đề liên quan đến việc hợp nhất các tổ chức tín dụng. 
 7. Tổ chức tín dụng sau tổ chức lại là tổ chức tín dụng sau sáp nhập, tổ chức tín dụng hợp nhất, tổ chức tín dụng chuyển đổi hình thức pháp lý, tổ chức tín dụng phi ngân hàng chuyển đổi loại hình. 
 8. Cấp có thẩm quyền quyết định của tổ chức tín dụng là cấp có thẩm quyền quyết định việc sáp nhập, hợp nhất, chuyển đổi hình thức pháp lý của tổ chức tín dụng, chuyển đổi loại hình tổ chức tín dụng phi ngân hàng theo quy định của pháp luật và Điều lệ của tổ chức tín dụng.",content.csv,"Thông tư số 62/2024/TT-NHNN Quy định điều kiện, hồ sơ, thủ tục chấp thuận việc tổ chức lại ngân hàng thương mại, tổ chức tín dụng phi ngân hàng",Thông tư,17/02/2025,Hết hiệu lực một phần,"[""Admin"", ""Staff""]"
174218_art_4,174218,"Điều 4. Các trường hợp tổ chức lại tổ chức tín dụng 
 1. Các trường hợp sáp nhập tổ chức tín dụng: 
 a) Ngân hàng thương mại, tổ chức tín dụng phi ngân hàng sáp nhập vào một ngân hàng thương mại; 
 b) Tổ chức tín dụng phi ngân hàng sáp nhập vào một tổ chức tín dụng phi ngân hàng. 
 2. Các trường hợp hợp nhất tổ chức tín dụng: 
 a) Ngân hàng thương mại hợp nhất ngân hàng thương mại thành một ngân hàng thương mại; 
 b) Ngân hàng thương mại hợp nhất tổ chức tín dụng phi ngân hàng thành một ngân hàng thương mại; 
 c) Tổ chức tín dụng phi ngân hàng hợp nhất tổ chức tín dụng phi ngân hàng thành một tổ chức tín dụng phi ngân hàng. 
 3. Các trường hợp chuyển đổi hình thức pháp lý tổ chức tín dụng: 
 a) Ngân hàng thương mại, tổ chức tín dụng phi ngân hàng chuyển đổi từ công ty trách nhiệm hữu hạn thành công ty cổ phần và ngược lại; 
 b) Ngân hàng thương mại, tổ chức tín dụng phi ngân hàng chuyển đổi từ công ty trách nhiệm hữu hạn một thành viên thành công ty trách nhiệm hữu hạn hai thành viên trở lên và ngược lại. 
 4. Các trường hợp chuyển đổi loại hình tổ chức tín dụng phi ngân hàng: 
 a) Công ty tài chính tổng hợp chuyển đổi thành công ty tài chính chuyên ngành; 
 b) Công ty tài chính chuyên ngành chuyển đổi thành công ty tài chính tổng hợp.",content.csv,"Thông tư số 62/2024/TT-NHNN Quy định điều kiện, hồ sơ, thủ tục chấp thuận việc tổ chức lại ngân hàng thương mại, tổ chức tín dụng phi ngân hàng",Thông tư,17/02/2025,Hết hiệu lực một phần,"[""Admin"", ""Staff""]"
174218_art_5,174218,"Điều 5. Nguyên tắc lập và gửi hồ sơ 
 1. Hồ sơ đề nghị chấp thuận tổ chức lại tổ chức tín dụng được lập 01 bộ bằng tiếng Việt và gửi về Ngân hàng Nhà nước theo một trong những hình thức sau: 
 a) Nộp trực tiếp tại Bộ phận một cửa của Ngân hàng Nhà nước; 
 b) Gửi qua dịch vụ bưu chính. 
 2. Các tài liệu bằng tiếng Việt được nộp phải là bản sao được cấp từ sổ gốc hoặc bản sao có chứng thực hoặc bản sao kèm xuất trình bản chính để đối chiếu; trong trường hợp người nộp hồ sơ nộp bản sao kèm xuất trình bản chính để đối chiếu, người đối chiếu có trách nhiệm xác nhận tính chính xác của bản sao so với bản chính. 
 3. Thành phần hồ sơ của nước ngoài phải được hợp pháp hóa lãnh sự theo quy định của pháp luật Việt Nam, trừ trường hợp được miễn hợp pháp hóa lãnh sự theo quy định của pháp luật về hợp pháp hóa lãnh sự, và dịch ra tiếng Việt. Các bản dịch từ tiếng nước ngoài ra tiếng Việt phải được công chứng bản dịch hoặc chứng thực chữ ký của người dịch theo quy định của pháp luật 
 4. Hồ sơ đề nghị phải do người đại diện theo pháp luật hoặc người đại diện theo ủy quyền (sau đây gọi là người đại diện hợp pháp) ký. Trường hợp ký theo ủy quyền, hồ sơ phải có văn bản ủy quyền được lập phù hợp với quy định của pháp luật. 
 5. Trong mỗi bộ hồ sơ phải có danh mục tài liệu.",content.csv,"Thông tư số 62/2024/TT-NHNN Quy định điều kiện, hồ sơ, thủ tục chấp thuận việc tổ chức lại ngân hàng thương mại, tổ chức tín dụng phi ngân hàng",Thông tư,17/02/2025,Hết hiệu lực một phần,"[""Admin"", ""Staff""]"
174218_art_6,174218,"Điều 6. Hoạt động của tổ chức tín dụng sau tổ chức lại 
 1. Hoạt động của tổ chức tín dụng sau tổ chức lại phải phù hợp với hoạt động của từng loại hình tổ chức tín dụng sau tổ chức lại theo quy định của pháp luật. 
 2. Hoạt động của tổ chức tín dụng sau sáp nhập là các hoạt động của tổ chức tín dụng nhận sáp nhập. Tổ chức tín dụng sau sáp nhập được bổ sung hoạt động của tổ chức tín dụng bị sáp nhập nếu đáp ứng đủ các điều kiện hoạt động theo quy định của pháp luật. 
 3. Hoạt động của tổ chức tín dụng hợp nhất là các hoạt động của các tổ chức tín dụng bị hợp nhất nếu tổ chức tín dụng hợp nhất đáp ứng đủ các điều kiện hoạt động theo quy định của pháp luật. 
 4. Hoạt động của tổ chức tín dụng chuyển đổi hình thức pháp lý là các hoạt động của tổ chức tín dụng được chuyển đổi hình thức pháp lý. 
 5. Tổ chức tín dụng phi ngân hàng chuyển đổi loại hình được sửa đổi, bổ sung nội dung hoạt động phù hợp với loại hình tổ chức tín dụng phi ngân hàng chuyển đổi loại hình theo quy định của pháp luật có liên quan.",content.csv,"Thông tư số 62/2024/TT-NHNN Quy định điều kiện, hồ sơ, thủ tục chấp thuận việc tổ chức lại ngân hàng thương mại, tổ chức tín dụng phi ngân hàng",Thông tư,17/02/2025,Hết hiệu lực một phần,"[""Admin"", ""Staff""]"
174218_art_7,174218,"Điều 7. Công bố thông tin tổ chức lại tổ chức tín dụng 
 1. Sau khi Ngân hàng Nhà nước chấp thuận nguyên tắc sáp nhập, hợp nhất, chuyển đổi hình thức pháp lý tổ chức tín dụng, các tổ chức tín dụng tham gia sáp nhập, hợp nhất, tổ chức tín dụng được chuyển đổi hình thức pháp lý phải công bố trên 01 phương tiện truyền thông của Ngân hàng Nhà nước, 01 tờ báo in trong 03 số liên tiếp hoặc trên 01 báo điện tử của Việt Nam và phải niêm yết tại trụ sở chính, các chi nhánh, phòng giao dịch (nếu có) và các đơn vị phụ thuộc các thông tin sau đây: 
 a) Số, ngày văn bản của Ngân hàng Nhà nước về việc chấp thuận nguyên tắc sáp nhập, hợp nhất, chuyển đổi hình thức pháp lý tổ chức tín dụng; 
 b) Tên, địa chỉ trụ sở chính của tổ chức tín dụng tham gia sáp nhập, hợp nhất, tổ chức tín dụng được chuyển đổi hình thức pháp lý; 
 c) Vốn điều lệ của tổ chức tín dụng tham gia sáp nhập, hợp nhất, tổ chức tín dụng được chuyển đổi hình thức pháp lý tại thời điểm nộp hồ sơ đề nghị chấp thuận nguyên tắc sáp nhập, hợp nhất, chuyển đổi hình thức pháp lý; 
 d) Người đại diện theo pháp luật của tổ chức tín dụng tham gia sáp nhập, hợp nhất, tổ chức tín dụng được chuyển đổi hình thức pháp lý; 
 đ) Thông tin dự kiến về tổ chức tín dụng sau sáp nhập, tổ chức tín dụng hợp nhất, tổ chức tín dụng chuyển đổi hình thức pháp lý, bao gồm: tên, địa chỉ trụ sở chính; vốn điều lệ; người đại diện theo pháp luật; hình thức pháp lý. 
 2. Sau khi Ngân hàng Nhà nước chấp thuận sáp nhập, hợp nhất, chuyển đổi hình thức pháp lý tổ chức tín dụng, chuyển đổi loại hình tổ chức tín dụng phi ngân hàng, tổ chức tín dụng sau tổ chức lại phải công bố trên 01 phương tiện truyền thông của Ngân hàng Nhà nước, 01 tờ báo in trong 03 số liên tiếp hoặc trên 01 báo điện tử của Việt Nam và phải niêm yết tại trụ sở chính, các chi nhánh, phòng giao dịch (nếu có) và các đơn vị phụ thuộc các thông tin sau đây: 
 a) Số, ngày văn bản của Ngân hàng Nhà nước về việc chấp thuận sáp nhập, hợp nhất, chuyển đổi hình thức pháp lý tổ chức tín dụng; chuyển đổi loại hình tổ chức tín dụng phi ngân hàng; 
 b) Số, ngày Giấy phép thành lập và hoạt động; số, ngày văn bản sửa đổi, bổ sung Giấy phép thành lập và hoạt động; 
 c) Tên, địa chỉ trụ sở chính của tổ chức tín dụng sau tổ chức lại; 
 d) Vốn điều lệ của tổ chức tín dụng sau tổ chức lại; 
 đ) Người đại diện theo pháp luật của tổ chức tín dụng sau tổ chức lại; 
 e) Hình thức pháp lý của tổ chức tín dụng sau tổ chức lại; loại hình hoạt động của tổ chức tín dụng phi ngân hàng chuyển đổi loại hình; 
 g) Danh sách, tỷ lệ góp vốn của cổ đông sáng lập, cổ đông lớn, cổ đông chiến lược, thành viên góp vốn, chủ sở hữu của tổ chức tín dụng sau tổ chức lại; 
 h) Ngày dự kiến khai trương hoạt động đối với tổ chức tín dụng hợp nhất, tổ chức tín dụng chuyển đổi hình thức pháp lý; 
 i) Thông tin chính thức chấm dứt hoạt động của tổ chức tín dụng bị sáp nhập, tổ chức tín dụng bị hợp nhất, tổ chức tín dụng được chuyển đổi hình thức pháp lý bao gồm: 
 (i) Tên, địa chỉ trụ sở chính; 
 (ii) Số, ngày Giấy phép thành lập và hoạt động; 
 (iii) Vốn điều lệ; 
 (iv) Người đại diện theo pháp luật;&nbsp; 
 (v) Hình thức pháp lý; 
 (vi) Ngày chấm dứt hoạt động. Ngày chấm dứt hoạt động tổ chức tín dụng bị sáp nhập, tổ chức tín dụng bị hợp nhất, tổ chức tín dụng được chuyển đổi hình thức pháp lý là ngày Ngân hàng Nhà nước có văn bản sửa đổi, bổ sung Giấy phép thành lập và hoạt động của tổ chức tín dụng nhận sáp nhập; ngày khai trương hoạt động của tổ chức tín dụng hợp nhất; ngày khai trương hoạt động của tổ chức tín dụng chuyển đổi hình thức pháp lý. 
 3. Các tổ chức tín dụng tham gia sáp nhập, hợp nhất được thỏa thuận và thống nhất công bố chung các thông tin quy định tại khoản 1 Điều này. 
 Chương II 
 SÁP NHẬP, HỢP NHẤT TỔ CHỨC TÍN DỤNG",content.csv,"Thông tư số 62/2024/TT-NHNN Quy định điều kiện, hồ sơ, thủ tục chấp thuận việc tổ chức lại ngân hàng thương mại, tổ chức tín dụng phi ngân hàng",Thông tư,17/02/2025,Hết hiệu lực một phần,"[""Admin"", ""Staff""]"
174218_art_8,174218,"Điều 8. Nguyên tắc sáp nhập, hợp nhất 
 1. Thực hiện theo thỏa thuận; bảo đảm hoạt động bình thường của tổ chức tín dụng; bảo đảm quyền và lợi ích hợp pháp của khách hàng, chủ nợ và các bên liên quan khác trong quá trình sáp nhập, hợp nhất. 
 2. Tuân thủ quy định tại Thông tư này và quy định của pháp luật có liên quan. 
 3. Bảo mật thông tin nhằm đảm bảo hoạt động ổn định của tổ chức tín dụng tham gia sáp nhập, hợp nhất trước khi Đề án sáp nhập, hợp nhất được cấp có thẩm quyền quyết định của tổ chức tín dụng thông qua. Các hồ sơ tài liệu liên quan đến việc sáp nhập, hợp nhất tổ chức tín dụng phải đảm bảo nguyên tắc thận trọng, trung thực, chính xác, không gây hiểu nhầm. 
 4. Nghiêm cấm việc tẩu tán tài sản dưới mọi hình thức. Việc chuyển nhượng, mua bán tài sản trong quá trình sáp nhập, hợp nhất phải đảm bảo công khai, minh bạch, tuân thủ quy định của pháp luật và thỏa thuận của các bên, đảm bảo an toàn tài sản và không ảnh hưởng đến quyền lợi của tổ chức tín dụng tham gia sáp nhập, hợp nhất, tổ chức và cá nhân liên quan đến việc sáp nhập, hợp nhất. 
 5. Giấy phép thành lập và hoạt động của tổ chức tín dụng bị hợp nhất hết hiệu lực khi tổ chức tín dụng hợp nhất khai trương hoạt động. Giấy phép thành lập và hoạt động của tổ chức tín dụng bị sáp nhập hết hiệu lực kể từ ngày Ngân hàng Nhà nước có văn bản sửa đổi, bổ sung Giấy phép thành lập và hoạt động của tổ chức tín dụng nhận sáp nhập.",content.csv,"Thông tư số 62/2024/TT-NHNN Quy định điều kiện, hồ sơ, thủ tục chấp thuận việc tổ chức lại ngân hàng thương mại, tổ chức tín dụng phi ngân hàng",Thông tư,17/02/2025,Hết hiệu lực một phần,"[""Admin"", ""Staff""]"
174218_art_9,174218,"Điều 9. Điều kiện sáp nhập, hợp nhất 
 1. Tổ chức tín dụng tham gia sáp nhập, hợp nhất phải đáp ứng đầy đủ các điều kiện sau đây: 
 a) Không thuộc trường hợp tập trung kinh tế bị cấm; 
 b) Có Đề án sáp nhập, hợp nhất theo quy định tại",content.csv,"Thông tư số 62/2024/TT-NHNN Quy định điều kiện, hồ sơ, thủ tục chấp thuận việc tổ chức lại ngân hàng thương mại, tổ chức tín dụng phi ngân hàng",Thông tư,17/02/2025,Hết hiệu lực một phần,"[""Admin"", ""Staff""]"
174218_art_12,174218,"Điều 12 Thông tư này được cấp có thẩm quyền quyết định của các tổ chức tín dụng tham gia sáp nhập, hợp nhất thông qua; 
 c) Vốn điều lệ của tổ chức tín dụng hợp nhất, tổ chức tín dụng sau sáp nhập tối thiểu bằng mức vốn pháp định của loại hình tổ chức tín dụng hợp nhất, tổ chức tín dụng sau sáp nhập theo quy định của pháp luật 
 2. Sau khi sáp nhập, hợp nhất, tổ chức tín dụng sau sáp nhập, tổ chức tín dụng hợp nhất phải bảo đảm tuân thủ các quy định của pháp luật về các giới hạn, tỷ lệ bảo đảm an toàn, tỷ lệ phần vốn góp, sở hữu cổ phần.",content.csv,"Thông tư số 62/2024/TT-NHNN Quy định điều kiện, hồ sơ, thủ tục chấp thuận việc tổ chức lại ngân hàng thương mại, tổ chức tín dụng phi ngân hàng",Thông tư,17/02/2025,Hết hiệu lực một phần,"[""Admin"", ""Staff""]"
174218_art_10,174218,"Điều 10. Hồ sơ đề nghị chấp thuận sáp nhập 
 1. Hồ sơ đề nghị chấp thuận nguyên tắc sáp nhập: 
 a) Đơn đề nghị chấp thuận sáp nhập của các tổ chức tín dụng tham gia sáp nhập theo mẫu quy định tại Phụ lục 01 ban hành kèm theo Thông tư này; 
 b) Văn bản của tổ chức tín dụng bị sáp nhập ủy quyền cho tổ chức tín dụng nhận sáp nhập thực hiện các công việc liên quan đến việc sáp nhập theo quy định tại Thông tư này; 
 c) Văn bản của các tổ chức tín dụng tham gia sáp nhập báo cáo về việc tuân thủ quy định tại điểm a khoản 1",content.csv,"Thông tư số 62/2024/TT-NHNN Quy định điều kiện, hồ sơ, thủ tục chấp thuận việc tổ chức lại ngân hàng thương mại, tổ chức tín dụng phi ngân hàng",Thông tư,17/02/2025,Hết hiệu lực một phần,"[""Admin"", ""Staff""]"
174218_art_201,174218,"Điều 201 Luật Doanh nghiệp; 
 g) Điều lệ của tổ chức tín dụng sau sáp nhập đã được cấp có thẩm quyền quyết định của các tổ chức tín dụng tham gia sáp nhập thông qua; 
 h) Báo cáo tài chính trong 03 năm liền kề trước năm nộp hồ sơ đề nghị chấp thuận nguyên tắc sáp nhập của các tổ chức tín dụng tham gia sáp nhập được kiểm toán bởi tổ chức kiểm toán độc lập và không có ý kiến ngoại trừ. Trường hợp tại thời điểm nộp hồ sơ đề nghị chấp thuận nguyên tắc sáp nhập chưa có báo cáo tài chính của năm liền kề được kiểm toán thì nộp báo cáo tài chính chưa được kiểm toán. Tổ chức tín dụng phải nộp báo cáo tài chính được kiểm toán ngay sau khi tổ chức kiểm toán phát hành báo cáo kiểm toán. Tổ chức tín dụng tham gia sáp nhập phải chịu trách nhiệm về nội dung báo cáo tài chính đã nộp. 
 2. Hồ sơ đề nghị chấp thuận sáp nhập: 
 a) Văn bản của tổ chức tín dụng nhận sáp nhập đề nghị: 
 &nbsp;(i) Chấp thuận sáp nhập, thay đổi về vốn điều lệ; 
 &nbsp;(ii) Chấp thuận các nội dung khác (nếu có); 
 b) Hồ sơ đề nghị Ngân hàng Nhà nước chấp thuận quy định tại điểm a(ii) khoản này theo quy định của Ngân hàng Nhà nước và quy định của pháp luật có liên quan; 
 c) Văn bản của cấp có thẩm quyền quyết định của các tổ chức tín dụng tham gia sáp nhập thông qua các nội dung thay đổi tại Đề án sáp nhập và các vấn đề khác có liên quan đến việc sáp nhập (nếu có); 
 d) Văn bản của tổ chức tín dụng nhận sáp nhập nêu rõ các nội dung thay đổi so với Đề án sáp nhập đã trình Thống đốc Ngân hàng Nhà nước chấp thuận nguyên tắc sáp nhập (nếu có); 
 đ) Văn bản cam kết của tổ chức tín dụng nhận sáp nhập về việc tổ chức tín dụng sau sáp nhập đảm bảo tuân thủ quy định tại khoản 2",content.csv,"Thông tư số 62/2024/TT-NHNN Quy định điều kiện, hồ sơ, thủ tục chấp thuận việc tổ chức lại ngân hàng thương mại, tổ chức tín dụng phi ngân hàng",Thông tư,17/02/2025,Hết hiệu lực một phần,"[""Admin"", ""Staff""]"
174218_art_11,174218,"Điều 11. Hồ sơ đề nghị chấp thuận hợp nhất 
 1. Hồ sơ đề nghị chấp thuận nguyên tắc hợp nhất: 
 a) Đơn đề nghị chấp thuận hợp nhất của các tổ chức tín dụng bị hợp nhất theo mẫu quy định tại Phụ lục 01 ban hành kèm theo Thông tư này; 
 b) Văn bản của các tổ chức tín dụng bị hợp nhất ủy quyền cho tổ chức tín dụng đại diện thực hiện các công việc liên quan đến việc hợp nhất theo quy định tại Thông tư này; 
 c) Văn bản của các tổ chức tín dụng bị hợp nhất báo cáo về việc tuân thủ quy định tại điểm a khoản 1",content.csv,"Thông tư số 62/2024/TT-NHNN Quy định điều kiện, hồ sơ, thủ tục chấp thuận việc tổ chức lại ngân hàng thương mại, tổ chức tín dụng phi ngân hàng",Thông tư,17/02/2025,Hết hiệu lực một phần,"[""Admin"", ""Staff""]"
174218_art_200,174218,"Điều 200 Luật Doanh nghiệp; 
 g) Dự thảo Điều lệ của tổ chức tín dụng hợp nhất đã được cấp có thẩm quyền quyết định của các tổ chức tín dụng bị hợp nhất thông qua; 
 h) Báo cáo tài chính trong 03 năm liền kề trước năm nộp hồ sơ đề nghị chấp thuận nguyên tắc hợp nhất của các tổ chức tín dụng bị hợp nhất được kiểm toán bởi tổ chức kiểm toán độc lập và không có ý kiến ngoại trừ. Trường hợp tại thời điểm nộp hồ sơ đề nghị chấp thuận nguyên tắc hợp nhất chưa có báo cáo tài chính của năm liền kề được kiểm toán thì nộp báo cáo tài chính chưa được kiểm toán. Tổ chức tín dụng phải nộp báo cáo tài chính được kiểm toán ngay sau khi tổ chức kiểm toán phát hành báo cáo kiểm toán. Tổ chức tín dụng bị hợp nhất phải chịu trách nhiệm về nội dung báo cáo tài chính đã nộp; 
 i) Dự thảo các quy định nội bộ cơ bản về tổ chức và hoạt động của tổ chức tín dụng hợp nhất, tối thiểu bao gồm các quy định nội bộ quy định tại khoản 2",content.csv,"Thông tư số 62/2024/TT-NHNN Quy định điều kiện, hồ sơ, thủ tục chấp thuận việc tổ chức lại ngân hàng thương mại, tổ chức tín dụng phi ngân hàng",Thông tư,17/02/2025,Hết hiệu lực một phần,"[""Admin"", ""Staff""]"
174218_art_101,174218,"Điều 101 Luật các tổ chức tín dụng và các quy định sau đây: 
 (i) Quy định về tổ chức và hoạt động của Hội đồng quản trị, Hội đồng thành viên, Ban kiểm soát, người điều hành; 
 (ii) Quy định về tổ chức và hoạt động của trụ sở chính, chi nhánh và các đơn vị phụ thuộc khác; 
 k) Danh sách nhân sự dự kiến được bầu, bổ nhiệm các chức danh thành viên Hội đồng quản trị, Hội đồng thành viên, Ban kiểm soát, Tổng giám đốc (Giám đốc) của tổ chức tín dụng hợp nhất; 
 l) Tài liệu chứng minh việc các nhân sự dự kiến đáp ứng đủ tiêu chuẩn, điều kiện đối với các chức danh thành viên Hội đồng quản trị, Hội đồng thành viên, Ban kiểm soát, Tổng giám đốc (Giám đốc) của tổ chức tín dụng hợp nhất theo quy định của Ngân hàng Nhà nước về thủ tục, hồ sơ chấp thuận danh sách dự kiến nhân sự của ngân hàng thương mại, tổ chức tín dụng phi ngân hàng và chi nhánh ngân hàng nước ngoài. 
 2. Hồ sơ đề nghị chấp thuận hợp nhất: 
 a) Văn bản của tổ chức tín dụng đại diện đề nghị: 
 (i) Chấp thuận hợp nhất; 
 (ii) Chấp thuận các nội dung khác (nếu có); 
 b) Hồ sơ đề nghị Ngân hàng Nhà nước chấp thuận quy định tại điểm a(ii) khoản này theo quy định của Ngân hàng Nhà nước và quy định của pháp luật có liên quan; 
 c) Điều lệ của tổ chức tín dụng hợp nhất được cấp có thẩm quyền quyết định của tổ chức tín dụng hợp nhất thông qua; 
 d) Văn bản của cấp có thẩm quyền quyết định của các tổ chức tín dụng bị hợp nhất thông qua các nội dung thay đổi tại Đề án hợp nhất và các vấn đề khác có liên quan đến việc hợp nhất (nếu có); 
 đ) Văn bản của tổ chức tín dụng đại diện nêu rõ các nội dung thay đổi so với Đề án hợp nhất đã trình Thống đốc Ngân hàng Nhà nước chấp thuận nguyên tắc hợp nhất (nếu có); 
 e) Văn bản của cấp có thẩm quyền quyết định của tổ chức tín dụng hợp nhất thông qua Điều lệ; bầu, bổ nhiệm các chức danh thành viên Hội đồng quản trị, Hội đồng thành viên, Ban kiểm soát; quy định về tổ chức và hoạt động của Hội đồng quản trị, Hội đồng thành viên, Ban kiểm soát của tổ chức tín dụng hợp nhất và các vấn đề khác liên quan đến tổ chức tín dụng hợp nhất; 
 g) Văn bản của cấp có thẩm quyền quyết định của tổ chức tín dụng hợp nhất về việc bầu chức danh Chủ tịch Hội đồng quản trị, Chủ tịch Hội đồng thành viên; bầu chức danh Trưởng Ban kiểm soát; 
 h) Văn bản của cấp có thẩm quyền quyết định của tổ chức tín dụng hợp nhất về việc bổ nhiệm chức danh Tổng giám đốc (Giám đốc), Phó Tổng giám đốc (Phó giám đốc), Kế toán trưởng; 
 i) Các quy định nội bộ về tổ chức và hoạt động của tổ chức tín dụng hợp nhất quy định tại điểm i khoản 1 Điều này đã được cấp có thẩm quyền quyết định của tổ chức tín dụng hợp nhất thông qua; 
 k) Văn bản cam kết của tổ chức tín dụng đại diện về việc tổ chức tín dụng hợp nhất đảm bảo tuân thủ quy định tại khoản 2",content.csv,"Thông tư số 62/2024/TT-NHNN Quy định điều kiện, hồ sơ, thủ tục chấp thuận việc tổ chức lại ngân hàng thương mại, tổ chức tín dụng phi ngân hàng",Thông tư,17/02/2025,Hết hiệu lực một phần,"[""Admin""]"
174218_art_13,174218,"Điều 13. Thủ tục chấp thuận sáp nhập 
 1. Chấp thuận nguyên tắc sáp nhập: 
 a) Tổ chức tín dụng nhận sáp nhập lập hồ sơ đề nghị chấp thuận nguyên tắc sáp nhập theo quy định tại khoản 1",content.csv,"Thông tư số 62/2024/TT-NHNN Quy định điều kiện, hồ sơ, thủ tục chấp thuận việc tổ chức lại ngân hàng thương mại, tổ chức tín dụng phi ngân hàng",Thông tư,17/02/2025,Hết hiệu lực một phần,"[""Admin"", ""Staff""]"
174218_art_14,174218,"Điều 14. Thủ tục chấp thuận hợp nhất 
 1. Chấp thuận nguyên tắc hợp nhất: 
 a) Tổ chức tín dụng đại diện lập hồ sơ đề nghị chấp thuận nguyên tắc hợp nhất theo quy định tại khoản 1",content.csv,"Thông tư số 62/2024/TT-NHNN Quy định điều kiện, hồ sơ, thủ tục chấp thuận việc tổ chức lại ngân hàng thương mại, tổ chức tín dụng phi ngân hàng",Thông tư,17/02/2025,Hết hiệu lực một phần,"[""Admin"", ""Staff""]"
174218_art_15,174218,"Điều 15. Nguyên tắc chuyển đổi hình thức pháp lý 
 1. Việc chuyển nhượng phần vốn góp, cổ phần, chào bán cổ phiếu phải tuân thủ quy định của Ngân hàng Nhà nước và quy định của pháp luật có liên quan. 
 2. Tổ chức tín dụng chỉ được chuyển đổi hình thức pháp lý phù hợp với hình thức pháp lý quy định tại",content.csv,"Thông tư số 62/2024/TT-NHNN Quy định điều kiện, hồ sơ, thủ tục chấp thuận việc tổ chức lại ngân hàng thương mại, tổ chức tín dụng phi ngân hàng",Thông tư,17/02/2025,Hết hiệu lực một phần,"[""Admin"", ""Staff""]"
174218_art_16,174218,"Điều 16. Điều kiện chuyển đổi hình thức pháp lý 
 1. Tổ chức tín dụng được chuyển đổi hình thức pháp lý phải có Phương án chuyển đổi hình thức pháp lý theo quy định tại",content.csv,"Thông tư số 62/2024/TT-NHNN Quy định điều kiện, hồ sơ, thủ tục chấp thuận việc tổ chức lại ngân hàng thương mại, tổ chức tín dụng phi ngân hàng",Thông tư,17/02/2025,Hết hiệu lực một phần,"[""Admin"", ""Staff""]"
174218_art_18,174218,"Điều 18 Thông tư này và được cấp có thẩm quyền quyết định của tổ chức tín dụng thông qua. 
 2. Đối với trường hợp tổ chức tín dụng chuyển đổi từ công ty trách nhiệm hữu hạn thành công ty cổ phần, phải đáp ứng đầy đủ các điều kiện sau đây: 
 a) Điều kiện quy định tại khoản 1 Điều này; 
 b) Tổ chức tín dụng được chuyển đổi hình thức pháp lý phải đáp ứng điều kiện thực hiện chào bán cổ phiếu theo quy định của pháp luật có liên quan; 
 c) Cổ đông sáng lập (nếu có), cổ đông lớn, cổ đông chiến lược của tổ chức tín dụng chuyển đổi hình thức pháp lý phải đáp ứng điều kiện theo quy định của pháp luật đối với cổ đông sáng lập của tổ chức tín dụng khi thành lập mới; 
 d) Cổ đông, cổ đông chiến lược là nhà đầu tư nước ngoài của tổ chức tín dụng chuyển đổi hình thức pháp lý phải đáp ứng điều kiện theo quy định của pháp luật về nhà đầu tư nước ngoài mua cổ phần của tổ chức tín dụng Việt Nam; 
 đ) Tổ chức, cá nhân mua cổ phần phải bảo đảm tuân thủ quy định của pháp luật về tỷ lệ sở hữu cổ phần và quy định về mua, nắm giữ cổ phiếu của tổ chức tín dụng khác (đối với trường hợp tổ chức mua cổ phần là ngân hàng thương mại). 
 3. Đối với trường hợp tổ chức tín dụng chuyển đổi từ công ty trách nhiệm hữu hạn một thành viên thành công ty trách nhiệm hữu hạn hai thành viên trở lên và ngược lại, tổ chức tín dụng chuyển đổi từ công ty cổ phần thành công ty trách nhiệm hữu hạn, phải đáp ứng đầy đủ các điều kiện sau đây: 
 a) Điều kiện quy định tại khoản 1 Điều này; 
 b) Chủ sở hữu, thành viên góp vốn nhận chuyển nhượng, thành viên góp vốn mới của tổ chức tín dụng chuyển đổi hình thức pháp lý phải đáp ứng các điều kiện theo quy định của pháp luật đối với chủ sở hữu, thành viên sáng lập của tổ chức tín dụng khi thành lập mới; 
 c) Thành viên góp vốn nhận chuyển nhượng, thành viên góp vốn mới của tổ chức tín dụng chuyển đổi hình thức pháp lý phải tuân thủ quy định của pháp luật về tỷ lệ phần vốn góp.",content.csv,"Thông tư số 62/2024/TT-NHNN Quy định điều kiện, hồ sơ, thủ tục chấp thuận việc tổ chức lại ngân hàng thương mại, tổ chức tín dụng phi ngân hàng",Thông tư,17/02/2025,Hết hiệu lực một phần,"[""Admin"", ""Staff""]"
174218_art_17,174218,"Điều 17. Hồ sơ đề nghị chấp thuận chuyển đổi hình thức pháp lý 
 1. Hồ sơ đề nghị chấp thuận nguyên tắc chuyển đổi hình thức pháp lý: 
 a) Đơn đề nghị chấp thuận chuyển đổi hình thức pháp lý của tổ chức tín dụng theo mẫu quy định tại Phụ lục 02 ban hành kèm theo Thông tư này; 
 b) Văn bản của cấp có thẩm quyền quyết định của tổ chức tín dụng thông qua Phương án chuyển đổi; dự thảo Điều lệ; danh sách nhân sự dự kiến được bầu, bổ nhiệm các chức danh thành viên Hội đồng quản trị, Hội đồng thành viên, Ban kiểm soát, Tổng Giám đốc (Giám đốc) của tổ chức tín dụng chuyển đổi hình thức pháp lý và các vấn đề khác liên quan đến chuyển đổi hình thức pháp lý; 
 c) Phương án chuyển đổi hình thức pháp lý theo quy định tại",content.csv,"Thông tư số 62/2024/TT-NHNN Quy định điều kiện, hồ sơ, thủ tục chấp thuận việc tổ chức lại ngân hàng thương mại, tổ chức tín dụng phi ngân hàng",Thông tư,17/02/2025,Hết hiệu lực một phần,"[""Admin""]"
174218_art_19,174218,"Điều 19. Thủ tục chấp thuận chuyển đổi hình thức pháp lý 
 1. Chấp thuận nguyên tắc chuyển đổi hình thức pháp lý: 
 a) Tổ chức tín dụng lập 01 bộ hồ sơ đề nghị chấp thuận nguyên tắc chuyển đổi hình thức pháp lý theo quy định tại khoản 1",content.csv,"Thông tư số 62/2024/TT-NHNN Quy định điều kiện, hồ sơ, thủ tục chấp thuận việc tổ chức lại ngân hàng thương mại, tổ chức tín dụng phi ngân hàng",Thông tư,17/02/2025,Hết hiệu lực một phần,"[""Admin"", ""Staff""]"
174218_art_20,174218,"Điều 20. Nguyên tắc chuyển đổi loại hình 
 1. Tổ chức tín dụng phi ngân hàng chỉ được chuyển đổi loại hình phù hợp với các trường hợp chuyển đổi loại hình quy định tại Thông tư này. 
 2. Bảo mật thông tin nhằm đảm bảo hoạt động ổn định của tổ chức tín dụng phi ngân hàng trước khi Phương án chuyển đổi loại hình được cấp có thẩm quyền quyết định của tổ chức tín dụng phi ngân hàng thông qua. Các hồ sơ, tài liệu liên quan đến việc chuyển đổi loại hình tổ chức tín dụng phi ngân hàng phải đảm bảo nguyên tắc thận trọng, trung thực, chính xác. 
 3. Tổ chức tín dụng phi ngân hàng được chuyển đổi loại hình được thực hiện thủ tục sửa đổi, bổ sung nội dung hoạt động để chuyển đổi thành tổ chức tín dụng phi ngân hàng chuyển đổi loại hình.",content.csv,"Thông tư số 62/2024/TT-NHNN Quy định điều kiện, hồ sơ, thủ tục chấp thuận việc tổ chức lại ngân hàng thương mại, tổ chức tín dụng phi ngân hàng",Thông tư,17/02/2025,Hết hiệu lực một phần,"[""Admin"", ""Staff""]"
174218_art_21,174218,"Điều 21. Điều kiện để chuyển đổi loại hình tổ chức tín dụng phi ngân hàng 
 Tổ chức tín dụng phi ngân hàng được chuyển đổi loại hình khi đáp ứng đầy đủ các điều kiện sau đây: 
 1. Phải có Phương án chuyển đổi loại hình theo quy định tại",content.csv,"Thông tư số 62/2024/TT-NHNN Quy định điều kiện, hồ sơ, thủ tục chấp thuận việc tổ chức lại ngân hàng thương mại, tổ chức tín dụng phi ngân hàng",Thông tư,17/02/2025,Hết hiệu lực một phần,"[""Admin"", ""Staff""]"
174218_art_23,174218,"Điều 23 Thông tư này và được cấp có thẩm quyền quyết định của tổ chức tín dụng phi ngân hàng thông qua. 
 2. Tại thời điểm đề nghị, Hội đồng quản trị, Hội đồng thành viên, Ban kiểm soát có số lượng và cơ cấu theo đúng quy định của pháp luật, không bị khuyết Tổng giám đốc (Giám đốc). 
 3. Tại thời điểm đề nghị, tổ chức tín dụng phi ngân hàng có hệ thống kiểm soát nội bộ, kiểm toán nội bộ bảo đảm tuân thủ Điều 57,",content.csv,"Thông tư số 62/2024/TT-NHNN Quy định điều kiện, hồ sơ, thủ tục chấp thuận việc tổ chức lại ngân hàng thương mại, tổ chức tín dụng phi ngân hàng",Thông tư,17/02/2025,Hết hiệu lực một phần,"[""Admin"", ""Staff""]"
174218_art_58,174218,"Điều 58 Luật Các tổ chức tín dụng và các quy định của pháp luật có liên quan. 
 4. Trường hợp công ty tài chính chuyên ngành chuyển đổi loại hình thành công ty tài chính tổng hợp, ngoài các điều kiện quy định tại khoản 1, 2, 3 Điều này phải đáp ứng các điều kiện sau: 
 a) Có giá trị thực của vốn điều lệ tại thời điểm 31 tháng 12 của năm liền kề trước năm đề nghị chuyển đổi loại hình không thấp hơn mức vốn pháp định của loại hình tổ chức tín dụng phi ngân hàng chuyển đổi loại hình. Giá trị thực của vốn điều lệ được xác định theo quy định của Thống đốc Ngân hàng Nhà nước về giới hạn, tỷ lệ bảo đảm an toàn trên cơ sở báo cáo tài chính riêng lẻ được kiểm toán của năm liền kề trước năm đề nghị; 
 b) Hoạt động kinh doanh có lãi liên tục ít nhất trong 02 năm liền kề trước năm đề nghị chuyển đổi loại hình và đến tháng liền kề trước thời điểm đề nghị chuyển đổi loại hình; 
 c) Tuân thủ các hạn chế để bảo đảm an toàn trong hoạt động của tổ chức tín dụng phi ngân hàng theo quy định tại Luật Các tổ chức tín dụng và các hướng dẫn của Ngân hàng Nhà nước đối với các quy định này liên tục trong thời gian 12 tháng liền kề trước tháng đề nghị; 
 d) Tuân thủ các quy định về phân loại tài sản có, mức trích, phương pháp trích lập dự phòng rủi ro và việc sử dụng dự phòng để xử lý rủi ro trong hoạt động theo quy định của pháp luật liên tục trong các quý của năm liền kề trước năm đề nghị chuyển đổi loại hình và các quý đến thời điểm đề nghị chuyển đổi loại hình; 
 đ) Không bị xử phạt vi phạm hành chính trong lĩnh vực tiền tệ và ngân hàng trong thời hạn 12 tháng trở về trước tính từ thời điểm đề nghị chuyển đổi loại hình; 
 e) Không thuộc đối tượng phải thực hiện biện pháp không được mở rộng phạm vi hoạt động.",content.csv,"Thông tư số 62/2024/TT-NHNN Quy định điều kiện, hồ sơ, thủ tục chấp thuận việc tổ chức lại ngân hàng thương mại, tổ chức tín dụng phi ngân hàng",Thông tư,17/02/2025,Hết hiệu lực một phần,"[""Admin"", ""Staff""]"
174218_art_22,174218,"Điều 22. Hồ sơ đề nghị chấp thuận chuyển đổi loại hình tổ chức tín dụng phi ngân hàng 
 1. Văn bản của tổ chức tín dụng phi ngân hàng gửi Ngân hàng Nhà nước theo mẫu quy định tại Phụ lục 03 ban hành kèm theo Thông tư này đề nghị: 
 a) Chấp thuận chuyển đổi loại hình; 
 b) Chấp thuận các nội dung khác (nếu có). 
 2. Hồ sơ đề nghị Ngân hàng Nhà nước chấp thuận các nội dung quy định tại điểm b khoản 1 Điều này thực hiện theo quy định của Ngân hàng Nhà nước và quy định của pháp luật có liên quan. 
 3. Văn bản của cấp có thẩm quyền quyết định của tổ chức tín dụng phi ngân hàng thông qua Phương án chuyển đổi loại hình; Điều lệ của tổ chức tín dụng phi ngân hàng chuyển đổi loại hình và các vấn đề khác liên quan đến chuyển đổi loại hình. 
 4. Phương án chuyển đổi loại hình theo quy định tại",content.csv,"Thông tư số 62/2024/TT-NHNN Quy định điều kiện, hồ sơ, thủ tục chấp thuận việc tổ chức lại ngân hàng thương mại, tổ chức tín dụng phi ngân hàng",Thông tư,17/02/2025,Hết hiệu lực một phần,"[""Admin"", ""Staff""]"
174218_art_24,174218,"Điều 24. Thủ tục chấp thuận chuyển đổi loại hình 
 1. Tổ chức tín dụng phi ngân hàng lập 01 bộ hồ sơ đề nghị chấp thuận chuyển đổi loại hình theo quy định tại",content.csv,"Thông tư số 62/2024/TT-NHNN Quy định điều kiện, hồ sơ, thủ tục chấp thuận việc tổ chức lại ngân hàng thương mại, tổ chức tín dụng phi ngân hàng",Thông tư,17/02/2025,Hết hiệu lực một phần,"[""Admin"", ""Staff""]"
174218_art_25,174218,"Điều 25. Thay đổi tên chi nhánh, phòng giao dịch, văn phòng đại diện ở trong nước của tổ chức tín dụng sau tổ chức lại 
 Trong thời hạn 05 ngày làm việc kể từ ngày chi nhánh, phòng giao dịch, văn phòng đại diện ở trong nước của tổ chức tín dụng sau tổ chức lại hoạt động theo tên mới, tổ chức tín dụng sau tổ chức lại có văn bản báo cáo Ngân hàng Nhà nước chi nhánh nơi đặt trụ sở chi nhánh, phòng giao dịch, văn phòng đại diện việc thay đổi thông tin về tên của chi nhánh, phòng giao dịch, văn phòng đại diện (bao gồm tên, tên viết bằng tiếng nước ngoài, tên viết tắt).",content.csv,"Thông tư số 62/2024/TT-NHNN Quy định điều kiện, hồ sơ, thủ tục chấp thuận việc tổ chức lại ngân hàng thương mại, tổ chức tín dụng phi ngân hàng",Thông tư,17/02/2025,Hết hiệu lực một phần,"[""Admin"", ""Staff""]"
174218_art_26,174218,"Điều 26. Thông báo thông tin cho cơ quan đăng ký kinh doanh 
 1. Trong thời hạn 05 ngày làm việc kể từ ngày nhận được văn bản báo cáo của tổ chức tín dụng nhận sáp nhập quy định tại khoản 4",content.csv,"Thông tư số 62/2024/TT-NHNN Quy định điều kiện, hồ sơ, thủ tục chấp thuận việc tổ chức lại ngân hàng thương mại, tổ chức tín dụng phi ngân hàng",Thông tư,17/02/2025,Hết hiệu lực một phần,"[""Admin"", ""Staff""]"
174218_art_27,174218,"Điều 27. Trách nhiệm của tổ chức tín dụng 
 1. Hội đồng quản trị, Hội đồng thành viên, Ban Kiểm soát, Tổng giám đốc (Giám đốc) và tổ chức, cá nhân có liên quan của tổ chức tín dụng tham gia sáp nhập, hợp nhất, tổ chức tín dụng được chuyển đổi hình thức pháp lý, tổ chức tín dụng phi ngân hàng được chuyển đổi loại hình phải chịu trách nhiệm về toàn bộ hoạt động và phải bảo đảm an toàn tuyệt đối về tài sản của tổ chức tín dụng cho đến khi hoàn tất quá trình sáp nhập, hợp nhất, chuyển đổi hình thức pháp lý tổ chức tín dụng, chuyển đổi loại hình tổ chức tín dụng phi ngân hàng theo Đề án sáp nhập, hợp nhất, Phương án chuyển đổi hình thức pháp lý, Phương án chuyển đổi loại hình đã được thông qua. 
 2. Chủ tịch và thành viên Hội đồng quản trị, Chủ tịch và thành viên Hội đồng thành viên, người đại diện theo pháp luật của các tổ chức tín dụng tham gia sáp nhập, hợp nhất, tổ chức tín dụng được chuyển đổi hình thức pháp lý, tổ chức tín dụng phi ngân hàng được chuyển đổi loại hình phải chịu trách nhiệm về tính đầy đủ, chính xác, hợp lệ, hợp pháp của hồ sơ đề nghị chấp thuận sáp nhập, hợp nhất, chuyển đổi hình thức pháp lý tổ chức tín dụng, chuyển đổi loại hình tổ chức tín dụng phi ngân hàng. 
 3. Hợp đồng sáp nhập, hợp nhất phải được các tổ chức tín dụng tham gia sáp nhập, hợp nhất gửi đến các chủ nợ và thông báo cho người lao động trong thời hạn 15 ngày kể từ ngày Ngân hàng Nhà nước chấp thuận nguyên tắc sáp nhập, hợp nhất tổ chức tín dụng. 
 4. Sau khi có văn bản chấp thuận nguyên tắc, các tổ chức tín dụng tham gia sáp nhập, hợp nhất, tổ chức tín dụng được chuyển đổi hình thức pháp lý chủ động chuẩn bị cho công tác bàn giao và phải bàn giao ngay toàn bộ quyền lợi, nghĩa vụ và các vấn đề về tổ chức và hoạt động khi có quyết định chấp thuận của Ngân hàng Nhà nước. 
 5. Sau khi tổ chức lại nếu phát hiện có những vấn đề ngoài sổ sách hoặc không được bàn giao thì Chủ tịch và thành viên Hội đồng quản trị, Chủ tịch và thành viên Hội đồng thành viên, Ban kiểm soát, Tổng Giám đốc (Giám đốc) và tổ chức, cá nhân có liên quan của tổ chức tín dụng tham gia sáp nhập, hợp nhất, tổ chức tín dụng được chuyển đổi hình thức pháp lý phải chịu trách nhiệm theo quy định của pháp luật. 
 6. Bảo mật thông tin theo quy định tại khoản 3 Điều 8, khoản 3 Điều 15, khoản 2",content.csv,"Thông tư số 62/2024/TT-NHNN Quy định điều kiện, hồ sơ, thủ tục chấp thuận việc tổ chức lại ngân hàng thương mại, tổ chức tín dụng phi ngân hàng",Thông tư,17/02/2025,Hết hiệu lực một phần,"[""Admin"", ""Staff""]"
174218_art_28,174218,"Điều 28. Trách nhiệm của các đơn vị thuộc Ngân hàng Nhà nước 
 1. Đơn vị đầu mối xử lý hồ sơ đề nghị chấp thuận tổ chức lại tổ chức tín dụng làm đầu mối tiếp nhận, thẩm định và trình Thống đốc Ngân hàng Nhà nước xem xét có văn bản hoặc quyết định theo quy định tại Điều 13, Điều 14,",content.csv,"Thông tư số 62/2024/TT-NHNN Quy định điều kiện, hồ sơ, thủ tục chấp thuận việc tổ chức lại ngân hàng thương mại, tổ chức tín dụng phi ngân hàng",Thông tư,17/02/2025,Hết hiệu lực một phần,"[""Admin"", ""Staff""]"
174218_art_29,174218,"Điều 29. Hiệu lực thi hành 
 1. Thông tư này có hiệu lực thi hành kể từ ngày 17 tháng 2 năm 2025. 
 2. Kể từ ngày Thông tư này có hiệu lực thi hành, Thông tư số 36/2015/TT-NHNN ngày 31 tháng 12 năm 2015 của Thống đốc Ngân hàng Nhà nước Việt Nam quy định việc tổ chức lại tổ chức tín dụng hết hiệu lực thi hành. 
 3. Kể từ ngày Ngân hàng Nhà nước sửa đổi, bổ sung Giấy phép thành lập và hoạt động của tổ chức tín dụng nhận sáp nhập, tổ chức tín dụng phi ngân hàng chuyển đổi loại hình hoặc kể từ ngày tổ chức tín dụng hợp nhất khai trương hoạt động, tổ chức tín dụng sau sáp nhập, tổ chức tín dụng phi ngân hàng chuyển đổi loại hình, tổ chức tín dụng hợp nhất không được ký mới các hợp đồng, thỏa thuận để tiến hành hoạt động không được thực hiện theo quy định. 
 4. Đối với các hợp đồng, thỏa thuận được ký kết trước ngày Ngân hàng Nhà nước sửa đổi, bổ sung Giấy phép thành lập và hoạt động của tổ chức tín dụng nhận sáp nhập, tổ chức tín dụng phi ngân hàng chuyển đổi loại hình hoặc trước ngày tổ chức tín dụng hợp nhất khai trương hoạt động và phù hợp với quy định của pháp luật tại thời điểm ký kết, tổ chức tín dụng sau sáp nhập, tổ chức tín dụng phi ngân hàng chuyển đổi loại hình, tổ chức tín dụng hợp nhất và khách hàng được tiếp tục thực hiện theo các hợp đồng, thỏa thuận đã ký kết cho đến hết thời hạn của hợp đồng, thỏa thuận.",content.csv,"Thông tư số 62/2024/TT-NHNN Quy định điều kiện, hồ sơ, thủ tục chấp thuận việc tổ chức lại ngân hàng thương mại, tổ chức tín dụng phi ngân hàng",Thông tư,17/02/2025,Hết hiệu lực một phần,"[""Admin"", ""Staff""]"
174218_art_30,174218,"Điều 30. Tổ chức thực hiện 
 Thủ trưởng các đơn vị thuộc Ngân hàng Nhà nước, ngân hàng thương mại, tổ chức tín dụng phi ngân hàng và các tổ chức, cá nhân có liên quan chịu trách nhiệm thực hiện Thông tư này./. 
 
 
 
 
 KT. THỐNG ĐỐC 
 
 PHÓ THỐNG ĐỐC
 
 
 (Đã ký)
 
 
 Đoàn Thái Sơn",content.csv,"Thông tư số 62/2024/TT-NHNN Quy định điều kiện, hồ sơ, thủ tục chấp thuận việc tổ chức lại ngân hàng thương mại, tổ chức tín dụng phi ngân hàng",Thông tư,17/02/2025,Hết hiệu lực một phần,"[""Admin"", ""Staff""]"
117310_chunk_1,117310,"NGÂN HÀNG NHÀ NƯỚC VIỆT NAM 
 
 
 
 
 
 CỘNG HÒA XÃ HỘI CHỦ NGHĨA VIỆT NAM 
 
 
 Độc lập – Tự do – Hạnh phúc 
 
 
 
 
 
 
 Số: 41/2016/TT-NHNN 
 
 
 Hà Nội, Ngày 30 tháng 12 năm 2016 
 
 
 
 
 
 THÔNG TƯ 
 Quy định tỷ lệ an toàn vốn đối với 
 ngân hàng, chi nhánh ngân hàng nước ngoài 
 &nbsp;&nbsp;&nbsp;&nbsp;&nbsp;&nbsp;&nbsp;&nbsp;&nbsp;&nbsp;&nbsp;&nbsp;&nbsp;&nbsp;&nbsp;&nbsp;&nbsp;&nbsp;&nbsp;&nbsp;&nbsp;&nbsp;&nbsp;&nbsp;&nbsp;&nbsp;&nbsp;&nbsp;&nbsp;&nbsp;&nbsp;&nbsp;&nbsp;&nbsp;&nbsp;&nbsp;&nbsp;&nbsp;&nbsp;&nbsp;&nbsp;&nbsp;&nbsp;&nbsp;&nbsp;&nbsp;&nbsp;&nbsp;&nbsp;&nbsp;&nbsp;&nbsp;&nbsp;&nbsp;&nbsp;&nbsp;&nbsp;&nbsp;&nbsp; &nbsp; &nbsp; &nbsp; &nbsp; &nbsp; &nbsp; &nbsp; &nbsp; &nbsp; 
 Căn cứ Luật Ngân hàng Nhà nước Việt Nam số 46/2010/QH12 ngày 16 tháng 6 năm 2010; 
 Căn cứ Luật các tổ chức tín dụng số 47/2010/QH12 ngày 16 tháng 6 năm 2010; 
 Căn cứ Nghị định số 156/2013/NĐ-CP ngày 11 tháng 11 năm 2013 của Chính phủ quy định chức năng, nhiệm vụ, quyền hạn và cơ cấu tổ chức của Ngân hàng Nhà nước Việt Nam; 
 Theo đề nghị của Chánh Thanh tra, giám sát ngân hàng; 
 Thống đốc Ngân hàng Nhà nước Việt Nam (sau đây gọi là Ngân hàng Nhà nước) ban hành Thông tư quy định tỷ lệ an toàn vốn đối với ngân hàng, chi nhánh ngân hàng nước ngoài. 
 Chương I 
 QUY ĐỊNH CHUNG",content.csv,"Thông tư số 41/2016/TT-NHNN Quy định tỷ lệ an toàn vốn đối với ngân hàng, chi nhánh ngân hàng nước ngoài",Thông tư,01/01/2020,Hết hiệu lực một phần,"[""Admin"", ""Staff""]"
117310_art_1,117310,"Điều 1. Phạm vi điều chỉnh và đối tượng áp dụng 
 1. Thông tư này quy định tỷ lệ an toàn vốn đối với ngân hàng, chi nhánh ngân hàng nước ngoài tại Việt Nam. 
 2. Đối tượng áp dụng gồm: 
 a) Ngân hàng: Ngân hàng thương mại nhà nước, ngân hàng thương mại cổ phần, ngân hàng liên doanh, ngân hàng 100% vốn nước ngoài; 
 b) Chi nhánh ngân hàng nước ngoài. 
 3. Thông tư này không áp dụng đối với các ngân hàng được đặt vào kiểm soát đặc biệt.",content.csv,"Thông tư số 41/2016/TT-NHNN Quy định tỷ lệ an toàn vốn đối với ngân hàng, chi nhánh ngân hàng nước ngoài",Thông tư,01/01/2020,Hết hiệu lực một phần,"[""Admin"", ""Staff"", ""Guest""]"
117310_art_2,117310,"Điều 2. Giải thích từ ngữ 
 Trong Thông tư này, các từ ngữ dưới đây được hiểu như sau: 
 1. Tài sản tài chính là các loại tài sản sau: 
 a) Tiền mặt; 
 b) Công cụ vốn chủ sở hữu của đơn vị khác; 
 c) Quyền theo hợp đồng để: 
 (i) Nhận tiền mặt hoặc tài sản tài chính khác từ đơn vị khác; hoặc 
 (ii) Trao đổi các tài sản tài chính hoặc nợ phải trả tài chính với đơn vị khác theo các điều kiện có thể có lợi cho ngân hàng, chi nhánh ngân hàng nước ngoài; 
 d) Hợp đồng sẽ hoặc có thể được thanh toán bằng các công cụ vốn chủ sở hữu của ngân hàng. 
 2. Nợ phải trả tài chính là các nghĩa vụ sau: 
 a) Mang tính bắt buộc để: 
 (i) Thanh toán tiền mặt hoặc tài sản tài chính cho đơn vị khác; 
 (ii) Trao đổi các tài sản tài chính hoặc nợ phải trả tài chính với đơn vị khác theo các điều kiện không có lợi cho ngân hàng, chi nhánh ngân hàng nước ngoài; hoặc 
 b) Hợp đồng sẽ hoặc có thể được thanh toán bằng các công cụ vốn chủ sở hữu của ngân hàng. 
 3. Công cụ tài chính là hợp đồng làm tăng tài sản tài chính của một bên và nợ phải trả tài chính hoặc công cụ vốn chủ sở hữu của bên khác. 
 4. Công cụ vốn chủ sở hữu là hợp đồng chứng tỏ được những lợi ích còn lại về tài sản của đơn vị sau khi trừ đi toàn bộ nghĩa vụ của đơn vị đó. Công cụ vốn chủ sở hữu có tính chất nợ do ngân hàng phát hành gồm cổ phiếu ưu đãi cổ tức và các công cụ vốn chủ sở hữu khác đáp ứng các điều kiện sau: 
 a) Được mua lại theo quy định của pháp luật và đảm bảo sau khi thực hiện vẫn tuân thủ các giới hạn, tỷ lệ an toàn theo quy định; 
 b) Có thể dùng để bù đắp khoản lỗ mà ngân hàng không phải ngừng các giao dịch tự doanh; 
 c) Không phải trả cổ tức ưu đãi và chuyển cổ tức ưu đãi sang năm tiếp theo trong trường hợp việc trả cổ tức ưu đãi dẫn đến kết quả kinh doanh của ngân hàng bị lỗ. 
 5. Nợ thứ cấp (subordinated debt) là khoản nợ mà chủ nợ đồng ý thỏa thuận thanh toán sau các nghĩa vụ, chủ nợ có bảo đảm và không bảo đảm khác khi đơn vị vay nợ bị phá sản, giải thể. 
 6. Khách hàng là cá nhân, pháp nhân (bao gồm cả tổ chức tín dụng, chi nhánh ngân hàng nước ngoài) có quan hệ tín dụng, gửi tiền với ngân hàng, chi nhánh ngân hàng nước ngoài, trừ các đối tác quy định tại khoản 7 Điều này. 
 7. Đối tác là cá nhân, pháp nhân (bao gồm cả tổ chức tín dụng, chi nhánh ngân hàng nước ngoài) có giao dịch quy định tại khoản 4",content.csv,"Thông tư số 41/2016/TT-NHNN Quy định tỷ lệ an toàn vốn đối với ngân hàng, chi nhánh ngân hàng nước ngoài",Thông tư,01/01/2020,Hết hiệu lực một phần,"[""Admin"", ""Staff""]"
117310_art_8,117310,"Điều 8 Thông tư này với ngân hàng, chi nhánh ngân hàng nước ngoài. 
 8. Khoản phải đòi của ngân hàng, chi nhánh ngân hàng nước ngoài bao gồm: 
 a) Các khoản cấp tín dụng, bao gồm cả khoản ủy thác cấp tín dụng và khoản mua có bảo lưu quyền truy đòi công cụ chuyển nhượng, giấy tờ có giá khác, trừ các khoản mua có kỳ hạn công cụ chuyển nhượng, giấy tờ có giá khác; 
 b) Giấy tờ có giá do đơn vị khác phát hành; 
 c) Quyền theo hợp đồng để nhận tiền mặt hoặc tài sản tài chính khác từ đơn vị khác theo quy định của pháp luật, trừ các khoản quy định tại điểm a và b khoản này; 
 9. Danh mục cấp tín dụng bán lẻ là danh mục các khoản cấp tín dụng cho khách hàng là cá nhân (không bao gồm các khoản cho vay bảo đảm bằng bất động sản quy định tại khoản 10 Điều này, khoản cho vay thế chấp nhà quy định tại khoản 11 Điều này, các khoản cho vay để kinh doanh chứng khoán) mà số dư cấp tín dụng (đã giải ngân và chưa giải ngân) của một khách hàng đảm bảo đồng thời: 
 a) Không vượt quá 8 tỷ đồng Việt Nam; 
 b) Không vượt quá 0,2% tổng số dư của toàn bộ danh mục cấp tín dụng bán lẻ (đã giải ngân và chưa giải ngân) của ngân hàng, chi nhánh ngân hàng nước ngoài. 
 10. Khoản cho vay bảo đảm bằng bất động sản là khoản cho vay đối với cá nhân, pháp nhân để mua bất động sản, thực hiện dự án bất động sản và được bảo đảm bằng chính bất động sản, dự án bất động sản hình thành từ khoản cho vay theo các quy định của pháp luật về giao dịch đảm bảo. 
 11. Khoản cho vay thế chấp nhà là khoản cho vay bảo đảm bằng bất động sản đối với cá nhân để mua nhà đáp ứng đầy đủ các điều kiện sau: 
 a) Nguồn tiền trả nợ không phải là nguồn tiền cho thuê nhà hình thành từ khoản cho vay; 
 b) Nhà đã hoàn thành theo hợp đồng mua bán nhà; 
 c) Ngân hàng, chi nhánh ngân hàng nước ngoài có đầy đủ quyền hợp pháp để xử lý nhà thế chấp khi khách hàng không trả được nợ theo quy định của pháp luật về giao dịch đảm bảo; 
 d) Nhà hình thành từ khoản cho vay thế chấp này phải được định giá độc lập (được bên thứ ba định giá hoặc được bộ phận độc lập với bộ phận phê duyệt tín dụng của ngân hàng, chi nhánh ngân hàng nước ngoài định giá) với nguyên tắc thận trọng (giá trị không cao hơn giá thị trường tại thời điểm xét duyệt cho vay) theo quy định của ngân hàng, chi nhánh ngân hàng nước ngoài. 
 12. Khoản cấp tín dụng chuyên biệt (Specialised lending) là các khoản cấp tín dụng để thực hiện dự án, đầu tư máy móc thiết bị hoặc mua hàng hóa, đáp ứng các tiêu chí sau: 
 a) Khách hàng vay vốn là pháp nhân được thành lập chỉ để thực hiện dự án, khai thác máy móc thiết bị, kinh doanh hàng hóa được hình thành từ nguồn vốn cấp tín dụng, không có hoạt động kinh doanh khác; 
 b) Được bảo đảm bằng dự án, máy móc thiết bị, hàng hóa được hình thành từ nguồn vốn cấp tín dụng và toàn bộ nguồn tiền trả nợ là nguồn tiền hình thành từ việc kinh doanh, khai thác dự án, máy móc, thiết bị và hàng hóa đó; 
 c) Ngân hàng, chi nhánh ngân hàng nước ngoài có quyền theo hợp đồng cấp tín dụng để kiểm soát toàn bộ việc giải ngân theo tiến độ của dự án, đầu tư máy móc, thiết bị, mua hàng hóa và quản lý thu nhập, dòng tiền của việc kinh doanh, khai thác dự án, máy móc, thiết bị và hàng hóa đó để thu hồi nợ theo hợp đồng cấp tín dụng; 
 d) Được thực hiện dưới các hình thức: 
 (i) Cấp tín dụng tài trợ dự án (Project Finance) là khoản cấp tín dụng chuyên biệt để thực hiện dự án; 
 (ii) Cấp tín dụng tài trợ dự án kinh doanh bất động sản (Income producing real estate) là các khoản cấp tín dụng chuyên biệt để thực hiện dự án kinh doanh bất động sản (văn phòng, trung tâm thương mại, khu đô thị, tòa nhà phức hợp, kho bãi, khách sạn, khu công nghiệp...); 
 (iii) Cấp tín dụng tài trợ máy móc thiết bị (Object Finance) là các khoản cấp tín dụng chuyên biệt để đầu tư máy móc, thiết bị (tàu thủy, máy bay, vệ tinh, tàu hỏa...); 
 (iv) Cấp tín dụng tài trợ hàng hóa (Commodities Finance) là các khoản cấp tín dụng chuyên biệt để mua hàng hóa (dầu thô, kim loại, ngũ cốc,...). 
 13. Bất động sản kinh doanh là bất động sản được đầu tư, mua, nhận chuyển nhượng, thuê, thuê mua để bán, chuyển nhượng, cho thuê, cho thuê lại, cho thuê mua nhằm mục đích sinh lợi. 
 14. Giao dịch Repo là giao dịch trong đó một bên bán và chuyển giao quyền sở hữu tài sản tài chính cho một bên khác, đồng thời cam kết sẽ mua lại và nhận lại quyền sở hữu tài sản tài chính đó sau một thời gian xác định với một mức giá xác định. 
 15. Giao dịch Reverse Repo là giao dịch trong đó một bên mua và nhận chuyển giao quyền sở hữu tài sản tài chính từ một bên khác, đồng thời cam kết sẽ bán lại và chuyển giao quyền sở hữu tài sản tài chính đó sau một thời gian xác định với một mức giá xác định, bao gồm cả giao dịch mua có kỳ hạn tài sản tài chính theo quy định của Ngân hàng Nhà nước về hoạt động chiết khấu công cụ chuyển nhượng, giấy tờ có giá khác. 
 16. Doanh nghiệp xếp hạng tín nhiệm độc lập bao gồm: 
 a) Tổ chức xếp hạng tín nhiệm Moody's, Standard &amp; Poor, Fitch Rating; 
 b) Các doanh nghiệp xếp hạng tín nhiệm được thành lập theo quy định của pháp luật Việt Nam về dịch vụ xếp hạng tín nhiệm. 
 17. Xếp hạng tín nhiệm tự nguyện là việc doanh nghiệp xếp hạng tín nhiệm độc lập tự nguyện thực hiện xếp hạng tín nhiệm, không có thỏa thuận với đối tượng được xếp hạng tín nhiệm. 
 18. Xếp hạng tín nhiệm thỏa thuận là việc doanh nghiệp xếp hạng tín nhiệm độc lập thực hiện xếp hạng tín nhiệm theo thỏa thuận giữa doanh nghiệp xếp hạng tín nhiệm độc lập và đối tượng được xếp hạng tín nhiệm. 
 19. OECD là tổ chức Hợp tác Kinh tế và Phát triển (Organization for Economic Cooperation and Development). 
 20. Tổ chức tài chính quốc tế gồm: 
 a) Nhóm ngân hàng thế giới gồm: Ngân hàng Tái thiết và Phát triển quốc tế (The International Bank for Reconstruction and Development - IBRD), Công ty tài chính quốc tế (The International Financial Company - IFC), Hiệp hội Phát triển quốc tế (The International Development Association-IDA), Cơ quan Bảo lãnh Đầu tư Đa phương (The Multilateral Investment Guarantee Agency-MIGA); 
 b) Ngân hàng Phát triển Châu Á (The Asian Development Bank - ADB); 
 c) Ngân hàng Phát triển Châu Phi (The Africa Development Bank - AfDB); 
 d) Ngân hàng tái thiết và Phát triển Châu Âu (The European Bank for Reconstruction and Development - EBRD); 
 đ) Ngân hàng Phát triển Liên Mỹ (The Inter-American Development Bank - IADB); 
 e) Ngân hàng Đầu tư Châu Âu (The European Investment Bank - EIB); 
 g) Quỹ Đầu tư Châu Âu (The European Investment Fund - EIF); 
 h) Ngân hàng Đầu tư Bắc Âu (The Nordic Investment Bank - NIB); 
 i) Ngân hàng Phát triển Caribbean (The Caribbean Development Bank - CDB); 
 k) Ngân hàng Phát triển Hồi giáo (The Islamic Development Bank - IDB); 
 l) Ngân hàng Phát triển cộng đồng Châu Âu (The Council of Europe Development Bank - CEDB); 
 m) Tổ chức tài chính quốc tế khác có vốn điều lệ do chính phủ các nước đóng góp. 
 21. Giảm thiểu rủi ro là việc ngân hàng, chi nhánh ngân hàng nước ngoài sử dụng các biện pháp làm giảm một phần hoặc toàn bộ tổn thất có thể xảy ra do các rủi ro trong hoạt động của ngân hàng, chi nhánh ngân hàng nước ngoài. 
 22. Sản phẩm phái sinh bao gồm: 
 a) Sản phẩm phái sinh theo quy định tại khoản 23",content.csv,"Thông tư số 41/2016/TT-NHNN Quy định tỷ lệ an toàn vốn đối với ngân hàng, chi nhánh ngân hàng nước ngoài",Thông tư,01/01/2020,Hết hiệu lực một phần,"[""Admin"", ""Staff""]"
117310_art_4,117310,"Điều 4 Luật các tổ chức tín dụng, gồm: 
 (i) Sản phẩm phái sinh tín dụng gồm các hợp đồng bảo hiểm tín dụng, hợp đồng hoán đổi rủi ro tín dụng, hợp đồng đầu tư gắn với rủi ro tín dụng, hợp đồng phái sinh tín dụng khác theo quy định của pháp luật; 
 (ii) Sản phẩm phái sinh lãi suất gồm hợp đồng lãi suất kỳ hạn, hợp đồng hoán đổi lãi suất một đồng tiền, hợp đồng hoán đổi lãi suất hai đồng tiền hoặc hợp đồng hoán đổi tiền tệ chéo, hợp đồng quyền chọn lãi suất, các hợp đồng phái sinh lãi suất khác theo quy định của pháp luật; 
 (iii) Sản phẩm phái sinh ngoại tệ gồm các giao dịch mua, bán ngoại tệ kỳ hạn, giao dịch hoán đổi ngoại tệ, giao dịch quyền chọn mua, bán ngoại tệ, các giao dịch phái sinh ngoại tệ khác theo quy định của pháp luật; 
 (iv) Sản phẩm phái sinh giá cả hàng hóa gồm các hợp đồng hoán đổi giá cả hàng hóa, hợp đồng tương lai giá cả hàng hóa, hợp đồng quyền chọn giá cả hàng hóa và các hợp đồng phái sinh giá cả hàng hóa khác theo quy định của pháp luật. 
 b) Chứng khoán phái sinh gồm hợp đồng tương lai, hợp đồng quyền chọn, hợp đồng kỳ hạn và chứng khoán phái sinh khác theo quy định của pháp luật về chứng khoán phái sinh và thị trường chứng khoán phái sinh; 
 c) Sản phẩm phái sinh khác theo quy định của pháp luật. 
 23. Tài sản cơ sở là tài sản tài chính gốc được sử dụng làm cơ sở để xác định giá trị sản phẩm phái sinh. 
 24. Rủi ro tín dụng bao gồm: 
 a) Rủi ro tín dụng là rủi ro do khách hàng không thực hiện hoặc không có khả năng thực hiện một phần hoặc toàn bộ nghĩa vụ trả nợ theo hợp đồng hoặc thỏa thuận với ngân hàng, chi nhánh ngân hàng nước ngoài, trừ các trường hợp quy định tại điểm b khoản này; 
 b) Rủi ro tín dụng đối tác là rủi ro do đối tác không thực hiện hoặc không có khả năng thực hiện một phần hoặc toàn bộ nghĩa vụ thanh toán trước hoặc khi đến hạn của các giao dịch quy định tại khoản 4",content.csv,"Thông tư số 41/2016/TT-NHNN Quy định tỷ lệ an toàn vốn đối với ngân hàng, chi nhánh ngân hàng nước ngoài",Thông tư,01/01/2020,Hết hiệu lực một phần,"[""Admin"", ""Staff""]"
117310_art_3,117310,"Điều 3. Cơ cấu tổ chức và kiểm toán nội bộ về quản lý tỷ lệ an toàn vốn 
 1. Ngân hàng, chi nhánh ngân hàng nước ngoài phải có cơ cấu tổ chức, cơ chế phân cấp, ủy quyền và chức năng, nhiệm vụ của từng cá nhân, bộ phận để quản lý tỷ lệ an toàn vốn, đảm bảo tuân thủ các quy định tại Thông tư này và phù hợp với nhu cầu, đặc điểm, mức độ rủi ro trong hoạt động, chu kỳ kinh doanh, khả năng thích ứng với rủi ro và chiến lược kinh doanh của ngân hàng, chi nhánh ngân hàng nước ngoài. 
 2. Ngân hàng, chi nhánh ngân hàng nước ngoài phải thực hiện kiểm toán nội bộ đối với tỷ lệ an toàn vốn theo quy định của Ngân hàng Nhà nước về hệ thống kiểm soát nội bộ của tổ chức tín dụng, chi nhánh ngân hàng nước ngoài.",content.csv,"Thông tư số 41/2016/TT-NHNN Quy định tỷ lệ an toàn vốn đối với ngân hàng, chi nhánh ngân hàng nước ngoài",Thông tư,01/01/2020,Hết hiệu lực một phần,"[""Admin"", ""Staff""]"
117310_art_5,117310,"Điều 5. Doanh nghiệp xếp hạng tín nhiệm độc lập 
 1. Ngân hàng, chi nhánh ngân hàng nước ngoài được áp dụng kết quả xếp hạng của các doanh nghiệp xếp hạng tín nhiệm độc lập được thành lập và hoạt động theo quy định của pháp luật về dịch vụ xếp hạng tín nhiệm để tính tỷ lệ an toàn vốn theo quy định tại Thông tư này khi doanh nghiệp xếp hạng tín nhiệm độc lập đáp ứng các điều kiện sau đây: 
 a) Tính khách quan: Việc xếp hạng tín nhiệm phải chặt chẽ, có hệ thống, được đánh giá lại theo số liệu lịch sử đảm bảo chính xác ít nhất là một năm; được thực hiện liên tục, kịp thời trước thay đổi về tình hình tài chính; 
 b) Tính độc lập: Doanh nghiệp xếp hạng tín nhiệm không chịu sức ép về chính trị, kinh tế làm ảnh hưởng đến kết quả xếp hạng tín nhiệm; 
 c) Tính minh bạch: Việc xếp hạng tín nhiệm được công bố rộng rãi cho các bên (trong nước và nước ngoài) có lợi ích chính đáng liên quan; 
 d) Tính công khai: Doanh nghiệp xếp hạng tín nhiệm phải công khai các thông tin về phương pháp xếp hạng, khái niệm vỡ nợ, ý nghĩa của từng thứ hạng tín nhiệm, tỷ lệ vỡ nợ thực tế của từng thứ hạng tín nhiệm và chuyển đổi xếp hạng; 
 đ) Năng lực: Doanh nghiệp xếp hạng tín nhiệm phải có đủ nguồn lực để tiến hành xếp hạng đạt chất lượng tốt, thực hiện phương pháp xếp hạng định tính kết hợp với định lượng và tiếp xúc thường xuyên, liên tục với các cấp của đối tượng được xếp hạng để tăng cường chất lượng giá trị xếp hạng tín nhiệm; 
 e) Độ tin cậy: Việc xếp hạng tín nhiệm phải được các tổ chức (nhà đầu tư, doanh nghiệp kinh doanh bảo hiểm, đối tác thương mại) tin dùng. Doanh nghiệp xếp hạng tín nhiệm phải có các quy trình nội bộ để tránh sử dụng sai mục đích các thông tin mật liên quan đến đối tượng được xếp hạng tín nhiệm. 
 2. Ngân hàng, chi nhánh ngân hàng nước ngoài phải sử dụng thống nhất thứ hạng tín nhiệm do doanh nghiệp xếp hạng tín nhiệm độc lập cung cấp để quản lý rủi ro và áp dụng hệ số rủi ro tín dụng theo quy định tại Thông tư này. 
 3. Thang thứ hạng tín nhiệm của doanh nghiệp xếp hạng tín nhiệm độc lập được xác định phân bố tương ứng theo mức độ rủi ro khi tính tỷ lệ an toàn vốn như sau: 
 a) Thứ hạng tín nhiệm của Moody's, Standard &amp; Poor và Fitch Rating được phân bố: 
 
 
 
 
 
 
 
 
 
 Standard &amp; Poor's 
 
 Moody's&nbsp; 
 
 Fitch Rating 
 
 
 
 &nbsp;AAA, AA+, AA, AA- 
 
 Aaa, Aa1, Aa2, Aa3 
 
 &nbsp;AAA, AA+, AA, AA- 
 
 
 
 A+, A, A- 
 
 A1, A2, A3 
 
 A+, A, A- 
 
 
 
 BBB+, BBB, BBB- 
 
 Baa1, Baa2, Baa3 
 
 BBB+, BBB, BBB- 
 
 
 
 BB+, BB, BB- 
 
 Ba1, Ba2, Ba3 
 
 BB+, BB, BB- 
 
 
 
 B+, B, B- 
 
 B1, B2, B3 
 
 B+, B, B- 
 
 
 
 CCC+ và thứ hạng thấp hơn 
 
 Caa1 và thứ hạng thấp hơn 
 
 CCC+ và thứ hạng thấp hơn 
 
 
 
 b) Trường hợp doanh nghiệp xếp hạng tín nhiệm độc lập có thang thứ hạng tín nhiệm khác thang thứ hạng tín nhiệm quy định tại điểm a khoản này thì doanh nghiệp xếp hạng tín nhiệm độc lập đó phải chuyển đổi thứ hạng tín nhiệm tương ứng, phù hợp với thang thứ hạng tín nhiệm của Moody's hoặc Standard &amp; Poor hoặc Fitch Rating để xác định mức độ rủi ro của khách hàng, đối tác, khoản phải đòi khi tính tỷ lệ an toàn vốn. 
 4. Ngân hàng, chi nhánh ngân hàng nước ngoài sử dụng thứ hạng tín nhiệm của các doanh nghiệp xếp hạng tín nhiệm độc lập đảm bảo nguyên tắc sau đây: 
 a) Chỉ được sử dụng xếp hạng tín nhiệm thỏa thuận, không sử dụng xếp hạng tín nhiệm tự nguyện của doanh nghiệp xếp hạng tín nhiệm độc lập; 
 b) Trường hợp một khách hàng có từ hai thứ hạng tín nhiệm trở lên của các doanh nghiệp xếp hạng tín nhiệm độc lập khác nhau thì ngân hàng, chi nhánh ngân hàng nước ngoài phải sử dụng thứ hạng tín nhiệm tương ứng hệ số rủi ro tín dụng cao nhất để áp dụng đối với khách hàng đó; 
 c) Không sử dụng thứ hạng tín nhiệm của tập đoàn để áp dụng hệ số rủi ro tín dụng đối với công ty con, công ty liên kết trong tập đoàn đó; 
 d) Chỉ sử dụng thứ hạng tín nhiệm để áp dụng hệ số rủi ro đối với xếp hạng tín nhiệm cùng loại đồng tiền; 
 đ) Trường hợp một khoản phải đòi có một thứ hạng tín nhiệm thì ngân hàng, chi nhánh ngân hàng nước ngoài sử dụng thứ hạng tín nhiệm đó để áp dụng hệ số rủi ro tín dụng cho khoản phải đòi đó theo quy định tại Thông tư này; 
 e) Trường hợp một khoản phải đòi có từ hai thứ hạng tín nhiệm trở lên của các doanh nghiệp xếp hạng tín nhiệm độc lập khác nhau thì ngân hàng, chi nhánh ngân hàng nước ngoài phải sử dụng thứ hạng tín nhiệm tương ứng hệ số rủi ro tín dụng cao nhất để áp dụng đối với khoản phải đòi đó; 
 g) Trường hợp khoản phải đòi không có thứ hạng tín nhiệm thì ngân hàng, chi nhánh ngân hàng nước ngoài áp dụng theo thứ tự như sau: 
 (i) Nếu khách hàng, đối tác có các khoản phải đòi, nợ phải trả tài chính khác có thứ hạng tín nhiệm riêng thì ngân hàng, chi nhánh ngân hàng nước ngoài được sử dụng thứ hạng tín nhiệm của khoản phải đòi, nợ phải trả tài chính khác đó để áp dụng hệ số rủi ro tín dụng cho khoản phải đòi không có thứ hạng tín nhiệm khi khoản phải đòi này được ưu tiên thanh toán trước khoản phải đòi, nợ phải trả tài chính có thứ hạng tín nhiệm; 
 (ii) Nếu khách hàng, đối tác có thứ hạng tín nhiệm thì ngân hàng, chi nhánh ngân hàng nước ngoài được sử dụng thứ hạng tín nhiệm của khách hàng, đối tác để áp dụng hệ số rủi ro cho các khoản phải đòi không có thứ hạng tín nhiệm mà không được bảo đảm và được ưu tiên thanh toán trước khoản nợ thứ cấp của khách hàng, đối tác đó; 
 (iii) Nếu khách hàng, đối tác có thứ hạng tín nhiệm đủ điều kiện áp dụng theo tiết (ii) điểm g khoản này và có khoản phải đòi, nợ phải trả tài chính khác có thứ hạng tín nhiệm riêng đủ điều kiện áp dụng theo tiết (i) điểm g khoản này thì ngân hàng, chi nhánh ngân hàng nước ngoài sử dụng thứ hạng tín nhiệm của khách hàng, đối tác hoặc khoản phải đòi, nợ phải trả tài chính khác có thứ hạng tín nhiệm tùy thuộc vào hệ số rủi ro nào cao hơn để áp dụng hệ số rủi ro tín dụng cho khoản phải đòi không có thứ hạng tín nhiệm; 
 (iv) Đối với các trường hợp không được quy định tại tiết (i), (ii), và (iii) điểm g khoản này thì ngân hàng, chi nhánh ngân hàng nước ngoài phải coi là khoản phải đòi không có thứ hạng tín nhiệm. 
 Chương II 
 QUY ĐỊNH CỤ THỂ 
 Mục 1 
 TỶ LỆ AN TOÀN VỐN VÀ VỐN TỰ CÓ",content.csv,"Thông tư số 41/2016/TT-NHNN Quy định tỷ lệ an toàn vốn đối với ngân hàng, chi nhánh ngân hàng nước ngoài",Thông tư,01/01/2020,Hết hiệu lực một phần,"[""Admin"", ""Staff""]"
117310_art_6,117310,"Điều 6. Tỷ lệ an toàn vốn 
 1. Tỷ lệ an toàn vốn (CAR) tính theo đơn vị phần trăm (%) được xác định bằng công thức: 
 
 Trong đó: 
 - C : Vốn tự có; 
 - RWA : Tổng tài sản tính theo rủi ro tín dụng; 
 - KOR : Vốn yêu cầu cho rủi ro hoạt động; 
 - KMR : Vốn yêu cầu cho rủi ro thị trường. 
 2. Ngân hàng không có công ty con, chi nhánh ngân hàng nước ngoài phải thường xuyên duy trì tỷ lệ an toàn vốn xác định trên cơ sở báo cáo tài chính của ngân hàng, chi nhánh ngân hàng nước ngoài tối thiểu 8%. 
 3. Ngân hàng có công ty con phải duy trì: 
 a) Tỷ lệ an toàn vốn xác định trên cơ sở báo cáo tài chính của ngân hàng tối thiểu 8%; 
 b) Tỷ lệ an toàn vốn hợp nhất xác định trên cơ sở báo cáo tài chính hợp nhất của ngân hàng tối thiểu 8%. Trường hợp ngân hàng có công ty con là công ty kinh doanh bảo hiểm thì tỷ lệ an toàn vốn hợp nhất được xác định trên cơ sở báo cáo tài chính hợp nhất của ngân hàng nhưng không hợp nhất công ty con là công ty kinh doanh bảo hiểm theo nguyên tắc hợp nhất của pháp luật về kế toán và báo cáo tài chính đối với tổ chức tín dụng. 
 4. Đối với các khoản mục bằng ngoại tệ, ngân hàng, chi nhánh ngân hàng nước ngoài quy ra đồng Việt Nam khi tính tỷ lệ an toàn vốn như sau: 
 a) Thực hiện theo quy định về hạch toán trên các tài khoản ngoại tệ của pháp luật về hệ thống tài khoản kế toán; 
 b) Đối với rủi ro ngoại hối thì thực hiện như sau: (i) Tỷ giá giữa đồng Việt Nam và đô la Mỹ: là tỷ giá trung tâm do Ngân hàng Nhà nước công bố vào ngày báo cáo; (ii) Tỷ giá giữa đồng Việt Nam và các ngoại tệ khác: là tỷ giá bán giao ngay chuyển khoản của ngân hàng, chi nhánh ngân hàng nước ngoài vào cuối ngày báo cáo. 
 5. Căn cứ kết quả giám sát, kiểm tra, thanh tra của Ngân hàng Nhà nước đối với ngân hàng, chi nhánh ngân hàng nước ngoài, trong trường hợp cần thiết để bảo đảm an toàn trong hoạt động của ngân hàng, chi nhánh ngân hàng nước ngoài, tùy theo tính chất, mức độ rủi ro, Ngân hàng Nhà nước yêu cầu ngân hàng, chi nhánh ngân hàng nước ngoài duy trì tỷ lệ an toàn vốn cao hơn so với mức quy định tại Thông tư này.",content.csv,"Thông tư số 41/2016/TT-NHNN Quy định tỷ lệ an toàn vốn đối với ngân hàng, chi nhánh ngân hàng nước ngoài",Thông tư,01/01/2020,Hết hiệu lực một phần,"[""Admin"", ""Staff""]"
117310_art_7,117310,"Điều 7. Vốn tự có 
 1. Vốn tự có của ngân hàng, chi nhánh ngân hàng nước ngoài là cơ sở để tính toán tỷ lệ an toàn vốn theo quy định tại Thông tư này. 
 2. Vốn tự có bao gồm tổng Vốn cấp 1 và Vốn cấp 2 trừ đi các khoản giảm trừ quy định tại Phụ lục 1 ban hành kèm theo Thông tư này. 
 Mục 2 
 TÀI SẢN TÍNH THEO RỦI RO TÍN DỤNG",content.csv,"Thông tư số 41/2016/TT-NHNN Quy định tỷ lệ an toàn vốn đối với ngân hàng, chi nhánh ngân hàng nước ngoài",Thông tư,01/01/2020,Hết hiệu lực một phần,"[""Admin"", ""Staff""]"
117310_art_9,117310,"Điều 9 Thông tư này; 
 - E i * : Giá trị số dư của khoản phải đòi thứ i (Ei) được xác định theo khoản 3 Điều này, sau khi điều chỉnh giảm theo các biện pháp giảm thiểu rủi ro tín dụng quy định tại Điều 12, Điều 13,",content.csv,"Thông tư số 41/2016/TT-NHNN Quy định tỷ lệ an toàn vốn đối với ngân hàng, chi nhánh ngân hàng nước ngoài",Thông tư,01/01/2020,Hết hiệu lực một phần,"[""Admin"", ""Staff""]"
117310_art_14,117310,Điều 14 và,content.csv,"Thông tư số 41/2016/TT-NHNN Quy định tỷ lệ an toàn vốn đối với ngân hàng, chi nhánh ngân hàng nước ngoài",Thông tư,01/01/2020,Hết hiệu lực một phần,"[""Admin"", ""Staff"", ""Guest""]"
117310_art_15,117310,"Điều 15 Thông tư này; 
 - SP i : Dự phòng cụ thể của khoản phải đòi thứ i; 
 - CRW i : Hệ số rủi ro tín dụng của khoản phải đòi thứ i theo quy định tại",content.csv,"Thông tư số 41/2016/TT-NHNN Quy định tỷ lệ an toàn vốn đối với ngân hàng, chi nhánh ngân hàng nước ngoài",Thông tư,01/01/2020,Hết hiệu lực một phần,"[""Admin"", ""Staff""]"
117310_art_10,117310,"Điều 10 Thông tư này. 
 4. Tài sản tính theo rủi ro tín dụng đối tác (RWA CCR ) được tính đối với: 
 a) Giao dịch tự doanh; 
 b) Giao dịch repo và giao dịch reverse repo; 
 c) Giao dịch sản phẩm phái sinh để phòng ngừa rủi ro; 
 d) Giao dịch mua bán ngoại tệ, tài sản tài chính với mục đích phục vụ nhu cầu của khách hàng, đối tác quy định tại mục d khoản 32",content.csv,"Thông tư số 41/2016/TT-NHNN Quy định tỷ lệ an toàn vốn đối với ngân hàng, chi nhánh ngân hàng nước ngoài",Thông tư,01/01/2020,Hết hiệu lực một phần,"[""Admin"", ""Staff""]"
117310_art_11,117310,"Điều 11. Giảm thiểu rủi ro tín dụng 
 1. Ngân hàng, chi nhánh ngân hàng nước ngoài được điều chỉnh giảm giá trị khoản phải đòi, giao dịch theo các biện pháp giảm thiểu rủi ro tín dụng quy định tại khoản 2 Điều này. 
 2. Việc giảm thiểu rủi ro tín dụng quy định tại khoản 1 Điều này được thực hiện bằng một hoặc kết hợp các biện pháp sau đây: 
 a) Tài sản bảo đảm; 
 b) Bù trừ số dư nội bảng; 
 c) Bảo lãnh của bên thứ ba; 
 d) Sản phẩm phái sinh tín dụng. 
 3. Việc giảm thiểu rủi ro tín dụng quy định tại khoản 1 Điều này phải đảm bảo nguyên tắc sau đây: 
 a) Biện pháp giảm thiểu rủi ro tín dụng phải được thực hiện theo quy định của pháp luật liên quan. Hồ sơ (giấy tờ, văn bản,...) của sản phẩm phái sinh tín dụng và bù trừ số dư nội bảng phải được các bên ký hợp lệ, phải nêu rõ trách nhiệm, nghĩa vụ của các bên tham gia, có hiệu lực pháp lý và thường xuyên được rà soát để đảm bảo yêu cầu tính hợp lệ, hợp pháp của các hồ sơ; 
 b) Đối với các biện pháp giảm thiểu rủi ro (tài sản bảo đảm, bù trừ số dư nội bảng, sản phẩm phái sinh tín dụng) có thời hạn, khi thời hạn còn lại của biện pháp giảm thiểu rủi ro ngắn hơn thời hạn còn lại của khoản phải đòi, việc điều chỉnh giảm giá trị khoản phải đòi chỉ được thực hiện đối với biện pháp giảm thiểu rủi ro tín dụng có thời hạn gốc từ một năm trở lên và thời hạn còn lại từ ba tháng trở lên; 
 c) Giá trị điều chỉnh giảm của biện pháp giảm thiểu rủi ro phải hiệu chỉnh khi thời hạn còn lại của biện pháp giảm thiểu rủi ro tín dụng ít hơn thời hạn còn lại của khoản phải đòi, giao dịch (sau đây gọi là độ lệch thời hạn); 
 d) Trường hợp biện pháp giảm thiểu rủi ro tín dụng và khoản phải đòi, giao dịch không cùng một loại tiền tệ (sau đây gọi là độ lệch tiền tệ), giá trị điều chỉnh giảm của biện pháp giảm thiểu rủi ro phải hiệu chỉnh theo độ lệch tiền tệ; 
 đ) Ngân hàng, chi nhánh ngân hàng nước ngoài phải có các chiến lược, chính sách, quy trình để quản lý rủi ro khác (rủi ro hoạt động, rủi ro thanh khoản, rủi ro thị trường...) phát sinh từ việc giảm thiểu rủi ro tín dụng và đảm bảo vốn yêu cầu tương ứng đối với các rủi ro đó theo quy định tại Thông tư này; 
 e) Trường hợp kết hợp hai hoặc nhiều biện pháp giảm thiểu rủi ro tín dụng khác nhau cho một khoản phải đòi, giao dịch thì ngân hàng, chi nhánh ngân hàng nước ngoài phải phân tách các phần giao dịch, khoản phải đòi theo từng biện pháp giảm thiểu rủi ro tín dụng để tính riêng giá trị số dư của từng phần của khoản phải đòi, giao dịch đó theo quy định tại Thông tư này. 
 4. Giá trị số dư của khoản phải đòi, giao dịch có giảm thiểu rủi ro tín dụng được tính theo công thức sau: 
 E i * = max{0,[E i - ∑C j * (1-Hc j -Hfxc j )]} + max{0,[E i -∑L k * (1-Hfxl k )]} + max{0,[E i - ∑G l (1-CRWgtor l /CRW l )]} + max{0,[E i - ∑CD n * (1- Hfxcd n )]} 
 Trong đó: 
 - E i * : Giá trị số dư của khoản phải đòi, giao dịch thứ i được điều chỉnh giảm theo các biện pháp giảm thiểu rủi ro tín dụng; 
 - E i : Giá trị số dư của khoản phải đòi, giao dịch thứ i được tính theo quy định tại",content.csv,"Thông tư số 41/2016/TT-NHNN Quy định tỷ lệ an toàn vốn đối với ngân hàng, chi nhánh ngân hàng nước ngoài",Thông tư,01/01/2020,Hết hiệu lực một phần,"[""Admin"", ""Staff""]"
117310_art_12,117310,"Điều 12. Giảm thiểu rủi ro tín dụng bằng tài sản bảo đảm 
 1. Việc giảm thiểu rủi ro tín dụng bằng tài sản bảo đảm chỉ áp dụng đối với các tài sản bảo đảm sau đây: 
 a) Tiền mặt, giấy tờ có giá, thẻ tiết kiệm do tổ chức tín dụng, chi nhánh ngân hàng nước ngoài phát hành; 
 b) Vàng (vàng tiêu chuẩn, vàng vật chất, vàng trang sức với giá trị được chuyển đổi giá trị sang vàng 99.99); 
 c) Giấy tờ có giá do Chính phủ Việt Nam, Ngân hàng Nhà nước phát hành hoặc bảo lãnh thanh toán; 
 d) Chứng khoán nợ do chính phủ các nước, tổ chức công lập của chính phủ các nước phát hành được doanh nghiệp xếp hạng tín nhiệm độc lập xếp hạng từ BB- trở lên; 
 đ) Chứng khoán nợ do doanh nghiệp phát hành được doanh nghiệp xếp hạng tín nhiệm độc lập xếp hạng từ BBB- trở lên; 
 e) Cổ phiếu được niêm yết trên Sở giao dịch chứng khoán Hồ Chí Minh và Hà Nội. 
 2. Tài sản bảo đảm quy định tại khoản 1 Điều này phải đảm bảo: 
 a) Tuân thủ đúng quy định pháp luật về giao dịch đảm bảo; 
 b) Giấy tờ có giá, chứng khoán nợ, cổ phiếu không do khách hàng và (hoặc) công ty mẹ, công ty con, công ty liên kết của khách hàng phát hành hoặc bảo lãnh thanh toán. 
 3. Hệ số hiệu chỉnh tài sản bảo đảm (Hc) tính theo tỷ lệ phần trăm (%) được áp dụng theo nguyên tắc sau đây: 
 a) Đối với tài sản bảo đảm quy định tại điểm đ và điểm e khoản 1 Điều này, hệ số hiệu chỉnh được tính theo giá thị trường tham chiếu hàng ngày (daily mark-to-market) khi có giao dịch khớp lệnh trong thời gian 10 ngày làm việc liền kề trước thời điểm tính toán. Trường hợp không có giao dịch khớp lệnh trong thời gian 10 ngày làm việc trước thời điểm tính toán, hệ số hiệu chỉnh bằng 100%; 
 b) Hệ số hiệu chỉnh tài sản bảo đảm xác định như sau: 
 (i) Tiền mặt, thẻ tiết kiệm và giấy tờ có giá do chính ngân hàng, chi nhánh ngân hàng nước ngoài phát hành, giấy tờ có giá do Chính phủ Việt Nam, Ngân hàng Nhà nước, Ủy ban nhân dân tỉnh, thành phố trực thuộc trung ương, các ngân hàng chính sách phát hành hoặc bảo lãnh thanh toán có hệ số hiệu chỉnh bằng 0; 
 (ii) Thẻ tiết kiệm, giấy tờ có giá, chứng khoán, vàng có hệ số điều chỉnh như sau: 
 
 
 
 
 
 
 
 
 
 
 Xếp hạng tín nhiệm của người phát hành giấy tờ có giá, chứng khoán 
 
 Thời hạn còn lại 
 
 Chính phủ (bao gồm cả các tổ chức áp dụng hệ số rủi ro tín dụng tương đương chính phủ ) (%) 
 
 Các tổ chức phát hành khác (%)&nbsp; 
 
 
 
 AAA đến AA- 
 
 ≤ 1 năm&nbsp; 
 
 0,5 
 
 1 
 
 
 
 &nbsp;&nbsp;&gt; 1 năm, ≤ 5 năm 
 
 2 
 
 4 
 
 
 
 &gt; 5 năm 
 
 4 
 
 8 
 
 
 
 - A+ đến BBB- 
 - Thẻ tiết kiệm, giấy tờ có giá của tổ chức tín dụng, chi nhánh ngân hàng nước ngoài khác 
 
 ≤ 1 năm 
 
 1 
 
 2 
 
 
 
 &gt; 1 năm, ≤ 5 năm 
 
 3 
 
 6 
 
 
 
 &gt; 5 năm 
 
 6 
 
 12 
 
 
 
 BB+ đến BB- trừ Thẻ tiết kiệm, giấy tờ có giá của tổ chức tín dụng, chi nhánh ngân hàng nước ngoài khác&nbsp; 
 
 Tất cả các loại thời hạn 
 
 15 
 
 
 
 
 
 Cổ phiếu được tính vào chỉ số chứng khoán VN30/HNX30 (bao gồm cả trái phiếu chuyển đổi của các loại cổ phiếu này) và Vàng 
 
 15 
 
 
 
 Cổ phiếu khác được niêm yết trên Sở giao dịch chứng khoán Hồ Chí Minh và Sở giao dịch chứng khoán Hà Nộ 
 
 25 
 
 
 
 4. Giá trị của tài sản bảo đảm hiệu chỉnh theo độ lệch thời hạn (C*) theo công thức sau: 
 C* = C x (t - 0.25) / (T - 0.25) 
 Trong đó: 
 - C: giá trị của tài sản bảo đảm; 
 - T: được xác định là giá trị tối thiểu của (5 năm, thời hạn còn lại của giao dịch, khoản phải đòi tính theo năm); 
 - t: được xác định là giá trị tối thiểu của (T tính theo năm, thời hạn còn lại của tài sản bảo đảm tính theo năm). 
 5. Hệ số hiệu chỉnh độ lệch tiền tệ giữa khoản phải đòi, giao dịch và tài sản bảo đảm (H fxc ) là 8%.",content.csv,"Thông tư số 41/2016/TT-NHNN Quy định tỷ lệ an toàn vốn đối với ngân hàng, chi nhánh ngân hàng nước ngoài",Thông tư,01/01/2020,Hết hiệu lực một phần,"[""Admin"", ""Staff""]"
117310_art_13,117310,"Điều 13. Giảm thiểu rủi ro tín dụng bằng bù trừ số dư nội bảng 
 1. Bù trừ số dư nội bảng là việc ngân hàng, chi nhánh ngân hàng nước ngoài điều chỉnh giảm giá trị khoản phải đòi theo số dư tiền gửi của chính khách hàng đó tại ngân hàng, chi nhánh ngân hàng nước ngoài. 
 2. Ngân hàng, chi nhánh ngân hàng nước ngoài chỉ được điều chỉnh giảm giá trị khoản phải đòi bằng bù trừ số dư nội bảng khi tính Tổng tài sản tính theo rủi ro tín dụng nếu có đầy đủ các điều kiện sau: 
 a) Có đầy đủ hồ sơ pháp lý về thoả thuận bù trừ số dư tài sản và nợ phải trả của khách hàng, đối tác bất kể khách hàng, đối tác có mất khả năng thanh toán hoặc phá sản; 
 b) Xác định số dư tài sản và nợ phải trả đối với từng khách hàng, đối tác theo thoả thuận bù trừ số dư nội bảng tại mọi thời điểm; 
 c) Theo dõi và kiểm soát được các rủi ro; 
 d) Theo dõi và kiểm soát được trạng thái rủi ro của bù trừ số dư nội bảng. 
 3. Giá trị số dư tiền gửi của khách hàng được hiệu chỉnh theo độ lệch thời hạn (L*) theo công thức sau: 
 L* = L x (t - 0.25) / (T - 0.25) 
 Trong đó: 
 - L: Số dư tiền gửi của khách hàng; 
 - T: được xác định là giá trị tối thiểu của (5 năm, thời hạn còn lại của giao dịch, khoản phải đòi tính theo năm); 
 - t: được xác định là giá trị tối thiểu của (T tính theo năm, thời hạn còn lại của nợ phải trả nội bảng tính theo năm). 
 4. Hệ số hiệu chỉnh độ lệch tiền tệ giữa khoản phải đòi, giao dịch và số dư tiền gửi của khách hàng (H fxl ) là 8%.",content.csv,"Thông tư số 41/2016/TT-NHNN Quy định tỷ lệ an toàn vốn đối với ngân hàng, chi nhánh ngân hàng nước ngoài",Thông tư,01/01/2020,Hết hiệu lực một phần,"[""Admin"", ""Staff""]"
117310_art_16,117310,"Điều 16. Vốn yêu cầu cho rủi ro hoạt động 
 1. Vốn yêu cầu cho rủi ro hoạt động (KOR) được xác định bằng công thức: 
 
 Trong đó: 
 - BI năm thứ n : Chỉ số kinh doanh được xác định theo quý gần nhất tại thời điểm tính toán; 
 - BI năm thứ n-1 , BI năm thứ n-2 : Chỉ số kinh doanh được xác định theo quý tương ứng của 2 năm liền kề trước năm tính toán. 
 2. Chỉ số kinh doanh được xác định theo công thức sau: 
 &nbsp; &nbsp; &nbsp; &nbsp; &nbsp; &nbsp; BI = IC + SC + FC 
 Trong đó: 
 - IC: Giá trị tuyệt đối của Thu nhập lãi và các khoản thu nhập tương tự trừ Chi phí lãi và các khoản chi phí tương tự; 
 - SC: Tổng giá trị của Thu nhập từ hoạt động dịch vụ, Chi phí từ hoạt động dịch vụ, Thu nhập hoạt động khác, Chi phí hoạt động khác; 
 - FC: Tổng của giá trị tuyệt đối Lãi/lỗ thuần từ hoạt động kinh doanh ngoại hối, mua bán chứng khoán kinh doanh và mua bán chứng khoán đầu tư. 
 Chỉ số kinh doanh được xác định theo hướng dẫn tại Phụ lục 3 ban hành kèm theo Thông tư này. 
 Mục 4 
 VỐN YÊU CẦU CHO RỦI RO THỊ TRƯỜNG",content.csv,"Thông tư số 41/2016/TT-NHNN Quy định tỷ lệ an toàn vốn đối với ngân hàng, chi nhánh ngân hàng nước ngoài",Thông tư,01/01/2020,Hết hiệu lực một phần,"[""Admin"", ""Staff""]"
117310_art_17,117310,"Điều 17. Quy định, quy trình xác định trạng thái rủi ro để tính vốn yêu cầu cho rủi ro thị trường 
 1. Để xác định vốn yêu cầu cho rủi ro thị trường, ngân hàng, chi nhánh ngân hàng nước ngoài phải có quy định bằng văn bản về các điều kiện, tiêu chí xác định các khoản mục thuộc phạm vi sổ kinh doanh để tính các trạng thái rủi ro trên sổ kinh doanh, đảm bảo tách biệt với sổ ngân hàng. Ngân hàng, chi nhánh ngân hàng nước ngoài phải: 
 a) Phân biệt các giao dịch trên sổ kinh doanh và sổ ngân hàng. Dữ liệu về giao dịch phải được ghi nhận chính xác, đầy đủ và kịp thời vào hệ thống cơ sở dữ liệu quản lý rủi ro và hệ thống sổ sách kế toán của ngân hàng, chi nhánh ngân hàng nước ngoài; 
 b) Xác định được bộ phận kinh doanh trực tiếp thực hiện giao dịch; 
 c) Giao dịch trên sổ kinh doanh và sổ ngân hàng phải được phản ánh trên hệ thống sổ sách kế toán và phải được đối chiếu với số liệu ghi nhận của bộ phận kinh doanh (nhật ký giao dịch hoặc hình thức ghi nhận khác); 
 d) Bộ phận kiểm toán nội bộ phải thường xuyên rà soát, đánh giá các khoản mục trên sổ kinh doanh và sổ ngân hàng. 
 2. Ngân hàng, chi nhánh ngân hàng nước ngoài chỉ được phép phân loại lại và chuyển các khoản mục từ sổ kinh doanh sang sổ ngân hàng khi các khoản mục đó không còn đáp ứng được điều kiện, tiêu chí theo quy định tại khoản 1 Điều này, không được chuyển các công cụ tài chính từ sổ ngân hàng sang sổ kinh doanh. 
 3. Ngân hàng, chi nhánh ngân hàng nước ngoài phải có chính sách, quy trình xác định trạng thái rủi ro để tính vốn yêu cầu cho rủi ro thị trường. Các chính sách, quy trình tối thiểu gồm: 
 a) Chiến lược tự doanh đối với từng loại tiền tệ, công cụ tài chính, sản phẩm phái sinh, đảm bảo không bị hạn chế về mua, bán hoặc có khả năng phòng ngừa được rủi ro; 
 b) Các hạn mức rủi ro thị trường (mức cắt lỗ, mức hiện thực hóa lãi, hạn mức tự doanh cho giao dịch viên, hạn mức về đồng tiền, hạn mức tập trung, thời hạn nắm giữ tối đa…); các hạn mức phải được rà soát, đánh giá tối thiểu một năm một lần hoặc vào thời điểm có thay đổi lớn ảnh hưởng tới trạng thái rủi ro thị trường; 
 c) Quy trình quản lý trạng thái rủi ro thị trường phải đảm bảo: 
 (i) Các trạng thái rủi ro thị trường được nhận diện, đo lường, theo dõi, quản lý và giám sát chặt chẽ; 
 (ii) Có bộ phận riêng để thực hiện các giao dịch tự doanh, trong đó các giao dịch viên có quyền tự chủ thực hiện các giao dịch trong phạm vi các hạn mức và chiến lược tự doanh; có bộ phận quản lý, hạch toán theo dõi các giao dịch tự doanh và các khoản mục trên sổ kinh doanh; 
 (iii) Các trạng thái rủi ro và kết quả đo lường rủi ro phải được báo cáo cho các cấp thẩm quyền theo quy định về quản lý rủi ro của ngân hàng, chi nhánh ngân hàng nước ngoài; 
 (iv) Tất cả các trạng thái tài chính trên sổ kinh doanh phải được đo lường và định giá theo giá thị trường hoặc dữ liệu thị trường trên thị trường chính thức ít nhất một ngày một lần để xác định mức lỗ, lãi và trạng thái rủi ro thị trường; 
 (v) Các dữ liệu thị trường đầu vào phải được thu thập tối đa từ nguồn phù hợp với thị trường và thường xuyên được soát xét lại tính phù hợp của các dữ liệu thị trường đầu vào. 
 d) Các quy định về điều kiện, tiêu chí ghi nhận các khoản mục trên sổ kinh doanh và chuyển các khoản mục giữa sổ kinh doanh và sổ ngân hàng theo quy định của pháp luật; 
 đ) Các phương pháp đo lường rủi ro thị trường (trong đó mô tả đầy đủ các giả định và các tham số được sử dụng); các phương pháp đo lường rủi ro thị trường phải được rà soát, đánh giá hàng năm hoặc khi có thay đổi bất thường ảnh hưởng tới trạng thái rủi ro thị trường; 
 e) Quy trình giám sát các trạng thái rủi ro và việc tuân thủ các hạn mức rủi ro thị trường theo chiến lược tự doanh của ngân hàng, chi nhánh ngân hàng nước ngoài. 
 4. Quy định, quy trình quy định tại khoản 1, khoản 3 Điều này phải được các cấp có thẩm quyền của ngân hàng, chi nhánh ngân hàng nước ngoài phê duyệt, ban hành, sửa đổi, bổ sung, định kỳ ít nhất một năm một lần và được kiểm toán nội bộ theo quy định của Ngân hàng Nhà nước về hệ thống kiểm soát nội bộ của tổ chức tín dụng, chi nhánh ngân hàng nước ngoài. 
 5. Ngân hàng, chi nhánh ngân hàng nước ngoài gửi các quy định tại khoản 1, khoản 3 Điều này cho Ngân hàng Nhà nước (Cơ quan Thanh tra, giám sát ngân hàng) để giám sát trước khi thực hiện. Trường hợp cần thiết, Ngân hàng Nhà nước (Cơ quan Thanh tra, giám sát ngân hàng) sẽ có ý kiến bằng văn bản gửi ngân hàng, chi nhánh ngân hàng nước ngoài để sửa đổi, bổ sung các quy định, quy trình này.",content.csv,"Thông tư số 41/2016/TT-NHNN Quy định tỷ lệ an toàn vốn đối với ngân hàng, chi nhánh ngân hàng nước ngoài",Thông tư,01/01/2020,Hết hiệu lực một phần,"[""Admin"", ""Staff""]"
117310_art_18,117310,"Điều 18. Vốn yêu cầu cho rủi ro thị trường 
 1. Vốn yêu cầu cho rủi ro thị trường (K MR ) được xác định theo công thức sau: 
 K MR = K IRR + K ER + K FXR + K CMR + K OPT 
 Trong đó: 
 - K IRR : Vốn yêu cầu cho rủi ro lãi suất, trừ giao dịch quyền chọn; 
 - K ER : Vốn yêu cầu cho rủi ro giá cổ phiếu, trừ giao dịch quyền chọn; 
 - K FXR : Vốn yêu cầu cho rủi ro ngoại hối (bao gồm cả vàng), trừ giao dịch quyền chọn; 
 - K CMR : Vốn yêu cầu cho rủi ro giá hàng hóa, trừ giao dịch quyền chọn; 
 - K OPT : Vốn yêu cầu cho giao dịch quyền chọn. 
 2. Vốn yêu cầu cho rủi ro lãi suất (K IRR ) xác định theo công thức sau: 
 
 Trong đó: 
 - K SR IRR : Vốn yêu cầu cho rủi ro lãi suất cụ thể phát sinh từ biến động lãi suất do yếu tố liên quan đến từng nhà phát hành, được tính theo Phụ lục 4 ban hành kèm theo Thông tư này;&nbsp; 
 - K GR IRR : Vốn yêu cầu cho rủi ro lãi suất chung phát sinh từ biến động lãi suất do yếu tố lãi suất thị trường, được tính theo Phụ lục 4 ban hành kèm theo Thông tư này.&nbsp; 
 Vốn yêu cầu cho rủi ro lãi suất được tính theo hướng dẫn tại Phụ lục 4 ban hành kèm theo Thông tư này. 
 3. Vốn yêu cầu cho rủi ro giá cổ phiếu (K ER ) xác định theo công thức như sau: 
 
 Trong đó: 
 - K SR ER : Vốn yêu cầu cho rủi ro giá cổ phiếu cụ thể phát sinh từ biến động giá cổ phiếu do yếu tố liên quan đến từng nhà phát hành, được tính theo Phụ lục 4 ban hành kèm theo Thông tư này;&nbsp; 
 - K GR ER : Vốn yêu cầu cho rủi ro giá cổ phiếu chung phát sinh từ biến động giá cổ phiếu do yếu tố giá thị trường, được tính theo Phụ lục 4 ban hành kèm theo Thông tư này.&nbsp; 
 Vốn yêu cầu cho rủi ro giá cổ phiếu được tính theo hướng dẫn tại Phụ lục 4 ban hành kèm theo Thông tư này. 
 4. Vốn yêu cầu cho rủi ro ngoại hối (K FXR ) chỉ áp dụng đối với trường hợp tổng giá trị trạng thái ngoại hối ròng (bao gồm cả vàng) của ngân hàng, chi nhánh ngân hàng nước ngoài lớn hơn 2% vốn tự có của ngân hàng, chi nhánh ngân hàng nước ngoài. Vốn yêu cầu cho rủi ro ngoại hối được tính theo hướng dẫn tại Phụ lục 4 ban hành kèm theo Thông tư này. 
 5. Vốn yêu cầu cho rủi ro giá hàng hóa (K CMR ) được tính theo hướng dẫn tại Phụ lục 4 ban hành kèm theo Thông tư này. 
 6. Vốn yêu cầu cho giao dịch quyền chọn (K OPT ) chỉ áp dụng khi tổng giá trị các giao dịch quyền chọn lớn hơn 2% vốn tự có của ngân hàng, chi nhánh ngân hàng nước ngoài. Vốn yêu cầu cho giao dịch quyền chọn (K OPT ) được tính theo hướng dẫn tại Phụ lục 4 ban hành kèm theo Thông tư này. 
 Mục 5 
 CHẾ ĐỘ BÁO CÁO VÀ CÔNG BỐ THÔNG TIN",content.csv,"Thông tư số 41/2016/TT-NHNN Quy định tỷ lệ an toàn vốn đối với ngân hàng, chi nhánh ngân hàng nước ngoài",Thông tư,01/01/2020,Hết hiệu lực một phần,"[""Admin"", ""Staff""]"
117310_art_19,117310,"Điều 19. Chế độ báo cáo 
 Ngân hàng, chi nhánh ngân hàng nước ngoài thực hiện báo cáo tỷ lệ an toàn vốn theo quy định của Ngân hàng Nhà nước về chế độ báo cáo thống kê đối với tổ chức tín dụng, chi nhánh ngân hàng nước ngoài.",content.csv,"Thông tư số 41/2016/TT-NHNN Quy định tỷ lệ an toàn vốn đối với ngân hàng, chi nhánh ngân hàng nước ngoài",Thông tư,01/01/2020,Hết hiệu lực một phần,"[""Admin"", ""Staff""]"
117310_art_20,117310,"Điều 20. Công bố thông tin 
 1. Định kỳ 6 tháng một lần theo năm tài chính, ngân hàng, chi nhánh ngân hàng nước ngoài thực hiện công bố thông tin về tỷ lệ an toàn vốn theo các nội dung quy định tại Phụ lục 5 ban hành kèm theo Thông tư này. 
 2. Ngân hàng, chi nhánh ngân hàng nước ngoài phải xây dựng quy trình công bố thông tin đảm bảo: 
 a) Quy định cụ thể hình thức (như có ấn phẩm hoặc trên trang thông tin điện tử…) và địa điểm (như niêm yết tại trụ sở chính…) công bố thông tin về tỷ lệ an toàn vốn đảm bảo tính công khai, minh bạch và tiếp cận thuận tiện cho các cá nhân, tổ chức có lợi ích liên quan; 
 b) Các thông tin công bố (nhất là các thông tin định lượng) phải thống nhất với các số liệu Báo cáo tài chính tại cùng thời điểm; 
 c) Có quy trình và phương pháp thu thập thông tin (nội dung định tính và nội dung định lượng) về tỷ lệ an toàn vốn theo quy định tại Thông tư này; 
 d) Có chính sách, quy trình kiểm tra tính chính xác, tính đầy đủ và tính cập nhật của nội dung thông tin công bố theo quy định tại Thông tư này; 
 đ) Quy định đầy đủ trách nhiệm, quyền hạn và sự phối hợp của các bộ phận, cá nhân có liên quan trong việc thực hiện công bố thông tin; 
 e) Các quy trình công bố thông tin phải phổ biến đến các cá nhân, bộ phận liên quan và được rà soát, sửa đổi, bổ sung định kỳ ít nhất một năm một lần. 
 3. Ngân hàng, chi nhánh ngân hàng nước ngoài phải gửi quy trình công bố thông tin cho Ngân hàng Nhà nước (Cơ quan Thanh tra, giám sát ngân hàng) trong thời hạn 10 ngày kể từ ngày ban hành, sửa đổi, bổ sung, thay thế. 
 Chương III 
 TRÁCH NHIỆM CỦA CÁC ĐƠN VỊ THUỘC NGÂN HÀNG NHÀ NƯỚC",content.csv,"Thông tư số 41/2016/TT-NHNN Quy định tỷ lệ an toàn vốn đối với ngân hàng, chi nhánh ngân hàng nước ngoài",Thông tư,01/01/2020,Hết hiệu lực một phần,"[""Admin"", ""Staff"", ""Guest""]"
117310_art_21,117310,"Điều 21. Trách nhiệm của Cơ quan Thanh tra, giám sát ngân hàng 
 1. Giám sát, kiểm tra, thanh tra đối với ngân hàng, chi nhánh ngân hàng nước ngoài; hướng dẫn, phối hợp với Ngân hàng Nhà nước chi nhánh tỉnh, thành phố trực thuộc Trung ương nơi không có Cục Thanh tra, giám sát ngân hàng thực hiện kiểm tra, thanh tra, giám sát đối với các ngân hàng, chi nhánh ngân hàng nước ngoài trên địa bàn trong việc chấp hành quy định tại Thông tư này. 
 2. Chủ trì, phối hợp với các Vụ, Cục liên quan trình Thống đốc Ngân hàng Nhà nước áp dụng tỷ lệ an toàn vốn tối thiểu cao hơn 8% theo quy định tại",content.csv,"Thông tư số 41/2016/TT-NHNN Quy định tỷ lệ an toàn vốn đối với ngân hàng, chi nhánh ngân hàng nước ngoài",Thông tư,01/01/2020,Hết hiệu lực một phần,"[""Admin"", ""Staff"", ""Guest""]"
117310_art_22,117310,"Điều 22. Trách nhiệm của các đơn vị khác thuộc Ngân hàng Nhà nước 
 1. Vụ Dự báo, thống kê làm đầu mối trình Thống đốc Ngân hàng Nhà nước ban hành biểu mẫu báo cáo thống kê về tỷ lệ an toàn vốn quy định tại Thông tư này. 
 2. Ngân hàng Nhà nước chi nhánh tỉnh, thành phố trực thuộc Trung ương nơi không có Cục Thanh tra, giám sát ngân hàng thực hiện kiểm tra, thanh tra, giám sát đối với các ngân hàng, chi nhánh ngân hàng nước ngoài trên địa bàn trong việc chấp hành quy định tại Thông tư này. 
 Chương IV 
 ĐIỀU KHOẢN THI HÀNH",content.csv,"Thông tư số 41/2016/TT-NHNN Quy định tỷ lệ an toàn vốn đối với ngân hàng, chi nhánh ngân hàng nước ngoài",Thông tư,01/01/2020,Hết hiệu lực một phần,"[""Admin"", ""Staff"", ""Guest""]"
117310_art_23,117310,"Điều 23. Hiệu lực thi hành 
 1. Thông tư này có hiệu lực thi hành kể từ ngày 01 tháng 01 năm 2020, trừ trường hợp quy định tại khoản 2 Điều này. 
 2. Các quy định tại Thông tư này được áp dụng sớm hơn thời điểm quy định tại khoản 1 Điều này đối với các ngân hàng, chi nhánh ngân hàng nước ngoài quy định tại khoản 3 Điều này. 
 3. Ngân hàng, chi nhánh ngân hàng nước ngoài có khả năng thực hiện tỷ lệ an toàn vốn theo quy định tại Thông tư này trước thời điểm quy định tại khoản 1 Điều này, gửi văn bản đăng ký áp dụng Thông tư này cho Ngân hàng Nhà nước (Cơ quan Thanh tra, giám sát ngân hàng) trong đó nêu rõ khả năng thực hiện, dự kiến thời điểm áp dụng. Thời điểm áp dụng Thông tư này đối với ngân hàng, chi nhánh ngân hàng nước ngoài có văn bản đăng ký theo thông báo bằng văn bản của Ngân hàng Nhà nước.",content.csv,"Thông tư số 41/2016/TT-NHNN Quy định tỷ lệ an toàn vốn đối với ngân hàng, chi nhánh ngân hàng nước ngoài",Thông tư,01/01/2020,Hết hiệu lực một phần,"[""Admin"", ""Staff"", ""Guest""]"
117310_art_24,117310,"Điều 24. Tổ chức thực hiện 
 Chánh Văn phòng, Chánh Thanh tra, giám sát ngân hàng, Thủ trưởng các đơn vị thuộc Ngân hàng Nhà nước, Giám đốc Ngân hàng Nhà nước chi nhánh tỉnh, thành phố trực thuộc Trung ương, Chủ tịch Hội đồng quản trị, Chủ tịch Hội đồng thành viên và Tổng Giám đốc (Giám đốc) ngân hàng, chi nhánh ngân hàng nước ngoài chịu trách nhiệm tổ chức thực hiện Thông tư này. 
 
 
 
 
 
 
 
 
 Nơi nhận: 
 - Như Điều 24; 
 -Ban Lãnh đạo NHNN; 
 - Văn phòng Chính Phủ; 
 - Bộ Tư pháp (để kiểm tra); 
 - Công báo; 
 - Lưu: VT, Vụ PC, TTGSNHS 
 
 
 KT. THỐNG ĐỐC 
 PHÓ THỐNG ĐỐC 
 
 
 (Đã ký) 
 
 
 Nguyễn Đồng Tiến",content.csv,"Thông tư số 41/2016/TT-NHNN Quy định tỷ lệ an toàn vốn đối với ngân hàng, chi nhánh ngân hàng nước ngoài",Thông tư,01/01/2020,Hết hiệu lực một phần,"[""Admin"", ""Staff"", ""Guest""]"
112924_chunk_1,112924,"BỘ TÀI CHÍNH 
 
 
 
 
 
 
 CỘNG HÒA XÃ HỘI CHỦ NGHĨA VIỆT NAM 
 
 
 Độc lập – Tự do – Hạnh phúc 
 
 
 
 
 
 
 Số: 105/2016/TT-BTC 
 
 
 Hà Nội, ngày 29 tháng 06 năm 2016 
 
 
 
 
 
 THÔNG TƯ 
 HƯỚNG DẪN HOẠT ĐỘNG ĐẦU TƯ GIÁN TIẾP RA NƯỚC NGOÀI CỦA TỔ CHỨC KINH DOANH CHỨNG KHOÁN, QUỸ ĐẦU TƯ CHỨNG KHOÁN, CÔNG TY ĐẦU TƯ CHỨNG KHOÁN VÀ DOANH NGHIỆP KINH DOANH BẢO HIỂM 
 &nbsp; 
 Căn cứ Luật Đầu tư ngày 26 tháng 11 năm 2014; 
 Căn cứ Luật Chứng khoán ngày 29 tháng 6 năm 2006; 
 Căn cứ Luật sửa đổi, bổ sung một số điều của Luật Chứng khoán ngày 24 tháng 11 năm 2010; 
 Căn cứ Luật Kinh doanh bảo hiểm ngày 09 tháng 12 năm 2000; 
 Căn cứ Luật sửa đổi, bổ sung một số điều của Luật Kinh doanh bảo hiểm ngày 24 tháng 11 năm 2010; 
 Căn cứ Pháp lệnh Ngoại hối số 28/2005/PL-UBTVQH ngày 13 tháng 12 năm 2005; 
 Căn cứ Pháp lệnh số 06/2013/PL-UBTVQH13 ngày 18 tháng 03 năm 2013 sửa đổi, bổ sung một số điều của Pháp lệnh Ngoại hối; 
 Căn cứ Nghị định số 215/2013/NĐ-CP ngày 23 tháng 12 năm 2013 của Chính phủ quy định chức năng, nhiệm vụ, quyền hạn và cơ cấu tổ chức của Bộ Tài chính; 
 Căn cứ Nghị định số 135/2015/NĐ-CP ngày 31 tháng 12 năm 2015 của Chính phủ quy định về đầu tư gián tiếp ra nước ngoài; 
 Theo đề nghị của Chủ tịch Ủy ban Chứng khoán Nhà nước, Cục trưởng Cục Quản lý, giám sát bảo hiểm, 
 Bộ trưởng Bộ Tài chính ban hành Thông tư hướng dẫn hoạt động đầu tư gián tiếp ra nước ngoài của tổ chức kinh doanh chứng khoán, quỹ đầu tư chứng khoán, công ty đầu tư chứng khoán và doanh nghiệp kinh doanh bảo hiểm. 
 &nbsp; 
 Chương I QUY ĐỊNH CHUNG",content.csv,"Thông tư số 105/2016/TT-BTC Hướng dẫn hoạt động đầu tư gián tiếp ra nước ngoài của tổ chức kinh doanh chứng khoán, quỹ đầu tư chứng khoán, công ty đầu tư chứng khoán và doanh nghỉệp kinh doanh bảo hỉểm",Thông tư,15/08/2016,Hết hiệu lực một phần,"[""Admin"", ""Staff"", ""Guest""]"
112924_art_1,112924,"Điều 1. Phạm vi điều chỉnh 
 Thông tư này quy định về hoạt động tự doanh đầu tư gián tiếp ra nước ngoài của tổ chức kinh doanh chứng khoán, quỹ đầu tư chứng khoán, công ty đầu tư chứng khoán, doanh nghiệp kinh doanh bảo hiểm và hoạt động nhận ủy thác đầu tư gián tiếp ra nước ngoài của công ty quản lý quỹ.",content.csv,"Thông tư số 105/2016/TT-BTC Hướng dẫn hoạt động đầu tư gián tiếp ra nước ngoài của tổ chức kinh doanh chứng khoán, quỹ đầu tư chứng khoán, công ty đầu tư chứng khoán và doanh nghỉệp kinh doanh bảo hỉểm",Thông tư,15/08/2016,Hết hiệu lực một phần,"[""Admin"", ""Staff"", ""Guest""]"
112924_art_2,112924,"Điều 2. Đối tượng áp dụng 
 Thông tư này áp dụng đối với tổ chức kinh doanh chứng khoán, quỹ đầu tư chứng khoán, công ty đầu tư chứng khoán, doanh nghiệp kinh doanh bảo hiểm và các cơ quan, tổ chức, cá nhân có liên quan đến hoạt động đầu tư gián tiếp ra nước ngoài.",content.csv,"Thông tư số 105/2016/TT-BTC Hướng dẫn hoạt động đầu tư gián tiếp ra nước ngoài của tổ chức kinh doanh chứng khoán, quỹ đầu tư chứng khoán, công ty đầu tư chứng khoán và doanh nghỉệp kinh doanh bảo hỉểm",Thông tư,15/08/2016,Hết hiệu lực một phần,"[""Admin"", ""Staff"", ""Guest""]"
112924_art_3,112924,"Điều 3. Giải thích từ ngữ 
 Ngoài các từ ngữ đã được giải thích trong Nghị định số 135/2015/NĐ-CP ngày 31/12/2015 của Chính phủ quy định về đầu tư gián tiếp ra nước ngoài (sau đây gọi là Nghị định số 135/2015/NĐ-CP ), trong Thông tư này, các từ ngữ dưới đây được hiểu như sau: 
 1. Tổ chức kinh doanh chứng khoán bao gồm công ty chứng khoán, công ty quản lý quỹ được thành lập và hoạt động theo pháp luật Việt Nam. 
 2. Doanh nghiệp kinh doanh bảo hiểm là doanh nghiệp bảo hiểm nhân thọ, doanh nghiệp bảo hiểm phi nhân thọ, doanh nghiệp bảo hiểm sức khỏe, doanh nghiệp tái bảo hiểm. 
 3. Hồ sơ hợp lệ là hồ sơ có đủ giấy tờ hợp lệ theo quy định của Thông tư này, có nội dung được kê khai đầy đủ theo quy định của pháp luật. 
 4. Tổ chức ủy thác là tổ chức kinh tế đầu tư gián tiếp ra nước ngoài thông qua việc giao vốn bằng ngoại tệ của mình cho công ty quản lý quỹ được phép nhận ủy thác đầu tư ở trong nước quản lý. 
 Chương II THỦ TỤC CẤP, THU HỒI GIẤY CHỨNG NHẬN ĐĂNG KÝ ĐẦU TƯ GIÁN TIẾP RA NƯỚC NGOÀI , VĂN BẢN CHẤP THUẬN ĐĂNG KÝ ĐẦU TƯ GIÁN TIẾP RA NƯỚC NGOÀI 
 Mục 1 TỔ CHỨC KINH DOANH CHỨNG KHOÁN",content.csv,"Thông tư số 105/2016/TT-BTC Hướng dẫn hoạt động đầu tư gián tiếp ra nước ngoài của tổ chức kinh doanh chứng khoán, quỹ đầu tư chứng khoán, công ty đầu tư chứng khoán và doanh nghỉệp kinh doanh bảo hỉểm",Thông tư,15/08/2016,Hết hiệu lực một phần,"[""Admin"", ""Staff"", ""Guest""]"
112924_art_4,112924,"Điều 4. Thủ tục cấp giấy chứng nhận đăng ký đầu tư gián tiếp ra nước ngoài 
 1. Hồ sơ đề nghị cấp giấy chứng nhận đăng ký đầu tư gián tiếp ra nước ngoài của tổ chức kinh doanh chứng khoán bao gồm: 
 a) Giấy đề nghị cấp giấy chứng nhận đăng ký đầu tư gián tiếp ra nước ngoài theo mẫu quy định tại Phụ lục số 01 ban hành kèm theo Thông tư này; 
 b) Biên bản họp và nghị quyết của Đại hội đồng cổ đông hoặc hội đồng thành viên hoặc quyết định của chủ sở hữu thông qua việc đầu tư gián tiếp ra nước ngoài và phương án đầu tư gián tiếp ra nước ngoài; 
 c) Phương án đầu tư gián tiếp ra nước ngoài, bao gồm nội dung về quốc gia dự kiến đầu tư, mức vốn dự kiến đầu tư, nguồn vốn đầu tư, tài sản dự kiến đầu tư, hiệu quả đầu tư dự kiến và các thông tin khác; 
 d) Văn bản của cơ quan thuế xác nhận đã thực hiện đầy đủ nghĩa vụ tài chính với Nhà nước Việt Nam, không còn nợ thuế với ngân sách nhà nước tính tới thời điểm nộp hồ sơ; 
 đ) Quy trình nội bộ về đầu tư gián tiếp ra nước ngoài, bao gồm nội dung về cơ chế kiểm soát nội bộ, kiểm toán nội bộ, nhận dạng và quản trị rủi ro liên quan đến hoạt động tự doanh đầu tư gián tiếp ra nước ngoài; 
 e) Bản thuyết minh cơ sở vật chất kỹ thuật của tổ chức kinh doanh chứng khoán mô tả chi tiết hệ thống truyền lệnh, hệ thống lưu trữ phục vụ cho hoạt động đầu tư gián tiếp ra nước ngoài; 
 g) Bản sao chứng chỉ quốc tế CFA (Chartered Financial Analyst), hợp đồng lao động, chứng chỉ hành nghề phân tích tài chính (đối với công ty chứng khoán) hoặc chứng chỉ hành nghề quản lý quỹ (đối với công ty quản lý quỹ) của tối thiểu một (01) nhân viên của tổ chức kinh doanh chứng khoán; 
 h) Báo cáo về việc tuân thủ các quy định của pháp luật về quản lý và sử dụng vốn nhà nước (đối với tổ chức kinh doanh chứng khoán có sở hữu vốn nhà nước) trong năm liền trước năm nộp hồ sơ. 
 2. Hồ sơ theo quy định tại khoản 1 Điều này được lập thành một (01) bộ, nộp trực tiếp hoặc gửi qua đường bưu điện đến Ủy ban Chứng khoán Nhà nước. 
 3. Trong thời hạn ba mươi (30) ngày kể từ ngày nhận được đầy đủ hồ sơ hợp lệ theo quy định tại khoản 1, khoản 2 Điều này, Ủy ban Chứng khoán Nhà nước cấp giấy chứng nhận đăng ký đầu tư gián tiếp ra nước ngoài cho tổ chức kinh doanh chứng khoán, đồng thời gửi giấy chứng nhận đến Ngân hàng Nhà nước Việt Nam. Trường hợp từ chối, Ủy ban Chứng khoán Nhà nước trả lời bằng văn bản và nêu rõ lý do. 
 4. Trong thời hạn hai mươi bốn (24) giờ kể từ khi giấy chứng nhận đăng ký đầu tư gián tiếp ra nước ngoài có hiệu lực, tổ chức kinh doanh chứng khoán công bố thông tin trên trang thông tin điện tử của mình về giấy chứng nhận đăng ký đầu tư gián tiếp ra nước ngoài .",content.csv,"Thông tư số 105/2016/TT-BTC Hướng dẫn hoạt động đầu tư gián tiếp ra nước ngoài của tổ chức kinh doanh chứng khoán, quỹ đầu tư chứng khoán, công ty đầu tư chứng khoán và doanh nghỉệp kinh doanh bảo hỉểm",Thông tư,15/08/2016,Hết hiệu lực một phần,"[""Admin"", ""Staff""]"
112924_art_5,112924,"Điều 5. Thủ tục thu hồi giấy chứng nhận đăng ký đầu tư gián tiếp ra nước ngoài 
 1. Trường hợp tổ chức kinh doanh chứng khoán tự nguyện đề nghị thu hồi giấy chứng nhận đăng ký đầu tư gián tiếp ra nước ngoài, hồ sơ đề nghị bao gồm: 
 a) Giấy đề nghị thu hồi giấy chứng nhận đăng ký đầu tư gián tiếp ra nước ngoài theo mẫu quy định tại Phụ lục số 02 ban hành kèm theo Thông tư này; 
 b) Biên bản họp và nghị quyết của Đại hội đồng cổ đông hoặc hội đồng thành viên hoặc quyết định của chủ sở hữu thông qua việc chấm dứt hoạt động đầu tư gián tiếp ra nước ngoài; 
 c) Tài liệu giải trình về việc chấm dứt hoạt động đầu tư gián tiếp ra nước ngoài, trong đó nêu rõ lý do chấm dứt, kết quả thực hiện đầu tư, khả năng thu hồi vốn đầu tư, thời hạn dự kiến chấm dứt hoạt động đầu tư, phương án tất toán các khoản đầu tư gián tiếp ra nước ngoài và các vấn đề liên quan; 
 d) Bản gốc giấy chứng nhận đăng ký đầu tư gián tiếp ra nước ngoài. 
 2. Hồ sơ theo quy định tại khoản 1 Điều này được lập thành một (01) bộ, nộp trực tiếp hoặc gửi qua đường bưu điện đến Ủy ban Chứng khoán Nhà nước. 
 3. Trong thời hạn bảy (07) ngày làm việc kể từ ngày nhận được đầy đủ hồ sơ hợp lệ theo quy định tại khoản 1, khoản 2 Điều này, Ủy ban Chứng khoán Nhà nước ra quyết định thu hồi giấy chứng nhận đăng ký đầu tư gián tiếp ra nước ngoài, đồng thời gửi quyết định đến Ngân hàng Nhà nước Việt Nam. 
 4. Tổ chức kinh doanh chứng khoán bị buộc thu hồi giấy chứng nhận đăng ký đầu tư gián tiếp ra nước ngoài trong các trường hợp sau: 
 a) Không còn đáp ứng quy định tại điểm d khoản 2",content.csv,"Thông tư số 105/2016/TT-BTC Hướng dẫn hoạt động đầu tư gián tiếp ra nước ngoài của tổ chức kinh doanh chứng khoán, quỹ đầu tư chứng khoán, công ty đầu tư chứng khoán và doanh nghỉệp kinh doanh bảo hỉểm",Thông tư,15/08/2016,Hết hiệu lực một phần,"[""Admin"", ""Staff"", ""Guest""]"
112924_art_14,112924,Điều 14 Nghị định số 135/2015/NĐ-CP . Trong thời hạn ba mươi (30) ngày kể từ ngày hết thời hạn khắc phục theo quy định của pháp luật hiện hành mà tổ chức kinh doanh chứng khoán vẫn không đáp ứng quy định tại điểm d khoản 2,content.csv,"Thông tư số 105/2016/TT-BTC Hướng dẫn hoạt động đầu tư gián tiếp ra nước ngoài của tổ chức kinh doanh chứng khoán, quỹ đầu tư chứng khoán, công ty đầu tư chứng khoán và doanh nghỉệp kinh doanh bảo hỉểm",Thông tư,15/08/2016,Hết hiệu lực một phần,"[""Admin"", ""Staff"", ""Guest""]"
112924_art_6,112924,"Điều 6. Thủ tục chấp thuận cho phép đầu tư gián tiếp ra nước ngoài 
 1. Quỹ đầu tư chứng khoán, công ty đầu tư chứng khoán thông qua công ty quản lý quỹ nộp hồ sơ đề nghị Ủy ban Chứng khoán Nhà nước chấp thuận cho phép đầu tư gián tiếp ra nước ngoài . Hồ sơ bao gồm : 
 a) Giấy đề nghị chấp thuận cho phép đầu tư gián tiếp ra nước ngoài theo mẫu quy định tại Phụ lục số 03 ban hành kèm theo Thông tư này; 
 b) Bản sao Điều lệ quỹ đầu tư chứng khoán , công ty đầu tư chứng khoán có quy định về việc đầu tư gián tiếp ra nước ngoài ; 
 c) Bản sao Hợp đồng lưu ký nguyên tắc giữa ngân hàng lưu ký, ngân hàng giám sát tại Việt Nam của quỹ đầu tư chứng khoán, công ty đầu tư chứng khoán và tổ chức lưu ký tại nước ngoài kèm theo bản sao giấy chứng nhận đăng ký hoạt động lưu ký chứng khoán hoặc tài liệu tương đương của tổ chức lưu ký tại nước ngoài; 
 d) Bản sao chứng chỉ quốc tế CFA, hợp đồng lao động của tối thiểu một (01) nhân viên điều hành quỹ đầu tư chứng khoán, công ty đầu tư chứng khoán; 
 đ) Tài liệu theo quy định tại các điểm đ, e khoản 1",content.csv,"Thông tư số 105/2016/TT-BTC Hướng dẫn hoạt động đầu tư gián tiếp ra nước ngoài của tổ chức kinh doanh chứng khoán, quỹ đầu tư chứng khoán, công ty đầu tư chứng khoán và doanh nghỉệp kinh doanh bảo hỉểm",Thông tư,15/08/2016,Hết hiệu lực một phần,"[""Admin"", ""Staff"", ""Guest""]"
112924_art_7,112924,"Điều 7. Thủ tục chấm dứt đầu tư gián tiếp ra nước ngoài 
 1. Trường hợp quỹ đầu tư chứng khoán, công ty đầu tư chứng khoán tự nguyện chấm dứt đầu tư gián tiếp ra nước ngoài, hồ sơ đề nghị chấm dứt đầu tư gián tiếp ra nước ngoài bao gồm: 
 a) Giấy đề nghị chấm dứt đầu tư gián tiếp ra nước ngoài theo mẫu quy định tại Phụ lục số 04 ban hành kèm theo Thông tư này; 
 b) Biên bản họp và nghị quyết của đại hội nhà đầu tư hoặc đại hội thành viên hoặc đại hội đồng cổ đông về việc chấm dứt đầu tư gián tiếp ra nước ngoài; 
 c) Tài liệu giải trình về việc chấm dứt hoạt động đầu tư gián tiếp ra nước ngoài, trong đó nêu rõ lý do chấm dứt, kết quả thực hiện đầu tư, khả năng thu hồi vốn đầu tư, thời hạn dự kiến chấm dứt hoạt động đầu tư, phương án tất toán các khoản đầu tư gián tiếp ra nước ngoài và các vấn đề liên quan. 
 2. Hồ sơ theo quy định tại khoản 1 Điều này được lập thành một (01) bộ, nộp trực tiếp hoặc gửi qua đường bưu điện đến Ủy ban Chứng khoán Nhà nước. 
 3. Trong thời hạn bảy (07) ngày làm việc kể từ ngày nhận được đầy đủ hồ sơ hợp lệ theo quy định tại khoản 1, khoản 2 Điều này, Ủy ban Chứng khoán Nhà nước ra văn bản chấm dứt đầu tư gián tiếp ra nước ngoài đối với quỹ đầu tư chứng khoán, công ty đầu tư chứng khoán , đồng thời gửi văn bản này đến Ngân hàng Nhà nước Việt Nam. 
 4. Quỹ đầu tư chứng khoán, công ty đầu tư chứng khoán bị buộc chấm dứt đầu tư gián tiếp ra nước ngoài trong các trường hợp sau: 
 a) Công ty quản lý quỹ quản lý quỹ đầu tư chứng khoán, công ty đầu tư chứng khoán đầu tư gián tiếp ra nước ngoài không còn đáp ứng quy định tại điểm d khoản 2",content.csv,"Thông tư số 105/2016/TT-BTC Hướng dẫn hoạt động đầu tư gián tiếp ra nước ngoài của tổ chức kinh doanh chứng khoán, quỹ đầu tư chứng khoán, công ty đầu tư chứng khoán và doanh nghỉệp kinh doanh bảo hỉểm",Thông tư,15/08/2016,Hết hiệu lực một phần,"[""Admin"", ""Staff"", ""Guest""]"
112924_art_8,112924,"Điều 8. Thủ tục cấp giấy chứng nhận đăng ký đầu tư gián tiếp ra nước ngoài 
 1. Hồ sơ đề nghị cấp giấy chứng nhận đăng ký đầu tư gián tiếp ra nước ngoài cho doanh nghiệp kinh doanh bảo hiểm bao gồm: 
 a) Giấy đề nghị cấp giấy chứng nhận đăng ký đầu tư gián tiếp ra nước ngoài theo mẫu quy định tại Phụ lục số 05 ban hành kèm theo Thông tư này; 
 b) Văn bản chấp thuận của cấp có thẩm quyền theo quy định tại Điều lệ của doanh nghiệp kinh doanh bảo hiểm thông qua việc doanh nghiệp thực hiện hoạt động đầu tư gián tiếp ra nước ngoài; 
 c) Phương án đầu tư gián tiếp ra nước ngoài, bao gồm nội dung về quốc gia dự kiến đầu tư, mức vốn dự kiến đầu tư, nguồn vốn đầu tư, tài sản dự kiến đầu tư, hiệu quả đầu tư dự kiến và các thông tin khác; 
 d) Văn bản của cơ quan thuế xác nhận đã thực hiện đầy đủ nghĩa vụ tài chính với Nhà nước Việt Nam, không còn nợ thuế với ngân sách nhà nước tính tới thời điểm nộp hồ sơ; 
 đ) Quy trình nội bộ về đầu tư gián tiếp ra nước ngoài, bao gồm nội dung về cơ chế kiểm soát nội bộ, kiểm toán nội bộ, nhận dạng và quản trị rủi ro liên quan đến hoạt động tự doanh đầu tư gián tiếp ra nước ngoài; 
 e) Bản thuyết minh cơ sở vật chất kỹ thuật phục vụ cho hoạt động đầu tư gián tiếp ra nước ngoài; 
 g) Bản sao chứng chỉ quốc tế CFA (Chartered Financial Analyst), hợp đồng lao động của tối thiểu một (01) cán bộ trực tiếp tham gia thực hiện hoạt động đầu tư của doanh nghiệp ; 
 h) Báo cáo về việc tuân thủ các quy định của pháp luật về quản lý và sử dụng vốn nhà nước (đối với doanh nghiệp kinh doanh bảo hiểm có sở hữu vốn nhà nước theo quy định của Luật Quản lý, sử dụng vốn nhà nước đầu tư vào sản xuất, kinh doanh tại doanh nghiệp) trong năm liền trước năm nộp hồ sơ. 
 2. Hồ sơ theo quy định tại khoản 1 Điều này được lập thành một (01) bộ, nộp trực tiếp hoặc gửi qua đường bưu điện đến Bộ Tài chính. 
 3. Trong thời hạn ba mươi (30) ngày kể từ ngày nhận được đầy đủ hồ sơ hợp lệ theo quy định tại khoản 1, khoản 2 Điều này, Bộ Tài chính cấp giấy chứng nhận đăng ký đầu tư gián tiếp ra nước ngoài cho doanh nghiệp kinh doanh bảo hiểm, đồng thời gửi giấy chứng nhận đến Ngân hàng Nhà nước Việt Nam. Trường hợp từ chối, Bộ Tài chính trả lời bằng văn bản và nêu rõ lý do. 
 4. Trong thời hạn hai mươi bốn (24) giờ kể từ khi giấy chứng nhận đăng ký đầu tư gián tiếp ra nước ngoài có hiệu lực , doanh nghiệp kinh doanh bảo hiểm công bố thông tin về giấy chứng nhận đăng ký đầu tư gián tiếp ra nước ngoài trên trang thông tin điện tử của mình.",content.csv,"Thông tư số 105/2016/TT-BTC Hướng dẫn hoạt động đầu tư gián tiếp ra nước ngoài của tổ chức kinh doanh chứng khoán, quỹ đầu tư chứng khoán, công ty đầu tư chứng khoán và doanh nghỉệp kinh doanh bảo hỉểm",Thông tư,15/08/2016,Hết hiệu lực một phần,"[""Admin"", ""Staff""]"
112924_art_9,112924,"Điều 9. Thủ tục thu hồi giấy chứng nhận đăng ký đầu tư gián tiếp ra nước ngoài 
 1. Trường hợp doanh nghiệp kinh doanh bảo hiểm tự nguyện đề nghị thu hồi giấy chứng nhận đăng ký đầu tư gián tiếp ra ngoài, hồ sơ đề nghị bao gồm: 
 a) Giấy đề nghị thu hồi giấy chứng nhận đăng ký đầu tư gián tiếp ra nước ngoài theo mẫu quy định tại Phụ lục số 06 ban hành kèm theo Thông tư này; 
 b) Văn bản chấp thuận của cấp có thẩm quyền theo quy định tại Điều lệ của doanh nghiệp kinh doanh bảo hiểm thông qua việc chấm dứt hoạt động đầu tư gián tiếp ra nước ngoài; 
 c) Tài liệu giải trình về việc chấm dứt hoạt động đầu tư gián tiếp ra nước ngoài, trong đó nêu rõ lý do chấm dứt, kết quả thực hiện đầu tư, khả năng thu hồi vốn đầu tư, thời hạn dự kiến chấm dứt hoạt động đầu tư, phương án tất toán các khoản đầu tư gián tiếp ra nước ngoài và các vấn đề liên quan; 
 d) Bản gốc giấy chứng nhận đăng ký đầu tư gián tiếp ra nước ngoài. 
 2. Hồ sơ theo quy định tại khoản 1 Điều này được lập thành một (01) bộ, nộp trực tiếp hoặc gửi qua đường bưu điện đến Bộ Tài chính. 
 3. Trong thời hạn bảy (07) ngày làm việc kể từ ngày nhận được đầy đủ hồ sơ hợp lệ theo quy định tại khoản 1, khoản 2 Điều này, Bộ Tài chính ra quyết định thu hồi giấy chứng nhận đăng ký đầu tư gián tiếp ra nước ngoài, đồng thời gửi quyết định đến Ngân hàng Nhà nước Việt Nam. 
 4. Doanh nghiệp kinh doanh bảo hiểm bị buộc thu hồi giấy chứng nhận đăng ký đầu tư gián tiếp ra nước ngoài trong các trường hợp sau: 
 a) Doanh nghiệp kinh doanh bảo hiểm không còn đáp ứng điểm d khoản 2",content.csv,"Thông tư số 105/2016/TT-BTC Hướng dẫn hoạt động đầu tư gián tiếp ra nước ngoài của tổ chức kinh doanh chứng khoán, quỹ đầu tư chứng khoán, công ty đầu tư chứng khoán và doanh nghỉệp kinh doanh bảo hỉểm",Thông tư,15/08/2016,Hết hiệu lực một phần,"[""Admin"", ""Staff"", ""Guest""]"
112924_art_10,112924,"Điều 10. Thủ tục cấp giấy chứng nhận đăng ký hoạt động nhận ủy thác đầu tư gián tiếp ra nước ngoài của công ty quản lý quỹ 
 1. Hồ sơ đề nghị cấp giấy chứng nhận đăng ký hoạt động nhận ủy thác đầu tư gián tiếp ra nước ngoài bao gồm: 
 a) Giấy đề nghị cấp giấy chứng nhận đăng ký hoạt động nhận ủy thác đầu tư gián tiếp ra nước ngoài theo mẫu quy định tại Phụ lục số 07 ban hành kèm theo Thông tư này; 
 b) Quy trình nội bộ về nhận ủy thác đầu tư gián tiếp ra nước ngoài, trong đó có nội dung về nhận dạng và quản trị rủi ro liên quan đến hoạt động nhận ủy thác đầu tư gián tiếp ra nước ngoài; 
 c) Tài liệu theo quy định tại điểm d, điểm e, điểm g khoản 1",content.csv,"Thông tư số 105/2016/TT-BTC Hướng dẫn hoạt động đầu tư gián tiếp ra nước ngoài của tổ chức kinh doanh chứng khoán, quỹ đầu tư chứng khoán, công ty đầu tư chứng khoán và doanh nghỉệp kinh doanh bảo hỉểm",Thông tư,15/08/2016,Hết hiệu lực một phần,"[""Admin"", ""Staff""]"
112924_art_11,112924,"Điều 11. Thủ tục thu hồi giấy chứng nhận đăng ký hoạt động nhận ủy thác đầu tư gián tiếp ra nước ngoài 
 1. Trường hợp công ty quản lý quỹ tự nguyện đề nghị thu hồi giấy chứng nhận đăng ký hoạt động nhận ủy thác đầu tư gián tiếp ra nước ngoài, hồ sơ đề nghị bao gồm: 
 a) Giấy đề nghị thu hồi giấy chứng nhận đăng ký hoạt động nhận ủy thác đầu tư gián tiếp ra nước ngoài theo mẫu quy định tại Phụ lục số 08 ban hành kèm theo Thông tư này; 
 b) Biên bản họp và nghị quyết của Đại hội đồng cổ đông hoặc hội đồng thành viên hoặc quyết định của chủ sở hữu thông qua việc chấm dứt hoạt động nhận ủy thác đầu tư gián tiếp ra nước ngoài; 
 c) Tài liệu giải trình về việc chấm dứt hoạt động nhận ủy thác đầu tư gián tiếp ra nước ngoài, trong đó nêu rõ lý do chấm dứt, kết quả thực hiện đầu tư, khả năng thu hồi vốn đầu tư, thời hạn dự kiến chấm dứt hoạt động nhận ủy thác đầu tư, phương án thanh lý các hợp đồng ủy thác đầu tư gián tiếp ra nước ngoài và các vấn đề liên quan; 
 d) Bản gốc giấy chứng nhận đăng ký hoạt động nhận ủy thác đầu tư gián tiếp ra nước ngoài. 
 2. Hồ sơ theo quy định tại khoản 1 Điều này được lập thành một (01) bộ, nộp trực tiếp hoặc gửi qua đường bưu điện đến Ủy ban Chứng khoán Nhà nước. 
 3. Trong thời hạn bảy (07) ngày làm việc kể từ ngày nhận được đầy đủ hồ sơ hợp lệ theo quy định tại khoản 1, khoản 2 Điều này, Ủy ban Chứng khoán Nhà nước ra quyết định thu hồi giấy chứng nhận đăng ký hoạt động nhận ủy thác đầu tư gián tiếp ra nước ngoài, đồng thời gửi quyết định đến Ngân hàng Nhà nước Việt Nam. 
 4. Công ty quản lý quỹ bị buộc thu hồi giấy chứng nhận đăng ký hoạt động nhận ủy thác đầu tư gián tiếp ra nước ngoài trong các trường hợp sau: 
 a) Không còn đáp ứng quy định tại điểm e khoản 2",content.csv,"Thông tư số 105/2016/TT-BTC Hướng dẫn hoạt động đầu tư gián tiếp ra nước ngoài của tổ chức kinh doanh chứng khoán, quỹ đầu tư chứng khoán, công ty đầu tư chứng khoán và doanh nghỉệp kinh doanh bảo hỉểm",Thông tư,15/08/2016,Hết hiệu lực một phần,"[""Admin"", ""Staff"", ""Guest""]"
112924_art_23,112924,Điều 23 Nghị định số 135/2015/NĐ-CP . Trong thời hạn ba mươi (30) ngày kể từ ngày hết thời hạn khắc phục theo quy định của pháp luật hiện hành mà công ty quản lý quỹ vẫn không đáp ứng điểm e khoản 2,content.csv,"Thông tư số 105/2016/TT-BTC Hướng dẫn hoạt động đầu tư gián tiếp ra nước ngoài của tổ chức kinh doanh chứng khoán, quỹ đầu tư chứng khoán, công ty đầu tư chứng khoán và doanh nghỉệp kinh doanh bảo hỉểm",Thông tư,15/08/2016,Hết hiệu lực một phần,"[""Admin"", ""Staff"", ""Guest""]"
112924_art_12,112924,"Điều 12. Quy định chung về tự doanh đầu tư gián tiếp ra nước ngoài 
 1. Doanh nghiệp kinh doanh bảo hiểm, tổ chức kinh doanh chứng khoán, quỹ đầu tư chứng khoán, công ty đầu tư chứng khoán thực hiện đầu tư gián tiếp ra nước ngoài theo quy định của pháp luật về đầu tư và pháp luật ngân hàng sau khi Bộ Tài chính, Ủy ban Chứng khoán Nhà nước cấp giấy chứng nhận đăng ký đầu tư gián tiếp ra nước ngoài, văn bản chấp thuận cho phép đầu tư gián tiếp ra nước ngoài và Ngân hàng Nhà nước Việt Nam cấp văn bản xác nhận đăng ký hạn mức tự doanh. 
 2. Tổ chức kinh doanh chứng khoán, quỹ đầu tư chứng khoán, c ông ty đầu tư chứng khoán, doanh nghiệp kinh doanh bảo hiểm thực hiện đăng ký hạn mức tự doanh đầu tư gián tiếp ra nước ngoài theo quy định của Ngân hàng Nhà nước Việt Nam. 
 3. Tổ chức tự doanh có vốn đầu tư nước ngoài (thuộc đối tượng quy định tại khoản 1",content.csv,"Thông tư số 105/2016/TT-BTC Hướng dẫn hoạt động đầu tư gián tiếp ra nước ngoài của tổ chức kinh doanh chứng khoán, quỹ đầu tư chứng khoán, công ty đầu tư chứng khoán và doanh nghỉệp kinh doanh bảo hỉểm",Thông tư,15/08/2016,Hết hiệu lực một phần,"[""Admin"", ""Staff""]"
112924_art_13,112924,"Điều 13. Tỷ lệ đầu tư an toàn của công ty chứng khoán 
 1. Chỉ công ty chứng khoán được cấp phép thực hiện nghiệp vụ tự doanh chứng khoán mới được đầu tư hoặc ủy thác đầu tư gián tiếp ra nước ngoài (không bao gồm trường hợp quy định tại khoản 4",content.csv,"Thông tư số 105/2016/TT-BTC Hướng dẫn hoạt động đầu tư gián tiếp ra nước ngoài của tổ chức kinh doanh chứng khoán, quỹ đầu tư chứng khoán, công ty đầu tư chứng khoán và doanh nghỉệp kinh doanh bảo hỉểm",Thông tư,15/08/2016,Hết hiệu lực một phần,"[""Admin"", ""Staff"", ""Guest""]"
112924_art_19,112924,"Điều 19 Nghị định số 135/2015/NĐ-CP ). Việc đầu tư gián tiếp do công ty chứng khoán hoặc chi nhánh của mình tại nước ngoài (nếu có) thực hiện. 
 2. Công ty chứng khoán quy định tại khoản 1 Điều này được đầu tư, ủy thác đầu tư vào các loại công cụ đầu tư do Ngân hàng Nhà nước Việt Nam quy định và: 
 a) Không được vượt quá hạn mức tự doanh đăng ký đã được Ngân hàng Nhà nước Việt Nam xác nhận. 
 b) Trường hợp phát sinh khoản đầu tư gián tiếp ra nước ngoài, tổng mức đầu tư, ủy thác đầu tư gián tiếp ra nước ngoài không quá ba mươi phần trăm (30%) vốn chủ sở hữu tính theo báo cáo tài chính đã được kiểm toán hoặc soát xét gần nhất với thời điểm đầu tư và các hạn chế đầu tư, tỷ lệ đầu tư theo quy định pháp luật về hướng dẫn thành lập và hoạt động công ty chứng khoán được xác định trong trường hợp này bao gồm đầu tư trong nước và nước ngoài.",content.csv,"Thông tư số 105/2016/TT-BTC Hướng dẫn hoạt động đầu tư gián tiếp ra nước ngoài của tổ chức kinh doanh chứng khoán, quỹ đầu tư chứng khoán, công ty đầu tư chứng khoán và doanh nghỉệp kinh doanh bảo hỉểm",Thông tư,15/08/2016,Hết hiệu lực một phần,"[""Admin"", ""Staff""]"
112924_art_15,112924,"Điều 15. Tỷ lệ đầu tư an toàn của quỹ đầu tư chứng khoán, công ty đầu tư chứng khoán 
 1. Quỹ đầu tư chứng khoán, công ty đầu tư chứng khoán chỉ được đầu tư gián tiếp ra nước ngoài vào các công cụ đầu tư quy định tại điều lệ quỹ đầu tư chứng khoán, công ty đầu tư chứng khoán và phù hợp với quy định của Ngân hàng Nhà nước Việt Nam. 
 2. Quỹ đầu tư chứng khoán, công ty đầu tư chứng được phép đầu tư tối đa hai mươi phần trăm (20%) giá trị tài sản ròng tại báo cáo hoạt động đầu tư gần nhất và không vượt quá hạn mức tự doanh đăng ký đã được Ngân hàng Nhà nước Việt Nam xác nhận. 
 3. Cơ cấu đầu tư gián tiếp ra nước ngoài, hạn mức đầu tư gián tiếp ra nước ngoài, điều chỉnh hạn mức đầu tư gián tiếp ra nước ngoài của quỹ đầu tư chứng khoán, công ty đầu tư chứng khoán phải tuân thủ quy định về cơ cấu đầu tư, hạn mức đầu tư, điều chỉnh hạn mức đầu tư theo các quy định của pháp luật về thành lập và quản lý quỹ đầu tư chứng khoán và quy định của pháp luật về thành lập, tổ chức hoạt động và quản lý công ty đầu tư chứng khoán.",content.csv,"Thông tư số 105/2016/TT-BTC Hướng dẫn hoạt động đầu tư gián tiếp ra nước ngoài của tổ chức kinh doanh chứng khoán, quỹ đầu tư chứng khoán, công ty đầu tư chứng khoán và doanh nghỉệp kinh doanh bảo hỉểm",Thông tư,15/08/2016,Hết hiệu lực một phần,"[""Admin"", ""Staff""]"
112924_art_16,112924,"Điều 16. Tỷ lệ đầu tư an toàn của doanh nghiệp kinh doanh bảo hiểm 
 1. Doanh nghiệp kinh doanh bảo hiểm được phép đầu tư gián tiếp ra nước ngoài từ nguồn vốn chủ sở hữu theo quy định của pháp luật. Trong mọi trường hợp, tổng số tiền đầu tư gián tiếp ra nước ngoài không được vượt quá giá trị được xác định bằng vốn chủ sở hữu trừ đi: - Số lớn hơn giữa vốn pháp định và biên khả năng thanh toán tối thiểu; và - Số tiền đã đầu tư trực tiếp ra nước ngoài (nếu có). 
 2. Doanh nghiệp kinh doanh bảo hiểm được tự doanh đầu tư vào các loại công cụ đầu tư do Ngân hàng Nhà nước Việt Nam quy định nhưng không quá 5% tổng số chứng khoán đang lưu hành của một tổ chức nước ngoài (trừ trái phiếu chính phủ nước ngoài) và không vượt quá hạn mức tự doanh đăng ký đã được Ngân hàng Nhà nước Việt Nam xác nhận. 
 3. Hàng quý, căn cứ vào tình hình tài chính, doanh nghiệp kinh doanh bảo hiểm phải đánh giá lại hoạt động đầu tư gián tiếp ra nước ngoài của mình. Trường hợp tỷ lệ đầu tư của doanh nghiệp chưa đáp ứng quy định tại khoản 1, khoản 2 Điều này, doanh nghiệp phải thực hiện các biện pháp cần thiết để tuân thủ hạn mức đầu tư theo quy định trong thời hạn ba (03) tháng kể từ ngày kết thúc quý. 
 Mục 2 NHẬN ỦY THÁC ĐẦU TƯ GIÁN TIẾP RA NƯỚC NGOÀI",content.csv,"Thông tư số 105/2016/TT-BTC Hướng dẫn hoạt động đầu tư gián tiếp ra nước ngoài của tổ chức kinh doanh chứng khoán, quỹ đầu tư chứng khoán, công ty đầu tư chứng khoán và doanh nghỉệp kinh doanh bảo hỉểm",Thông tư,15/08/2016,Hết hiệu lực một phần,"[""Admin"", ""Staff""]"
112924_art_17,112924,"Điều 17. Quy định chung về nhận ủy thác đầu tư gián tiếp ra nước ngoài 
 1. Công ty quản lý quỹ thực hiện đăng ký hạn mức nhận ủy thác đầu tư gián tiếp ra nước ngoài theo quy định của Ngân hàng Nhà nước Việt Nam. 
 2. Công ty quản lý quỹ thực hiện nhận ủy thác đầu tư gián tiếp ra nước ngoài theo quy định của pháp luật về đầu tư và pháp luật ngân hàng sau khi Ủy ban Chứng khoán Nhà nước cấp giấy chứng nhận đăng ký hoạt động nhận ủy thác đầu tư gián tiếp ra nước ngoài và Ngân hàng Nhà nước Việt Nam cấp văn bản xác nhận đăng ký hạn mức nhận ủy thác. 
 3. Khi thực hiện nhận ủy thác đầu tư gián tiếp ra nước ngoài, công ty quản lý quỹ và tổ chức ủy thác phải lập hợp đồng, tách biệt với hợp đồng ủy thác đầu tư trong nước; công ty quản lý quỹ có trách nhiệm đảm bảo tổ chức ủy thác đáp ứng các điều kiện theo quy định tại",content.csv,"Thông tư số 105/2016/TT-BTC Hướng dẫn hoạt động đầu tư gián tiếp ra nước ngoài của tổ chức kinh doanh chứng khoán, quỹ đầu tư chứng khoán, công ty đầu tư chứng khoán và doanh nghỉệp kinh doanh bảo hỉểm",Thông tư,15/08/2016,Hết hiệu lực một phần,"[""Admin"", ""Staff""]"
112924_art_20,112924,"Điều 20 Nghị định số 135/2015/NĐ-CP . Hợp đồng ủy thác đầu tư quy định số tiền ủy thác, thời hạn ủy thác, công cụ đầu tư, quyền, nghĩa vụ của các bên và phù hợp với quy định pháp luật hiện hành. Hợp đồng ủy thác đầu tư quy định rõ thời hạn thanh lý hợp đồng khi công ty quản lý quỹ bị buộc thu hồi giấy chứng nhận đăng ký hoạt động nhận ủy thác đầu tư gián tiếp ra nước ngoài. 
 4. Tổ chức ủy thác phải đáp ứng quy định về nguồn vốn đầu tư gián tiếp ra nước ngoài theo quy định tại",content.csv,"Thông tư số 105/2016/TT-BTC Hướng dẫn hoạt động đầu tư gián tiếp ra nước ngoài của tổ chức kinh doanh chứng khoán, quỹ đầu tư chứng khoán, công ty đầu tư chứng khoán và doanh nghỉệp kinh doanh bảo hỉểm",Thông tư,15/08/2016,Hết hiệu lực một phần,"[""Admin"", ""Staff"", ""Guest""]"
112924_art_22,112924,"Điều 22 Nghị định số 135/2015/NĐ-CP . 
 6. Công ty quản lý quỹ ký hợp đồng lưu ký với tổ chức lưu ký tại nước ngoài được phép cung cấp dịch vụ lưu ký theo quy định của pháp luật nước ngoài. Công ty quản lý quỹ có thể ký hợp đồng với ngân hàng lưu ký tại Việt Nam để lưu ký tài sản đầu tư gián tiếp ra nước ngoài của tổ chức ủy thác. Ngân hàng lưu ký tại Việt Nam được ủy quyền cho tổ chức lưu ký tại nước ngoài để lưu ký tài sản đầu tư gián tiếp ra nước ngoài của tổ chức ủy thác và phải chịu hoàn toàn trách nhiệm về hoạt động lưu ký đã ủy quyền. 
 7. Trong thời hạn năm (05) ngày làm việc kể từ ngày công ty quản lý quỹ ký hợp đồng lưu ký với tổ chức lưu ký tại nước ngoài, ngân hàng lưu ký tại Việt Nam ký hợp đồng ủy quyền lưu ký với tổ chức lưu ký tại nước ngoài, hoặc khi thay đổi tổ chức lưu ký tại nước ngoài, công ty quản lý quỹ thông báo cho Ủy ban Chứng khoán Nhà nước kèm theo hợp đồng lưu ký, hợp đồng ủy quyền lưu ký, bản sao giấy chứng nhận đăng ký hoạt động lưu ký chứng khoán hoặc tài liệu tương đương của tổ chức lưu ký tại nước ngoài. 
 8. Hoạt động lưu ký, hoạt động ủy quyền lưu ký tài sản đầu tư gián tiếp ra nước ngoài phải tuân thủ quy định của pháp luật về thành lập, tổ chức và hoạt động công ty quản lý quỹ và quy định của pháp luật có liên quan. 
 Chương V CUNG CẤP THÔNG TIN, NGHĨA VỤ BÁO CÁO",content.csv,"Thông tư số 105/2016/TT-BTC Hướng dẫn hoạt động đầu tư gián tiếp ra nước ngoài của tổ chức kinh doanh chứng khoán, quỹ đầu tư chứng khoán, công ty đầu tư chứng khoán và doanh nghỉệp kinh doanh bảo hỉểm",Thông tư,15/08/2016,Hết hiệu lực một phần,"[""Admin"", ""Staff"", ""Guest""]"
112924_art_18,112924,"Điều 18. Cung cấp thông tin của công ty quản lý quỹ 
 1. Công ty quản lý quỹ phải cung cấp cho nhà đầu tư bản cáo bạch, bản cáo bạch tóm tắt trong đó có nội dung về các rủi ro đối với quỹ đầu tư chứng khoán, công ty đầu tư chứng khoán khi đầu tư gián tiếp ra nước ngoài, trách nhiệm của ngân hàng lưu ký, ngân hàng giám sát tại Việt Nam đối với hoạt động đầu tư gián tiếp ra nước ngoài, danh mục đầu tư, cơ cấu đầu tư gián tiếp ra nước ngoài của quỹ đầu tư chứng khoán, công ty đầu tư chứng khoán. 
 2. Trường hợp tổ chức ủy thác có yêu cầu, công ty quản lý quỹ phải cung cấp quy trình quản trị rủi ro, nêu rõ các hạn chế đầu tư, phương pháp phòng ngừa và quản lý rủi ro mà công ty sử dụng để quản lý tài sản của tổ chức ủy thác ở nước ngoài. 
 3. Đối với tổ chức ủy thác, công ty quản lý quỹ có trách nhiệm: 
 a) Cung cấp hợp đồng lưu ký và các tài liệu đính kèm hợp đồng ủy thác đầu tư gián tiếp ra nước ngoài; 
 b) Báo cáo định kỳ hàng tháng về tình hình danh mục đầu tư theo quy định của pháp luật về thành lập, tổ chức và hoạt động công ty quản lý quỹ; 
 c) Cung cấp sao kê tài khoản danh mục đầu tư, sao kê giao dịch có xác nhận của tổ chức lưu ký, các thông tin về hoạt động quản lý đầu tư và giải đáp mọi thắc mắc theo yêu cầu của khách hàng. 
 4. Khi có yêu cầu, công ty quản lý quỹ có trách nhiệm cung cấp cho Ủy ban Chứng khoán Nhà nước hợp đồng ủy thác đầu tư kèm theo các tài liệu liên quan đến tổ chức ủy thác đầu tư như sau: 
 a) Bản sao Báo cáo tài chính đã được kiểm toán trong năm (05) năm liên tục liền trước năm thực hiện ủy thác đầu tư gián tiếp ra nước ngoài theo quy định tại khoản 1",content.csv,"Thông tư số 105/2016/TT-BTC Hướng dẫn hoạt động đầu tư gián tiếp ra nước ngoài của tổ chức kinh doanh chứng khoán, quỹ đầu tư chứng khoán, công ty đầu tư chứng khoán và doanh nghỉệp kinh doanh bảo hỉểm",Thông tư,15/08/2016,Hết hiệu lực một phần,"[""Admin"", ""Staff""]"
112924_art_21,112924,"Điều 21. Tổ chức thực hiện 
 1. Bộ Tài chính, Ủy ban Chứng khoán Nhà nước, các tổ chức kinh doanh chứng khoán, quỹ đầu tư chứng khoán, công ty đầu tư chứng khoán, doanh nghiệp kinh doanh bảo hiểm và các tổ chức, cá nhân có liên quan có trách nhiệm tổ chức thực hiện Thông tư này. 
 2. Việc sửa đổi, bổ sung Thông tư này do Bộ trưởng Bộ Tài chính quyết định./. 
 
 
 
 
 KT. BỘ TRƯỞNG 
 THỨ TRƯỞNG 
 
 
 (Đã ký) 
 
 
 Trần Xuân Hà",content.csv,"Thông tư số 105/2016/TT-BTC Hướng dẫn hoạt động đầu tư gián tiếp ra nước ngoài của tổ chức kinh doanh chứng khoán, quỹ đầu tư chứng khoán, công ty đầu tư chứng khoán và doanh nghỉệp kinh doanh bảo hỉểm",Thông tư,15/08/2016,Hết hiệu lực một phần,"[""Admin"", ""Staff"", ""Guest""]"
166269_chunk_1,166269,"QUỐC HỘI
 
 
 
 
 
 CỘNG HÒA XÃ HỘI CHỦ NGHĨA VIỆT NAM
 
 
 Độc lập – Tự do – Hạnh phúc
 
 
 
 
 
 
 Số: 17/2023/QH15
 
 
 Ngày 20 tháng 6 năm 2023
 
 
 
 LUẬT 
 HỢP TÁC XÃ 
 &nbsp;____________ 
 Căn cứ Hiến pháp nước Cộng hòa xã hội chủ nghĩa Việt Nam; 
 Quốc hội ban hành Luật Hợp tác xã. 
 Chương I 
 NHỮNG QUY ĐỊNH CHUNG",content.csv,Luật Hợp tác xã số 17/2023/QH15,Luật,01/07/2024,Còn hiệu lực,"[""Admin"", ""Staff"", ""Guest""]"
166269_art_1,166269,"Điều 1. Phạm vi điều chỉnh 
 Luật này quy định về thành lập, tổ chức quản lý, tổ chức lại, giải thể, phá sản và hoạt động có liên quan của tổ hợp tác, hợp tác xã, liên hiệp hợp tác xã; chính sách của Nhà nước về phát triển tổ hợp tác, hợp tác xã, liên hiệp hợp tác xã.",content.csv,Luật Hợp tác xã số 17/2023/QH15,Luật,01/07/2024,Còn hiệu lực,"[""Admin"", ""Staff"", ""Guest""]"
166269_art_2,166269,"Điều 2. Đối tượng áp dụng 
 1. Tổ hợp tác, hợp tác xã, liên hiệp hợp tác xã. 
 2. Thành viên của tổ hợp tác, hợp tác xã, liên hiệp hợp tác xã. 
 3. Cơ quan, tổ chức, cá nhân có liên quan đến thành lập, tổ chức quản lý, tổ chức lại, giải thể, phá sản và hoạt động có liên quan của tổ hợp tác, hợp tác xã, liên hiệp hợp tác xã.",content.csv,Luật Hợp tác xã số 17/2023/QH15,Luật,01/07/2024,Còn hiệu lực,"[""Admin"", ""Staff"", ""Guest""]"
166269_art_3,166269,"Điều 3. Áp dụng Luật Hợp tác xã và luật khác 
 Trường hợp luật khác có quy định đặc thù về thành lập, tổ chức quản lý, tổ chức lại, giải thể, phá sản và hoạt động có liên quan của tổ hợp tác, hợp tác xã, liên hiệp hợp tác xã thì áp dụng theo quy định của luật đó.",content.csv,Luật Hợp tác xã số 17/2023/QH15,Luật,01/07/2024,Còn hiệu lực,"[""Admin"", ""Staff"", ""Guest""]"
166269_art_4,166269,"Điều 4. Giải thích từ ngữ 
 Trong Luật này, các từ ngữ dưới đây được hiểu như sau: 
 1. Giao dịch nội bộ là việc cung cấp sản phẩm, dịch vụ bao gồm cả dịch vụ tạo việc làm và hoạt động cho vay nội bộ của hợp tác xã, liên hiệp hợp tác xã cho thành viên chính thức theo thỏa thuận bằng văn bản. 
 2. Giao dịch bên ngoài là giao dịch của hợp tác xã, liên hiệp hợp tác xã không thuộc giao dịch nội bộ. 
 3. Giấy chứng nhận đăng ký hợp tác xã là văn bản bằng bản giấy hoặc bản điện tử ghi thông tin về đăng ký hợp tác xã, liên hiệp hợp tác xã do cơ quan đăng ký kinh doanh cấp cho hợp tác xã, liên hiệp hợp tác xã. 
 4. Giấy chứng nhận đăng ký tổ hợp tác là văn bản bằng bản giấy hoặc bản điện tử ghi thông tin về đăng ký tổ hợp tác do cơ quan đăng ký kinh doanh cấp. 
 5. Góp sức lao động là việc thành viên trực tiếp tham gia quản lý, lao động theo thỏa thuận tại tổ hợp tác, hợp tác xã, liên hiệp hợp tác xã. 
 6. Góp vốn là việc thành viên góp tài sản để tạo thành vốn điều lệ khi thành lập hợp tác xã, liên hiệp hợp tác xã hoặc để bổ sung vốn điều lệ của hợp tác xã, liên hiệp hợp tác xã đã được thành lập hoặc để tạo thành tài sản chung của các thành viên tổ hợp tác. 
 7. Hợp tác xã là tổ chức có tư cách pháp nhân do ít nhất 05 thành viên chính thức tự nguyện thành lập, hợp tác tương trợ trong sản xuất, kinh doanh, tạo việc làm nhằm đáp ứng nhu cầu chung về kinh tế, văn hóa, xã hội của thành viên, góp phần xây dựng cộng đồng xã hội phát triển bền vững; thực hiện quản trị tự chủ, tự chịu trách nhiệm, bình đẳng và dân chủ. 
 8. Liên hiệp hợp tác xã là tổ chức có tư cách pháp nhân do ít nhất 03 hợp tác xã là thành viên chính thức tự nguyện thành lập, hợp tác tương trợ trong sản xuất, kinh doanh, tạo việc làm nhằm mở rộng quy mô sản xuất, kinh doanh, nâng cao năng lực tham gia thị trường, góp phần xây dựng cộng đồng xã hội phát triển bền vững; thực hiện quản trị tự chủ, tự chịu trách nhiệm, bình đẳng và dân chủ. 
 9. Mức độ sử dụng sản phẩm, dịch vụ của thành viên là tỷ lệ giá trị sản phẩm, dịch vụ mà từng thành viên sử dụng trên tổng giá trị sản phẩm, dịch vụ do hợp tác xã, liên hiệp hợp tác xã cung ứng cho tất cả thành viên. 
 10. Mức độ góp sức lao động của thành viên được đo bằng tỷ lệ tiền lương, tiền công hoặc thù lao của từng thành viên trên tổng tiền lương, tiền công và thù lao của tất cả thành viên. 
 11. Người có quan hệ gia đình bao gồm vợ, chồng, bố đẻ, mẹ đẻ, bố nuôi, mẹ nuôi, bố chồng, mẹ chồng, bố vợ, mẹ vợ, con đẻ, con nuôi, con rể, con dâu, anh ruột, chị ruột, em ruột, anh rể, em rể, chị dâu, em dâu, anh ruột của vợ, anh ruột của chồng, chị ruột của vợ, chị ruột của chồng, em ruột của vợ, em ruột của chồng. 
 12. Phần vốn góp là giá trị tài sản góp vốn mà một thành viên đã góp hoặc cam kết góp vào vốn điều lệ của hợp tác xã, liên hiệp hợp tác xã hoặc giá trị tài sản mà thành viên đã góp hoặc cam kết góp vào tổ hợp tác theo quy định tại hợp đồng hợp tác. 
 13. Quỹ chung không chia là quỹ của hợp tác xã, liên hiệp hợp tác xã không chia cho thành viên trong quá trình hoạt động. 
 14. Tài sản chung không chia là tài sản của hợp tác xã, liên hiệp hợp tác xã không chia cho thành viên trong quá trình hoạt động. 
 15. Tài sản chung được chia là tài sản của hợp tác xã, liên hiệp hợp tác xã được chia cho thành viên. 
 16. Thành viên bao gồm thành viên chính thức, thành viên liên kết góp vốn và thành viên liên kết không góp vốn của hợp tác xã, liên hiệp hợp tác xã hoặc thành viên của tổ hợp tác. 
 17. Thành viên chính thức bao gồm: 
 a) Thành viên góp vốn và sử dụng sản phẩm, dịch vụ của hợp tác xã, liên hiệp hợp tác xã; 
 b) Thành viên góp vốn và góp sức lao động vào hợp tác xã, liên hiệp hợp tác xã; 
 c) Thành viên góp vốn, sử dụng sản phẩm, dịch vụ và góp sức lao động vào hợp tác xã, liên hiệp hợp tác xã. 
 18. Thành viên liên kết góp vốn là thành viên chỉ góp vốn, không sử dụng sản phẩm, dịch vụ của hợp tác xã, liên hiệp hợp tác xã và không góp sức lao động vào hợp tác xã, liên hiệp hợp tác xã. 
 19. Thành viên liên kết không góp vốn bao gồm: 
 a) Thành viên không góp vốn, chỉ sử dụng sản phẩm, dịch vụ của hợp tác xã, liên hiệp hợp tác xã; 
 b) Thành viên không góp vốn, chỉ góp sức lao động vào hợp tác xã, liên hiệp hợp tác xã; 
 c) Thành viên không góp vốn, chỉ sử dụng sản phẩm, dịch vụ của hợp tác xã, liên hiệp hợp tác xã và góp sức lao động vào hợp tác xã, liên hiệp hợp tác xã. 
 20. Tổ chức lại hợp tác xã, liên hiệp hợp tác xã là việc chia, tách, hợp nhất, sáp nhập hợp tác xã, liên hiệp hợp tác xã. 
 21. Tổ hợp tác là tổ chức không có tư cách pháp nhân, được hình thành trên cơ sở hợp đồng hợp tác do ít nhất 02 thành viên tự nguyện thành lập, cùng góp vốn, góp sức lao động để thực hiện những công việc nhất định, cùng hưởng lợi và cùng chịu trách nhiệm. 
 22. Tỷ lệ giá trị giao dịch nội bộ là tỷ lệ doanh thu của giao dịch nội bộ so với tổng doanh thu của hợp tác xã, liên hiệp hợp tác xã hoặc tỷ lệ chi phí của giao dịch nội bộ so với tổng chi phí của hợp tác xã, liên hiệp hợp tác xã trong một năm tài chính. 
 23. Tỷ lệ phần vốn góp là tỷ lệ giữa phần vốn góp của một thành viên và vốn điều lệ của hợp tác xã, liên hiệp hợp tác xã hoặc tỷ lệ giữa phần vốn góp của một thành viên tổ hợp tác và tổng giá trị phần vốn góp của các thành viên tổ hợp tác. 
 24. Vốn điều lệ là tổng giá trị tài sản do thành viên chính thức và thành viên liên kết góp vốn đã góp hoặc cam kết góp khi thành lập hoặc trong quá trình hoạt động của hợp tác xã, liên hiệp hợp tác xã. 
 25. Vốn góp tối thiểu là mức vốn góp thấp nhất mà cá nhân, tổ chức phải góp vào vốn điều lệ để trở thành thành viên chính thức, thành viên liên kết góp vốn của hợp tác xã, liên hiệp hợp tác xã. 
 26. Vốn góp tối đa là mức vốn góp cao nhất mà cá nhân, tổ chức được góp vào vốn điều lệ của hợp tác xã, liên hiệp hợp tác xã.",content.csv,Luật Hợp tác xã số 17/2023/QH15,Luật,01/07/2024,Còn hiệu lực,"[""Admin"", ""Staff""]"
166269_art_5,166269,"Điều 5. Bảo đảm của Nhà nước đối với tổ hợp tác, hợp tác xã, liên hiệp hợp tác xã và thành viên 
 1. Công nhận và bảo hộ quyền sở hữu tài sản, vốn, thu nhập, quyền và lợi ích hợp pháp khác của tổ hợp tác, hợp tác xã, liên hiệp hợp tác xã và thành viên. Nhà nước trưng mua hoặc trưng dụng tài sản của tổ hợp tác, hợp tác xã, liên hiệp hợp tác xã theo quy định của pháp luật về trưng mua, trưng dụng tài sản. 
 2. Bảo đảm môi trường đầu tư kinh doanh bình đẳng giữa tổ hợp tác, hợp tác xã, liên hiệp hợp tác xã với các loại hình doanh nghiệp và tổ chức kinh tế khác. 
 3. Bảo đảm quyền tự chủ, tự chịu trách nhiệm trong tổ chức, hoạt động, sản xuất, kinh doanh và không can thiệp vào hoạt động hợp pháp của tổ hợp tác, hợp tác xã, liên hiệp hợp tác xã.",content.csv,Luật Hợp tác xã số 17/2023/QH15,Luật,01/07/2024,Còn hiệu lực,"[""Admin"", ""Staff"", ""Guest""]"
166269_art_6,166269,"Điều 6. Tổ chức chính trị, tổ chức chính trị - xã hội trong tổ hợp tác, hợp tác xã, liên hiệp hợp tác xã 
 1. Tổ chức chính trị, tổ chức chính trị - xã hội trong tổ hợp tác, hợp tác xã, liên hiệp hợp tác xã hoạt động trong khuôn khổ Hiến pháp, pháp luật và Điều lệ của tổ chức. 
 2. Tổ hợp tác, hợp tác xã, liên hiệp hợp tác xã có trách nhiệm tạo điều kiện thuận lợi để thành viên, người lao động thành lập và tham gia các tổ chức quy định tại khoản 1 Điều này.",content.csv,Luật Hợp tác xã số 17/2023/QH15,Luật,01/07/2024,Còn hiệu lực,"[""Admin"", ""Staff"", ""Guest""]"
166269_art_7,166269,"Điều 7. Hành vi bị nghiêm cấm liên quan đến tổ hợp tác, hợp tác xã, liên hiệp hợp tác xã 
 1. Đối với cơ quan quản lý nhà nước: 
 a) Cấp Giấy chứng nhận đăng ký hợp tác xã, Giấy chứng nhận đăng ký tổ hợp tác trong trường hợp không đủ điều kiện; từ chối cấp Giấy chứng nhận đăng ký hợp tác xã, Giấy chứng nhận đăng ký tổ hợp tác trong trường hợp đủ điều kiện theo quy định của Luật này; 
 b) Cản trở việc thực hiện các quyền, nghĩa vụ hợp pháp của tổ hợp tác, hợp tác xã, liên hiệp hợp tác xã, thành viên theo quy định của Luật này; 
 c) Hỗ trợ, ưu đãi cho tổ hợp tác, hợp tác xã, liên hiệp hợp tác xã không đúng nguyên tắc, đối tượng, thẩm quyền, nội dung, trình tự, thủ tục theo quy định của pháp luật; 
 d) Lợi dụng quyền hạn để làm trái với các quy định của pháp luật về hỗ trợ, ưu đãi cho tổ hợp tác, hợp tác xã, liên hiệp hợp tác xã; 
 đ) Gây chậm trễ, phiền hà, cản trở, sách nhiễu tổ hợp tác, hợp tác xã, liên hiệp hợp tác xã, tổ chức, cá nhân có liên quan trong đăng ký, hoạt động và thực hiện hỗ trợ tổ hợp tác, hợp tác xã, liên hiệp hợp tác xã; 
 e) Cố ý báo cáo, cung cấp thông tin sai lệch, không trung thực liên quan đến hỗ trợ, ưu đãi cho tổ hợp tác, hợp tác xã, liên hiệp hợp tác xã. 
 2. Đối với tổ hợp tác, hợp tác xã, liên hiệp hợp tác xã: 
 a) Hoạt động không có giấy chứng nhận đăng ký theo quy định của Luật này; hoạt động khi không đủ điều kiện theo quy định của Luật này và pháp luật có liên quan; 
 b) Kê khai không trung thực, không chính xác nội dung hồ sơ đăng ký tổ hợp tác, hợp tác xã, liên hiệp hợp tác xã; 
 c) Thực hiện không đúng các nguyên tắc tổ chức, quản lý và hoạt động theo quy định của Luật này; 
 d) Cung cấp thông tin giả mạo, không trung thực, làm giả giấy tờ để trục lợi; 
 đ) Sử dụng nguồn lực hỗ trợ không đúng mục đích đã cam kết. 
 3. Đối với thành viên của tổ hợp tác, hợp tác xã, liên hiệp hợp tác xã: 
 a) Lợi dụng chức vụ, quyền hạn vì lợi ích cá nhân hoặc của một nhóm thành viên; 
 b) Cung cấp thông tin không trung thực cho tổ hợp tác, hợp tác xã, liên hiệp hợp tác xã.",content.csv,Luật Hợp tác xã số 17/2023/QH15,Luật,01/07/2024,Còn hiệu lực,"[""Admin"", ""Staff"", ""Guest""]"
166269_art_8,166269,"Điều 8. Nguyên tắc tổ chức, quản lý và hoạt động của tổ hợp tác, hợp tác xã, liên hiệp hợp tác xã 
 1. Tự nguyện tham gia và mở rộng kết nạp thành viên. Cá nhân, tổ chức tự nguyện thành lập, gia nhập, ra khỏi tổ hợp tác, hợp tác xã, liên hiệp hợp tác xã. Tổ hợp tác, hợp tác xã, liên hiệp hợp tác xã coi trọng lợi ích của thành viên, mở rộng kết nạp thành viên; không phân biệt giới tính, địa vị xã hội, dân tộc hoặc tôn giáo đối với mọi cá nhân tham gia. 
 2. Dân chủ, bình đẳng trong tổ chức, quản lý. Thành viên tổ hợp tác có quyền dân chủ trong việc quyết định tổ chức và hoạt động của tổ hợp tác. Thành viên chính thức của hợp tác xã, liên hiệp hợp tác xã được tham gia vào công việc tổ chức, quản lý và hoạt động của hợp tác xã, liên hiệp hợp tác xã một cách dân chủ, bình đẳng, không phụ thuộc vào phần vốn góp. 
 3. Trách nhiệm tham gia hoạt động kinh tế của thành viên hợp tác xã, liên hiệp hợp tác xã. Thành viên chính thức góp vốn khi gia nhập và được cùng kiểm soát vốn, quỹ và tài sản của hợp tác xã, liên hiệp hợp tác xã; được phân phối thu nhập chủ yếu theo mức độ sử dụng sản phẩm, dịch vụ hoặc mức độ đóng góp sức lao động. 
 4. Tự chủ và tự chịu trách nhiệm. Tổ hợp tác, hợp tác xã, liên hiệp hợp tác xã tự chủ, tự chịu trách nhiệm về hoạt động của mình trước Hiến pháp và pháp luật. 
 5. Chú trọng giáo dục, đào tạo và thông tin. Tổ hợp tác, hợp tác xã, liên hiệp hợp tác xã chú trọng tuyên truyền chủ trương, đường lối của Đảng, chính sách, pháp luật của Nhà nước về phát triển kinh tế tập thể cho thành viên, người dân, tầng lớp thanh niên; thường xuyên giáo dục, đào tạo, bồi dưỡng, nâng cao trình độ, tay nghề kỹ thuật cho thành viên, người lao động; cung cấp thông tin đầy đủ, chính xác, kịp thời cho các thành viên. 
 6. Tăng cường hợp tác, liên kết. Các thành viên hợp tác, liên kết, tương trợ lẫn nhau, hướng đến làm giàu cho thành viên và tập thể. Khuyến khích các tổ hợp tác tham gia thành lập hợp tác xã; các hợp tác xã cùng hợp tác để thành lập liên hiệp hợp tác xã nhằm nâng cao năng lực tham gia chuỗi sản xuất, tiêu thụ sản phẩm, dịch vụ. Khuyến khích tổ hợp tác, hợp tác xã, liên hiệp hợp tác xã cùng hợp tác hình thành và tham gia tổ chức đại diện, hệ thống Liên minh hợp tác xã Việt Nam để phát triển phong trào hợp tác xã trong nước và quốc tế. Tăng cường liên kết giữa tổ hợp tác, hợp tác xã, liên hiệp hợp tác xã với các tổ chức khác, đặc biệt là liên kết với doanh nghiệp nhà nước trong hỗ trợ liên kết, tiêu thụ, sử dụng sản phẩm, dịch vụ, tạo điều kiện cho tổ hợp tác, hợp tác xã, liên hiệp hợp tác xã hoạt động hiệu quả. 
 7. Quan tâm phát triển cộng đồng. Tổ hợp tác, hợp tác xã, liên hiệp hợp tác xã và thành viên quan tâm chăm lo, xây dựng cộng đồng thành viên đoàn kết, tương trợ lẫn nhau và tham gia phát triển cộng đồng dân cư tại địa phương, vùng, quốc gia, quốc tế.",content.csv,Luật Hợp tác xã số 17/2023/QH15,Luật,01/07/2024,Còn hiệu lực,"[""Admin"", ""Staff"", ""Guest""]"
166269_art_9,166269,"Điều 9. Quyền của hợp tác xã, liên hiệp hợp tác xã 
 1. Tổ chức thực hiện có hiệu quả các mục tiêu, chỉ tiêu đã đề ra. 
 2. Quyết định việc tổ chức, quản lý và hoạt động của hợp tác xã, liên hiệp hợp tác xã; thuê và sử dụng lao động. 
 3. Được kinh doanh, sản xuất trong những ngành, nghề mà pháp luật không cấm. 
 4. Yêu cầu thành viên đăng ký nhu cầu sử dụng sản phẩm, dịch vụ để xây dựng và triển khai thực hiện kế hoạch cung ứng, tiêu thụ sản phẩm, dịch vụ cho thành viên. 
 5. Cung cấp sản phẩm, dịch vụ ra bên ngoài sau khi hoàn thành nghĩa vụ và bảo đảm lợi ích của thành viên theo quy định của Điều lệ hoặc pháp luật có liên quan. 
 6. Cung cấp dịch vụ, tổ chức hoạt động kinh tế, xã hội, văn hóa vì mục tiêu chăm lo đời sống của thành viên, cộng đồng và phát triển bền vững. 
 7. Tham gia thực hiện chính sách, chương trình, dự án phát triển kinh tế, văn hóa, xã hội, bảo đảm an ninh chính trị, trật tự, an toàn xã hội, bảo vệ môi trường tại cộng đồng dân cư. 
 8. Kết nạp mới, chấm dứt tư cách thành viên theo quy định của pháp luật về hợp tác xã. 
 9. Tăng, giảm vốn điều lệ trong quá trình hoạt động. 
 10. Huy động vốn theo quy định của pháp luật. 
 11. Cho vay nội bộ theo quy định của Luật này. 
 12. Theo dõi riêng các khoản doanh thu, chi phí của giao dịch nội bộ và giao dịch bên ngoài. 
 13. Liên danh, liên kết, hợp tác với tổ chức, cá nhân trong nước và nước ngoài để thực hiện mục tiêu hoạt động của hợp tác xã, liên hiệp hợp tác xã. 
 14. Góp vốn, mua cổ phần, thành lập doanh nghiệp nhằm mục tiêu hỗ trợ hoạt động của hợp tác xã, liên hiệp hợp tác xã. 
 15. Thực hiện việc phân phối thu nhập, xử lý các khoản lỗ, khoản nợ của hợp tác xã, liên hiệp hợp tác xã. 
 16. Tham gia tổ chức đại diện của hợp tác xã, liên hiệp hợp tác xã. 
 17. Khiếu nại, tố cáo hành vi vi phạm quyền và lợi ích hợp pháp của hợp tác xã, liên hiệp hợp tác xã theo quy định của pháp luật; giải quyết tranh chấp nội bộ và xử lý thành viên vi phạm theo quy định của Điều lệ. 
 18. Quyền khác theo quy định của pháp luật và Điều lệ.",content.csv,Luật Hợp tác xã số 17/2023/QH15,Luật,01/07/2024,Còn hiệu lực,"[""Admin"", ""Staff""]"
166269_art_10,166269,"Điều 10. Nghĩa vụ của hợp tác xã, liên hiệp hợp tác xã 
 1. Kết nạp thành viên khi đáp ứng đầy đủ điều kiện theo quy định của Luật này, Điều lệ và pháp luật có liên quan. 
 2. Bảo đảm quyền và lợi ích hợp pháp của thành viên theo quy định của Luật này và Điều lệ. 
 3. Thực hiện thỏa thuận giữa hợp tác xã, liên hiệp hợp tác xã với thành viên, đáp ứng tối đa nhu cầu của thành viên đã đăng ký trước khi phục vụ khách hàng không phải là thành viên. 
 4. Thực hiện quy định của pháp luật về tài chính, thuế, kế toán, kiểm toán, thống kê và pháp luật có liên quan. 
 5. Quản lý, sử dụng vốn, tài sản và các quỹ của hợp tác xã, liên hiệp hợp tác xã theo quy định của pháp luật và Điều lệ. 
 6. Quản lý, sử dụng đất và tài nguyên theo quy định của pháp luật. 
 7. Ký kết và thực hiện hợp đồng lao động, đóng bảo hiểm xã hội và các chính sách cho người lao động theo quy định của pháp luật. 
 8. Giáo dục, đào tạo, phổ biến, bồi dưỡng cho thành viên và người lao động. 
 9. Thực hiện đúng, đầy đủ, kịp thời nghĩa vụ về đăng ký hợp tác xã, liên hiệp hợp tác xã theo quy định của Luật này. 
 10. Thực hiện công bố thông tin cho thành viên theo quy định tại",content.csv,Luật Hợp tác xã số 17/2023/QH15,Luật,01/07/2024,Còn hiệu lực,"[""Admin"", ""Staff"", ""Guest""]"
166269_art_14,166269,"Điều 14 của Luật này và công bố thông tin theo quy định của pháp luật có liên quan. 
 11. Bồi thường thiệt hại do hợp tác xã, liên hiệp hợp tác xã gây ra cho thành viên theo quy định của pháp luật và Điều lệ. 
 12. Lập, cập nhật và lưu trữ sổ đăng ký thành viên chính thức, thành viên liên kết góp vốn. 
 13. Thực hiện chế độ báo cáo, cập nhật thông tin về tình hình hoạt động của hợp tác xã, liên hiệp hợp tác xã theo quy định của pháp luật. 
 14. Nghĩa vụ khác theo quy định của pháp luật và Điều lệ.",content.csv,Luật Hợp tác xã số 17/2023/QH15,Luật,01/07/2024,Còn hiệu lực,"[""Admin"", ""Staff"", ""Guest""]"
166269_art_11,166269,"Điều 11. Người đại diện theo pháp luật của hợp tác xã, liên hiệp hợp tác xã 
 1. Người đại diện theo pháp luật của hợp tác xã, liên hiệp hợp tác xã là cá nhân đại diện cho hợp tác xã, liên hiệp hợp tác xã thực hiện các quyền, nghĩa vụ phát sinh từ giao dịch của hợp tác xã, liên hiệp hợp tác xã; đại diện cho hợp tác xã, liên hiệp hợp tác xã với tư cách người yêu cầu giải quyết việc dân sự, nguyên đơn, bị đơn, người có quyền, nghĩa vụ liên quan trước Trọng tài, Tòa án và quyền, nghĩa vụ khác theo quy định của pháp luật. 
 2. Hợp tác xã, liên hiệp hợp tác xã có thể có một hoặc nhiều người đại diện theo pháp luật. Số lượng, chức danh, quyền, nghĩa vụ của người đại diện theo pháp luật; phân chia quyền, nghĩa vụ người đại diện theo pháp luật trong trường hợp hợp tác xã, liên hiệp hợp tác xã có nhiều hơn một người đại diện theo pháp luật thực hiện theo quy định của Điều lệ. 
 3. Hợp tác xã, liên hiệp hợp tác xã phải bảo đảm luôn có ít nhất một người đại diện theo pháp luật cư trú tại Việt Nam. Trường hợp hợp tác xã, liên hiệp hợp tác xã chỉ còn một người đại diện theo pháp luật mà người này trong vòng 30 ngày không thực hiện hoặc không thực hiện được quyền, nghĩa vụ của người đại diện theo pháp luật và không ủy quyền cho người khác thực hiện quyền, nghĩa vụ của người đại diện theo pháp luật thì chậm nhất 15 ngày kể từ ngày hết thời hạn nêu trên, hợp tác xã, liên hiệp hợp tác xã phải tổ chức Đại hội thành viên bầu người đại diện theo pháp luật. 
 4. Tòa án, cơ quan có thẩm quyền tiến hành tố tụng khác có quyền chỉ định người đại diện theo pháp luật tham gia tố tụng theo quy định của pháp luật.",content.csv,Luật Hợp tác xã số 17/2023/QH15,Luật,01/07/2024,Còn hiệu lực,"[""Admin"", ""Staff"", ""Guest""]"
166269_art_12,166269,"Điều 12. Chế độ lưu trữ tài liệu 
 1. Hợp tác xã, liên hiệp hợp tác xã phải lưu trữ theo quy định của pháp luật tài liệu sau: 
 a) Điều lệ và các quy chế của hợp tác xã, liên hiệp hợp tác xã; sổ đăng ký thành viên chính thức, thành viên liên kết góp vốn; 
 b) Giấy chứng nhận đăng ký hợp tác xã; văn bằng bảo hộ quyền sở hữu trí tuệ; giấy chứng nhận đăng ký chất lượng sản phẩm hàng hóa; giấy phép kinh doanh ngành, nghề có điều kiện và giấy tờ khác có liên quan; 
 c) Tài liệu, giấy xác nhận quyền sở hữu, quyền sử dụng tài sản của hợp tác xã, liên hiệp hợp tác xã; 
 d) Giấy chứng nhận phần vốn góp của thành viên chính thức, thành viên liên kết góp vốn; biên bản, nghị quyết của hội nghị thành lập, Đại hội thành viên, Hội đồng quản trị; các quyết định của hợp tác xã, liên hiệp hợp tác xã; 
 đ) Báo cáo tài chính, sổ kế toán, chứng từ kế toán và tài liệu kế toán khác; 
 e) Kết luận của cơ quan thanh tra, kiểm tra, báo cáo kiểm toán (nếu có); 
 g) Tài liệu khác theo quy định của Điều lệ. 
 2. Tổ hợp tác phải lưu trữ theo quy định của pháp luật các tài liệu sau: 
 a) Hợp đồng hợp tác; 
 b) Giấy chứng nhận đăng ký tổ hợp tác (nếu có); 
 c) Sổ ghi chép về việc đóng góp của thành viên tổ hợp tác; 
 d) Tài liệu khác theo quy định của hợp đồng hợp tác.",content.csv,Luật Hợp tác xã số 17/2023/QH15,Luật,01/07/2024,Còn hiệu lực,"[""Admin"", ""Staff"", ""Guest""]"
166269_art_13,166269,"Điều 13. Hệ thống thông tin quốc gia về hợp tác xã 
 1. Hệ thống thông tin quốc gia về hợp tác xã bao gồm: cổng thông tin quốc gia về hợp tác xã; cơ sở dữ liệu về tổ hợp tác, hợp tác xã, liên hiệp hợp tác xã; cơ sở dữ liệu liên quan và hạ tầng kỹ thuật hệ thống. 
 2. Hệ thống thông tin quốc gia về hợp tác xã được xây dựng thống nhất từ Trung ương đến địa phương; được chuẩn hóa để cập nhật, khai thác và quản lý bằng công nghệ thông tin. 
 3. Bộ trưởng Bộ Kế hoạch và Đầu tư quy định về nội dung thông tin, việc cập nhật, khai thác và quản lý Hệ thống thông tin quốc gia về hợp tác xã.",content.csv,Luật Hợp tác xã số 17/2023/QH15,Luật,01/07/2024,Còn hiệu lực,"[""Admin"", ""Staff"", ""Guest""]"
166269_art_15,166269,"Điều 15. Sổ đăng ký thành viên của hợp tác xã, liên hiệp hợp tác xã 
 1. Sổ đăng ký thành viên chính thức, thành viên liên kết góp vốn là văn bản giấy hoặc dữ liệu điện tử bao gồm các nội dung chủ yếu sau đây: 
 a) Tên, mã số, địa chỉ trụ sở chính của hợp tác xã, liên hiệp hợp tác xã; 
 b) Họ, tên, địa chỉ liên lạc, quốc tịch, số định danh cá nhân hoặc số giấy tờ pháp lý của cá nhân đối với thành viên là cá nhân; tên, mã số hoặc số giấy tờ pháp lý của tổ chức, địa chỉ trụ sở chính đối với thành viên là tổ chức; 
 c) Phần vốn góp, tỷ lệ phần vốn góp đã góp, thời điểm góp vốn, loại tài sản góp vốn, số lượng, giá trị của từng loại tài sản góp vốn của từng thành viên chính thức, thành viên liên kết góp vốn; 
 d) Số và ngày cấp giấy chứng nhận phần vốn góp của từng thành viên chính thức, thành viên liên kết góp vốn. 
 2. Hợp tác xã, liên hiệp hợp tác xã quyết định về việc lập sổ đăng ký thành viên liên kết không góp vốn.",content.csv,Luật Hợp tác xã số 17/2023/QH15,Luật,01/07/2024,Còn hiệu lực,"[""Admin"", ""Staff"", ""Guest""]"
166269_art_16,166269,"Điều 16. Phân loại hợp tác xã 
 1. Hợp tác xã được phân loại siêu nhỏ, nhỏ, vừa, lớn theo tiêu chí số lượng thành viên chính thức và một trong hai tiêu chí sau: 
 a) Doanh thu; 
 b) Tổng nguồn vốn. 
 2. Hợp tác xã siêu nhỏ, nhỏ, vừa, lớn được xác định theo lĩnh vực hoạt động. 
 3. Chính phủ quy định chi tiết Điều này. 
 Chương II 
 CHÍNH SÁCH CỦA NHÀ NƯỚC VỀ PHÁT TRIỂN TỔ HỢP TÁC, HỢP TÁC XÃ, LIÊN HIỆP HỢP TÁC XÃ",content.csv,Luật Hợp tác xã số 17/2023/QH15,Luật,01/07/2024,Còn hiệu lực,"[""Admin"", ""Staff"", ""Guest""]"
166269_art_17,166269,"Điều 17. Nguyên tắc thực hiện chính sách 
 1. Bảo đảm công khai, minh bạch về nội dung, đối tượng, trình tự, thủ tục, nguồn lực, mức hỗ trợ và kết quả thực hiện. 
 2. Triển khai đồng bộ với Chương trình tổng thể về phát triển kinh tế tập thể, phù hợp với khả năng cân đối nguồn lực của Nhà nước ở từng thời kỳ. 
 3. Trường hợp tổ hợp tác, hợp tác xã, liên hiệp hợp tác xã đồng thời đáp ứng điều kiện của các mức khác nhau trong cùng một nội dung chính sách, cùng thời điểm theo quy định của Luật này và quy định khác của pháp luật có liên quan thì tổ hợp tác, hợp tác xã, liên hiệp hợp tác xã được lựa chọn mức hỗ trợ có lợi nhất.",content.csv,Luật Hợp tác xã số 17/2023/QH15,Luật,01/07/2024,Còn hiệu lực,"[""Admin"", ""Staff"", ""Guest""]"
166269_art_18,166269,"Điều 18. Tiêu chí thụ hưởng chính sách 
 1. Hợp tác xã, liên hiệp hợp tác xã được xem xét thụ hưởng chính sách khi đáp ứng các tiêu chí sau đây: 
 a) Không trong thời gian thi hành quyết định xử lý vi phạm hành chính do vi phạm các hành vi bị nghiêm cấm quy định tại khoản 2",content.csv,Luật Hợp tác xã số 17/2023/QH15,Luật,01/07/2024,Còn hiệu lực,"[""Admin"", ""Staff"", ""Guest""]"
166269_art_19,166269,"Điều 19. Nguồn vốn thực hiện chính sách 
 1. Nguồn vốn từ ngân sách nhà nước theo quy định của pháp luật về ngân sách nhà nước. 
 2. Nguồn vốn từ miễn, giảm thuế, phí, lệ phí, tiền thuê đất, tiền sử dụng đất và các khoản phải nộp ngân sách nhà nước theo quy định của pháp luật. 
 3. Nguồn vốn tín dụng ưu đãi theo quy định của pháp luật. 
 4. Nguồn huy động, tài trợ hợp pháp từ cá nhân, tổ chức trong nước và nước ngoài.",content.csv,Luật Hợp tác xã số 17/2023/QH15,Luật,01/07/2024,Còn hiệu lực,"[""Admin"", ""Staff""]"
166269_art_20,166269,"Điều 20. Chính sách phát triển nguồn nhân lực, thông tin, tư vấn 
 1. Xây dựng, triển khai nội dung đào tạo về kinh tế tập thể vào chương trình của một số cơ sở giáo dục đại học, chương trình đào tạo lý luận chính trị, chương trình bồi dưỡng quản lý nhà nước. 
 2. Xây dựng, triển khai các chương trình đào tạo, bồi dưỡng nâng cao năng lực cho thành viên, người lao động làm việc trong tổ hợp tác, hợp tác xã, liên hiệp hợp tác xã, cơ quan quản lý nhà nước, tổ chức đại diện và các cơ quan, tổ chức có liên quan. 
 3. Hỗ trợ lương, thưởng và phúc lợi để thu hút người lao động có chất lượng cao làm việc tại tổ hợp tác, hợp tác xã, liên hiệp hợp tác xã. 
 4. Xây dựng, triển khai các chương trình truyền thông để nâng cao nhận thức, kiến thức quản trị và sản xuất, kinh doanh của tổ hợp tác, hợp tác xã, liên hiệp hợp tác xã. 
 5. Hỗ trợ thông tin, tư vấn về pháp lý, tiếp cận các nguồn vốn và vấn đề khác trong quá trình thành lập, hoạt động, tổ chức lại, giải thể, phá sản đối với tổ hợp tác, hợp tác xã, liên hiệp hợp tác xã; chuyển đổi tổ hợp tác thành hợp tác xã. 
 6. Xây dựng mạng lưới cung cấp dịch vụ tư vấn cho tổ hợp tác, hợp tác xã, liên hiệp hợp tác xã. 
 7. Nhân rộng mô hình hợp tác xã, liên hiệp hợp tác xã hoạt động hiệu quả. 
 8. Hợp tác quốc tế trong đào tạo chính quy về kinh tế tập thể. 
 9. Chính phủ quy định chi tiết Điều này.",content.csv,Luật Hợp tác xã số 17/2023/QH15,Luật,01/07/2024,Còn hiệu lực,"[""Admin"", ""Staff"", ""Guest""]"
166269_art_21,166269,"Điều 21. Chính sách đất đai 
 1. Trong quy hoạch, kế hoạch sử dụng đất, chính quyền địa phương ưu tiên bố trí quỹ đất cho tổ hợp tác, hợp tác xã, liên hiệp hợp tác xã thuê; ưu đãi hợp lý về giá và thời gian cho thuê đất đối với tổ hợp tác, hợp tác xã, liên hiệp hợp tác xã chưa được hỗ trợ thuê đất theo quy định của pháp luật về đất đai và pháp luật có liên quan. 
 2. Tổ hợp tác, hợp tác xã, liên hiệp hợp tác xã thuê đất, đất có mặt nước của Nhà nước để sản xuất, kinh doanh thì được miễn, giảm tiền thuê đất, thuê đất có mặt nước; trường hợp thuê, thuê lại đất, đất có mặt nước của tổ chức, hộ gia đình, cá nhân để sản xuất, kinh doanh thì được Nhà nước hỗ trợ tiền thuê đất, thuê đất có mặt nước theo quy định của pháp luật về đất đai. 
 3. Nhà nước tạo điều kiện để tổ hợp tác, hợp tác xã, liên hiệp hợp tác xã sử dụng đất ổn định trong hoạt động sản xuất, kinh doanh theo quy định của pháp luật về đất đai.",content.csv,Luật Hợp tác xã số 17/2023/QH15,Luật,01/07/2024,Còn hiệu lực,"[""Admin"", ""Staff"", ""Guest""]"
166269_art_22,166269,"Điều 22. Chính sách thuế, phí và lệ phí 
 1. Tổ hợp tác, hợp tác xã, liên hiệp hợp tác xã được hưởng mức ưu đãi thuế, ưu đãi phí và lệ phí cao nhất trong cùng lĩnh vực, ngành, nghề và địa bàn theo pháp luật về thuế, phí và lệ phí. 
 2. Không thu lệ phí đăng ký đối với tổ hợp tác, không thu phí công bố nội dung đăng ký trên hệ thống thông tin điện tử của cơ quan đăng ký kinh doanh. 
 3. Miễn, giảm thuế thu nhập doanh nghiệp theo quy định của pháp luật về thuế thu nhập doanh nghiệp đối với: 
 a) Thu nhập từ giao dịch nội bộ của hợp tác xã, liên hiệp hợp tác xã; 
 b) Thu nhập của tổ hợp tác, hợp tác xã, liên hiệp hợp tác xã khi tham gia liên kết với cá nhân, tổ chức khác hình thành chuỗi giá trị, cụm liên kết ngành, gắn với kinh tế xanh, kinh tế tuần hoàn, kinh tế tri thức vì mục tiêu phát triển bền vững; 
 c) Trường hợp khác theo quy định của pháp luật về thuế thu nhập doanh nghiệp. 
 4. Miễn thuế thu nhập doanh nghiệp đối với phần thu nhập hình thành quỹ chung không chia, phần thu nhập hình thành tài sản chung không chia của hợp tác xã, liên hiệp hợp tác xã theo quy định của pháp luật về thuế thu nhập doanh nghiệp. 
 5. Miễn, giảm lệ phí môn bài đối với tổ hợp tác, hợp tác xã, liên hiệp hợp tác xã theo quy định của pháp luật về phí và lệ phí. 
 6. Miễn lệ phí trước bạ đối với cá nhân, tổ chức khi chuyển quyền sử dụng đất, chuyển quyền sở hữu tài sản góp vốn vào hợp tác xã, liên hiệp hợp tác xã theo quy định của pháp luật về phí và lệ phí.",content.csv,Luật Hợp tác xã số 17/2023/QH15,Luật,01/07/2024,Còn hiệu lực,"[""Admin"", ""Staff"", ""Guest""]"
166269_art_23,166269,"Điều 23. Chính sách tiếp cận vốn, bảo hiểm 
 1. Tổ hợp tác, hợp tác xã, liên hiệp hợp tác xã được thụ hưởng chính sách tiếp cận vốn như sau: 
 a) Vay vốn ưu đãi từ các tổ chức tín dụng theo quy định của pháp luật; 
 b) Hỗ trợ vay vốn với lãi suất ưu đãi, hỗ trợ lãi suất sau đầu tư, bảo lãnh tín dụng đầu tư từ Quỹ hỗ trợ phát triển hợp tác xã theo quy định của Chính phủ; 
 c) Ưu tiên tiếp cận nguồn vốn từ các quỹ phát triển khoa học và công nghệ, bảo vệ môi trường, thích ứng với biến đổi khí hậu và các định chế tài chính theo quy định của pháp luật vì mục tiêu phát triển bền vững; 
 d) Hỗ trợ tăng cường năng lực tài chính cho hợp tác xã, liên hiệp hợp tác xã hoạt động trong lĩnh vực tài chính, ngân hàng; 
 đ) Ưu tiên, hỗ trợ tham gia hoạt động xúc tiến đầu tư của các bộ, ngành, địa phương. 
 2. Tổ hợp tác, hợp tác xã, liên hiệp hợp tác xã được hỗ trợ phí bảo hiểm đối với tài sản chung không chia tham gia bảo hiểm của tổ hợp tác, hợp tác xã, liên hiệp hợp tác xã theo quy định của pháp luật về kinh doanh bảo hiểm. 
 3. Thành viên của tổ hợp tác, hợp tác xã, liên hiệp hợp tác xã mà không thuộc đối tượng tham gia bảo hiểm xã hội bắt buộc thì khi tham gia bảo hiểm xã hội tự nguyện được Nhà nước hỗ trợ theo quy định của pháp luật về bảo hiểm xã hội.",content.csv,Luật Hợp tác xã số 17/2023/QH15,Luật,01/07/2024,Còn hiệu lực,"[""Admin"", ""Staff""]"
166269_art_24,166269,"Điều 24. Chính sách ứng dụng khoa học và công nghệ, đổi mới sáng tạo và chuyển đổi số 
 1. Hỗ trợ tổ hợp tác, hợp tác xã, liên hiệp hợp tác xã đổi mới sáng tạo, nâng cao năng suất dựa trên nền tảng khoa học và công nghệ và đổi mới sáng tạo; xây dựng mô hình kinh tế xanh, kinh tế tuần hoàn, giảm phát thải khí nhà kính; đổi mới công nghệ, tiếp nhận, cải tiến, hoàn thiện, làm chủ công nghệ thông qua các hoạt động nghiên cứu, đào tạo, tư vấn, tìm kiếm, giải mã, chuyển giao công nghệ; xác lập, quản lý, khai thác, bảo vệ và phát triển tài sản trí tuệ. 
 2. Hỗ trợ tổ hợp tác, hợp tác xã, liên hiệp hợp tác xã chuyển đổi số và ứng dụng thương mại điện tử trong sản xuất và lưu thông sản phẩm thông qua xây dựng hạ tầng công nghệ thông tin, cung cấp thiết bị đầu cuối và phần mềm, ứng dụng dùng chung. 
 3. Hỗ trợ xây dựng trang thông tin điện tử cho tổ hợp tác, hợp tác xã, liên hiệp hợp tác xã và kết nối với Hệ thống thông tin quốc gia về hợp tác xã. 
 4. Hỗ trợ kinh phí cho việc cung cấp dịch vụ tư vấn chuyển giao công nghệ cho tổ hợp tác, hợp tác xã, liên hiệp hợp tác xã trên cơ sở nhu cầu và theo hợp đồng được ký kết với cơ sở cung cấp dịch vụ tư vấn. 
 5. Chính phủ quy định chi tiết Điều này.",content.csv,Luật Hợp tác xã số 17/2023/QH15,Luật,01/07/2024,Còn hiệu lực,"[""Admin"", ""Staff"", ""Guest""]"
166269_art_25,166269,"Điều 25. Chính sách tiếp cận và nghiên cứu thị trường 
 1. Hỗ trợ tổ hợp tác, hợp tác xã, liên hiệp hợp tác xã được cung cấp thông tin về pháp lý, kinh tế; khảo sát và nghiên cứu thị trường; thông tin dự báo, cảnh báo các biện pháp phòng vệ thương mại áp dụng đối với hàng hóa xuất khẩu của Việt Nam. 
 2. Hỗ trợ tổ hợp tác, hợp tác xã, liên hiệp hợp tác xã liên kết hình thành vùng nguyên liệu, sản xuất, tiêu thụ sản phẩm, áp dụng và chứng nhận các tiêu chuẩn để phát triển thị trường. 
 3. Hỗ trợ tổ hợp tác, hợp tác xã, liên hiệp hợp tác xã xây dựng, đăng ký nhãn hiệu, xuất xứ hàng hóa; đăng ký, tiếp thị sản phẩm. 
 4. Hỗ trợ hình thành sản phẩm, hàng hóa và dịch vụ có nguồn gốc địa phương, có đặc trưng về giá trị kinh tế, văn hóa, lợi thế của địa phương. 
 5. Hỗ trợ tổ hợp tác, hợp tác xã, liên hiệp hợp tác xã tổ chức, tham gia hội chợ, triển lãm trong nước và nước ngoài; xây dựng, triển khai, tham gia sàn giao dịch thương mại điện tử. 
 6. Ưu tiên, hỗ trợ tham gia hoạt động xúc tiến thương mại của các bộ, ngành, địa phương. 
 7. Chính phủ quy định chi tiết Điều này.",content.csv,Luật Hợp tác xã số 17/2023/QH15,Luật,01/07/2024,Còn hiệu lực,"[""Admin"", ""Staff"", ""Guest""]"
166269_art_26,166269,"Điều 26. Chính sách đầu tư phát triển kết cấu hạ tầng, trang thiết bị 
 1. Hỗ trợ đầu tư phát triển kết cấu hạ tầng, trang thiết bị cho tổ hợp tác, hợp tác xã, liên hiệp hợp tác xã nhằm phục vụ hoạt động sản xuất, kinh doanh, an sinh xã hội, bảo vệ môi trường, thích ứng với biến đổi khí hậu. 
 2. Chuyển giao một số công trình kết cấu hạ tầng của Nhà nước phục vụ lợi ích chung của cộng đồng cho tổ hợp tác, hợp tác xã, liên hiệp hợp tác xã trên địa bàn để quản lý, vận hành, duy tu, bảo dưỡng theo quy định của pháp luật. 
 3. Chuyển giao một số công trình công cộng và cơ sở hạ tầng khác cho tổ hợp tác, hợp tác xã, liên hiệp hợp tác xã để làm trụ sở, nhà kho, cửa hàng mua bán, trưng bày, giới thiệu sản phẩm phục vụ hoạt động sản xuất, kinh doanh theo quy định của pháp luật. 
 4. Hỗ trợ kinh phí đầu tư, xây dựng kết cấu hạ tầng hình thành chuỗi sản xuất, cung cấp dịch vụ chế biến và tiêu thụ sản phẩm của tổ hợp tác, hợp tác xã, liên hiệp hợp tác xã. 
 5. Chính phủ quy định chi tiết Điều này.",content.csv,Luật Hợp tác xã số 17/2023/QH15,Luật,01/07/2024,Còn hiệu lực,"[""Admin"", ""Staff"", ""Guest""]"
166269_art_27,166269,"Điều 27. Chính sách hỗ trợ tư vấn tài chính và đánh giá rủi ro 
 1. Hỗ trợ chi phí kiểm toán cho hợp tác xã quy mô siêu nhỏ và nhỏ khi được hưởng chính sách hỗ trợ của Nhà nước theo quy định. 
 2. Hỗ trợ tổ chức đại diện, hệ thống Liên minh hợp tác xã Việt Nam trong việc thực hiện đánh giá rủi ro, tư vấn tài chính; tư vấn kiểm soát nội bộ, tư vấn kiểm toán nội bộ cho tổ hợp tác, hợp tác xã, liên hiệp hợp tác xã. 
 3. Chính phủ quy định chi tiết Điều này.",content.csv,Luật Hợp tác xã số 17/2023/QH15,Luật,01/07/2024,Còn hiệu lực,"[""Admin"", ""Staff""]"
166269_art_28,166269,"Điều 28. Chính sách hỗ trợ hoạt động trong lĩnh vực nông nghiệp 
 1. Ngoài các chính sách quy định tại các điều 20, 21, 22, 23, 24, 25, 26 và 27 của Luật này, tổ hợp tác, hợp tác xã, liên hiệp hợp tác xã hoạt động trong lĩnh vực nông nghiệp được thụ hưởng các chính sách sau đây: 
 a) Hỗ trợ phí bảo hiểm nông nghiệp theo quy định của pháp luật về kinh doanh bảo hiểm; 
 b) Hỗ trợ vốn, giống, khoa học và công nghệ khi tổ hợp tác, hợp tác xã, liên hiệp hợp tác xã chuyển đổi sang sản xuất bền vững, nông nghiệp hữu cơ, thích ứng với biến đổi khí hậu; 
 c) Hỗ trợ chi phí xây dựng kết cấu hạ tầng vùng nguyên liệu khi tổ hợp tác, hợp tác xã, liên hiệp hợp tác xã nhận góp vốn bằng quyền sử dụng đất hoặc thuê đất, đất có mặt nước của tổ chức, hộ gia đình, cá nhân để hình thành vùng nguyên liệu sản xuất nông nghiệp tập trung. 
 2. Chính phủ quy định chi tiết điểm b và điểm c khoản 1 Điều này.",content.csv,Luật Hợp tác xã số 17/2023/QH15,Luật,01/07/2024,Còn hiệu lực,"[""Admin"", ""Staff"", ""Guest""]"
166269_art_29,166269,"Điều 29. Quỹ hỗ trợ phát triển hợp tác xã 
 1. Quỹ hỗ trợ phát triển hợp tác xã là quỹ tài chính nhà nước ngoài ngân sách hoặc tổ chức tài chính, hoạt động không vì mục tiêu lợi nhuận, bảo toàn và phát triển vốn, tự chủ về tài chính, tự chịu trách nhiệm trong huy động vốn và sử dụng vốn nhằm thực hiện các chức năng sau đây: 
 a) Cho vay vốn với lãi suất ưu đãi, hỗ trợ lãi suất sau đầu tư và bảo lãnh tín dụng đầu tư đối với hợp tác xã, liên hiệp hợp tác xã và đối với thành viên của tổ hợp tác, hợp tác xã, trừ thành viên là doanh nghiệp; 
 b) Tiếp nhận, quản lý và sử dụng nguồn vốn trong nước và ngoài nước, nguồn tài trợ, viện trợ, đóng góp, ủy thác của cá nhân, tổ chức trong nước và nước ngoài theo quy định của pháp luật; 
 c) Huy động vốn từ cá nhân, tổ chức trong nước theo quy định của pháp luật; 
 d) Ủy thác, nhận ủy thác cho vay; tư vấn tài chính và đầu tư, đào tạo cho khách hàng vay vốn của Quỹ hỗ trợ phát triển hợp tác xã theo quy định của pháp luật. 
 2. Quỹ hỗ trợ phát triển hợp tác xã Việt Nam được thành lập ở Trung ương, Quỹ hỗ trợ phát triển hợp tác xã cấp tỉnh được thành lập ở tỉnh, thành phố trực thuộc Trung ương. 
 3. Chính phủ quy định việc thành lập, tổ chức và hoạt động của Quỹ hỗ trợ phát triển hợp tác xã. 
 Chương III 
 THÀNH VIÊN CỦA HỢP TÁC XÃ, LIÊN HIỆP HỢP TÁC XÃ 
 Mục 1 
 THÀNH VIÊN HỢP TÁC XÃ",content.csv,Luật Hợp tác xã số 17/2023/QH15,Luật,01/07/2024,Còn hiệu lực,"[""Admin"", ""Staff""]"
166269_art_30,166269,"Điều 30. Điều kiện trở thành thành viên hợp tác xã 
 1. Thành viên chính thức, thành viên liên kết góp vốn của hợp tác xã bao gồm: 
 a) Cá nhân là công dân Việt Nam từ đủ 18 tuổi trở lên, có năng lực hành vi dân sự đầy đủ; 
 b) Cá nhân là nhà đầu tư nước ngoài có giấy chứng nhận đăng ký đầu tư theo quy định của pháp luật về đầu tư; 
 c) Hộ gia đình, tổ hợp tác, tổ chức khác không có tư cách pháp nhân thành lập, hoạt động tại Việt Nam. Các thành viên của tổ chức này phải cử một người đại diện theo quy định của Bộ luật Dân sự để thực hiện quyền, nghĩa vụ của thành viên hợp tác xã; 
 d) Pháp nhân Việt Nam. 
 2. Thành viên liên kết không góp vốn của hợp tác xã bao gồm: 
 a) Cá nhân là công dân Việt Nam hoặc người nước ngoài cư trú hợp pháp tại Việt Nam, từ đủ 18 tuổi trở lên, có năng lực hành vi dân sự đầy đủ; 
 b) Cá nhân là công dân Việt Nam từ đủ 15 tuổi trở lên đến dưới 18 tuổi, không bị hạn chế năng lực hành vi dân sự, không bị mất năng lực hành vi dân sự, không có khó khăn trong nhận thức, làm chủ hành vi; khi tham gia các giao dịch dân sự, lao động thì phải đáp ứng các điều kiện theo quy định của pháp luật; 
 c) Hộ gia đình, tổ hợp tác, tổ chức khác không có tư cách pháp nhân thành lập, hoạt động tại Việt Nam. Các thành viên của tổ chức này phải cử một người đại diện theo quy định của Bộ luật Dân sự để thực hiện quyền, nghĩa vụ của thành viên hợp tác xã; 
 d) Pháp nhân Việt Nam. 
 3. Cá nhân, tổ chức phải có đơn tự nguyện gia nhập, góp vốn hoặc nộp phí thành viên và đáp ứng điều kiện quy định của Luật này và Điều lệ. 
 4. Thành viên của hợp tác xã có thể đồng thời là thành viên của nhiều hợp tác xã, trừ trường hợp Điều lệ có quy định khác. 
 5. Cá nhân là nhà đầu tư nước ngoài, tổ chức kinh tế có vốn đầu tư nước ngoài khi tham gia là thành viên chính thức, thành viên liên kết góp vốn của hợp tác xã phải đáp ứng các điều kiện sau đây: 
 a) Điều kiện tiếp cận thị trường đối với nhà đầu tư nước ngoài theo quy định của pháp luật về đầu tư và pháp luật có liên quan; 
 b) Điều kiện bảo đảm quốc phòng, an ninh theo quy định của pháp luật về đầu tư. 
 6. Hợp tác xã có thành viên chính thức, thành viên liên kết góp vốn là tổ chức kinh tế có vốn đầu tư nước ngoài, cá nhân là nhà đầu tư nước ngoài phải đáp ứng điều kiện tiếp cận thị trường áp dụng đối với nhà đầu tư nước ngoài theo quy định của pháp luật về đầu tư và pháp luật có liên quan. 
 7. Tổng số thành viên chính thức là tổ chức kinh tế có vốn đầu tư nước ngoài và cá nhân là nhà đầu tư nước ngoài phải chiếm tỷ lệ dưới 35% tổng số thành viên chính thức của hợp tác xã.",content.csv,Luật Hợp tác xã số 17/2023/QH15,Luật,01/07/2024,Còn hiệu lực,"[""Admin"", ""Staff"", ""Guest""]"
166269_art_31,166269,"Điều 31. Quyền của thành viên hợp tác xã 
 1. Thành viên chính thức có quyền sau đây: 
 a) Được hợp tác xã cung ứng sản phẩm, dịch vụ, việc làm; 
 b) Được phân phối thu nhập theo quy định của Luật này và Điều lệ; 
 c) Được hưởng phúc lợi của hợp tác xã; 
 d) Được tham dự hoặc bầu đại biểu tham dự Đại hội thành viên; 
 đ) Được biểu quyết nội dung thuộc thẩm quyền của Đại hội thành viên; 
 e) Ứng cử, đề cử thành viên Hội đồng quản trị, Giám đốc (Tổng giám đốc), thành viên Ban kiểm soát hoặc kiểm soát viên và các chức danh quản lý khác được bầu; 
 g) Kiến nghị, yêu cầu Hội đồng quản trị, Giám đốc (Tổng giám đốc), Ban kiểm soát hoặc kiểm soát viên giải trình về hoạt động của hợp tác xã; 
 h) Yêu cầu Hội đồng quản trị, Giám đốc (Tổng giám đốc), Ban kiểm soát hoặc kiểm soát viên triệu tập Đại hội thành viên bất thường; 
 i) Được cung cấp thông tin cần thiết liên quan đến hoạt động của hợp tác xã; được hỗ trợ đào tạo, bồi dưỡng và nâng cao trình độ chuyên môn nghiệp vụ phục vụ hoạt động của hợp tác xã; 
 k) Ra khỏi hợp tác xã theo quy định của Luật này và Điều lệ; 
 l) Được trả lại một phần hoặc toàn bộ phần vốn góp theo quy định của Luật này và Điều lệ; 
 m) Được nhận phần giá trị tài sản còn lại của hợp tác xã theo quy định của Luật này và Điều lệ; 
 n) Khiếu nại, tố cáo, khởi kiện theo quy định của pháp luật; 
 o) Quyền khác theo quy định của pháp luật và Điều lệ. 
 2. Thành viên liên kết góp vốn có quyền sau đây: 
 a) Các quyền quy định tại các điểm b, c, g, i, k, l, m, n và o khoản 1 Điều này; 
 b) Tham gia và phát biểu nhưng không được biểu quyết tại cuộc họp Đại hội thành viên khi được mời. 
 3. Thành viên liên kết không góp vốn có quyền sau đây: 
 a) Các quyền quy định tại các điểm a, c, i, k, n và o khoản 1 Điều này; 
 b) Tham gia và phát biểu nhưng không được biểu quyết tại cuộc họp Đại hội thành viên khi được mời.",content.csv,Luật Hợp tác xã số 17/2023/QH15,Luật,01/07/2024,Còn hiệu lực,"[""Admin"", ""Staff"", ""Guest""]"
166269_art_32,166269,"Điều 32. Nghĩa vụ của thành viên hợp tác xã 
 1. Thành viên chính thức có nghĩa vụ sau đây: 
 a) Góp đủ, đúng thời hạn phần vốn góp đã cam kết theo quy định của Điều lệ; 
 b) Sử dụng sản phẩm, dịch vụ của hợp tác xã đã đăng ký hoặc góp sức lao động theo thỏa thuận với hợp tác xã; 
 c) Chịu trách nhiệm về các khoản nợ, nghĩa vụ tài chính của hợp tác xã trong phạm vi phần vốn góp vào hợp tác xã; 
 d) Bồi thường thiệt hại do mình gây ra cho hợp tác xã theo quy định của pháp luật và Điều lệ; 
 đ) Tuân thủ tôn chỉ, mục đích, Điều lệ, quy chế của hợp tác xã, nghị quyết Đại hội thành viên và quyết định của Hội đồng quản trị đối với tổ chức quản trị đầy đủ hoặc Giám đốc đối với tổ chức quản trị rút gọn; 
 e) Nghĩa vụ khác theo quy định của pháp luật và Điều lệ. 
 2. Thành viên liên kết góp vốn có nghĩa vụ quy định tại các điểm a, c, d, đ và e khoản 1 Điều này. 
 3. Thành viên liên kết không góp vốn có nghĩa vụ sau đây: 
 a) Nộp phí thành viên theo quy định của Điều lệ. Phí thành viên không phải là khoản thu thuộc ngân sách nhà nước theo quy định của Luật Phí và lệ phí. 
 b) Nghĩa vụ quy định tại các điểm b, d, đ và e khoản 1 Điều này.",content.csv,Luật Hợp tác xã số 17/2023/QH15,Luật,01/07/2024,Còn hiệu lực,"[""Admin"", ""Staff"", ""Guest""]"
166269_art_33,166269,"Điều 33. Chấm dứt tư cách thành viên hợp tác xã 
 1. Các trường hợp chấm dứt tư cách thành viên chính thức: 
 a) Thành viên là cá nhân đã chết; bị Tòa án tuyên bố là đã chết, mất tích, bị hạn chế hoặc mất năng lực hành vi dân sự, có khó khăn trong nhận thức, làm chủ hành vi; 
 b) Thành viên là tổ chức chấm dứt tồn tại, giải thể, phá sản; 
 c) Hợp tác xã chấm dứt tồn tại, giải thể, phá sản; 
 d) Thành viên tự nguyện ra khỏi hợp tác xã; 
 đ) Thành viên bị khai trừ theo quy định của Điều lệ; 
 e) Thành viên không sử dụng sản phẩm, dịch vụ hoặc không góp sức lao động trong thời gian liên tục theo quy định của Điều lệ; 
 g) Tại thời điểm cam kết góp đủ vốn, thành viên không thực hiện góp vốn hoặc góp vốn thấp hơn vốn góp tối thiểu quy định trong Điều lệ. 
 2. Các trường hợp chấm dứt tư cách thành viên liên kết góp vốn theo quy định tại các điểm a, b, c, d, đ và g khoản 1 Điều này. 
 3. Các trường hợp chấm dứt tư cách thành viên liên kết không góp vốn: 
 a) Các trường hợp quy định tại các điểm a, b, c, d, đ và e khoản 1 Điều này; 
 b) Không nộp phí thành viên theo quy định của Điều lệ. 
 4. Thẩm quyền quyết định chấm dứt tư cách thành viên, giải quyết quyền, nghĩa vụ đối với thành viên trong trường hợp chấm dứt tư cách thành viên thực hiện theo quy định của Luật này và Điều lệ. 
 Mục 2 
 THÀNH VIÊN LIÊN HIỆP HỢP TÁC XÃ",content.csv,Luật Hợp tác xã số 17/2023/QH15,Luật,01/07/2024,Còn hiệu lực,"[""Admin"", ""Staff"", ""Guest""]"
166269_art_34,166269,"Điều 34. Điều kiện trở thành thành viên liên hiệp hợp tác xã 
 1. Thành viên liên hiệp hợp tác xã bao gồm: 
 a) Thành viên chính thức là hợp tác xã; 
 b) Thành viên liên kết góp vốn, thành viên liên kết không góp vốn là pháp nhân Việt Nam. 
 2. Hợp tác xã, pháp nhân Việt Nam phải có đơn tự nguyện gia nhập, góp vốn và đáp ứng điều kiện theo quy định của Luật này và Điều lệ. 
 3. Thành viên của liên hiệp hợp tác xã có thể đồng thời là thành viên của nhiều liên hiệp hợp tác xã, trừ trường hợp Điều lệ có quy định khác. 
 4. Tổ chức kinh tế có vốn đầu tư nước ngoài khi tham gia là thành viên chính thức, thành viên liên kết góp vốn của liên hiệp hợp tác xã phải đáp ứng các điều kiện sau đây: 
 a) Điều kiện tiếp cận thị trường đối với nhà đầu tư nước ngoài theo quy định của pháp luật về đầu tư và pháp luật có liên quan; 
 b) Điều kiện bảo đảm quốc phòng, an ninh theo quy định của pháp luật về đầu tư. 
 5. Liên hiệp hợp tác xã có thành viên chính thức, thành viên liên kết góp vốn là tổ chức kinh tế có vốn đầu tư nước ngoài phải đáp ứng điều kiện tiếp cận thị trường đối với nhà đầu tư nước ngoài theo quy định của pháp luật về đầu tư và pháp luật có liên quan. 
 6. Tổng số thành viên chính thức là tổ chức kinh tế có vốn đầu tư nước ngoài phải chiếm tỷ lệ dưới 35% tổng số thành viên chính thức của liên hiệp hợp tác xã.",content.csv,Luật Hợp tác xã số 17/2023/QH15,Luật,01/07/2024,Còn hiệu lực,"[""Admin"", ""Staff"", ""Guest""]"
166269_art_35,166269,"Điều 35. Quyền của thành viên liên hiệp hợp tác xã 
 1. Thành viên chính thức có quyền sau đây: 
 a) Được liên hiệp hợp tác xã cung ứng sản phẩm, dịch vụ, việc làm; 
 b) Được phân phối thu nhập theo quy định của Luật này và Điều lệ của liên hiệp hợp tác xã; 
 c) Được hưởng phúc lợi của liên hiệp hợp tác xã; 
 d) Được tham dự hoặc bầu đại biểu tham dự Đại hội thành viên; 
 đ) Được biểu quyết nội dung thuộc thẩm quyền của Đại hội thành viên; 
 e) Ứng cử, đề cử thành viên Hội đồng quản trị, Giám đốc (Tổng giám đốc), thành viên Ban kiểm soát hoặc kiểm soát viên và các chức danh quản lý khác được bầu; 
 g) Kiến nghị, yêu cầu Hội đồng quản trị, Giám đốc (Tổng giám đốc), Ban kiểm soát hoặc kiểm soát viên giải trình về hoạt động của liên hiệp hợp tác xã; 
 h) Yêu cầu Hội đồng quản trị, Giám đốc (Tổng giám đốc), Ban kiểm soát hoặc kiểm soát viên triệu tập Đại hội thành viên bất thường; 
 i) Được cung cấp thông tin cần thiết liên quan đến hoạt động của liên hiệp hợp tác xã; được hỗ trợ đào tạo, bồi dưỡng và nâng cao trình độ nghiệp vụ phục vụ hoạt động của liên hiệp hợp tác xã; 
 k) Ra khỏi liên hiệp hợp tác xã theo quy định của Luật này và Điều lệ; 
 l) Được trả lại một phần hoặc toàn bộ phần vốn góp theo quy định của Luật này và Điều lệ; 
 m) Được nhận giá trị tài sản còn lại của liên hiệp hợp tác xã theo quy định của Luật này và Điều lệ; 
 n) Khiếu nại, tố cáo, khởi kiện theo quy định của pháp luật; 
 o) Quyền khác theo quy định của pháp luật và Điều lệ. 
 2. Thành viên liên kết góp vốn có quyền sau đây: 
 a) Các quyền quy định tại các điểm b, c, g, i, k, l, m, n và o khoản 1 Điều này; 
 b) Tham gia và phát biểu nhưng không được biểu quyết tại cuộc họp Đại hội thành viên khi được mời. 
 3. Thành viên liên kết không góp vốn có quyền sau đây: 
 a) Các quyền quy định tại các điểm a, c, i, k, n và o khoản 1 Điều này; 
 b) Tham gia và phát biểu nhưng không được biểu quyết tại cuộc họp Đại hội thành viên khi được mời.",content.csv,Luật Hợp tác xã số 17/2023/QH15,Luật,01/07/2024,Còn hiệu lực,"[""Admin"", ""Staff"", ""Guest""]"
166269_art_36,166269,"Điều 36. Nghĩa vụ của thành viên liên hiệp hợp tác xã 
 1. Thành viên chính thức có nghĩa vụ sau đây: 
 a) Góp đủ, đúng thời hạn phần vốn góp đã cam kết theo quy định của Điều lệ; 
 b) Sử dụng sản phẩm, dịch vụ của liên hiệp hợp tác xã đã đăng ký hoặc góp sức lao động theo thỏa thuận với liên hiệp hợp tác xã; 
 c) Chịu trách nhiệm về các khoản nợ, nghĩa vụ tài chính của liên hiệp hợp tác xã trong phạm vi phần vốn góp; 
 d) Bồi thường thiệt hại do mình gây ra cho liên hiệp hợp tác xã theo quy định của pháp luật; 
 đ) Tuân thủ tôn chỉ, mục đích, Điều lệ, quy chế của liên hiệp hợp tác xã, nghị quyết Đại hội thành viên và quyết định của Hội đồng quản trị đối với tổ chức quản trị đầy đủ hoặc Giám đốc đối với tổ chức quản trị rút gọn; 
 e) Nghĩa vụ khác theo quy định của pháp luật và Điều lệ. 
 2. Thành viên liên kết góp vốn có nghĩa vụ quy định tại các điểm a, c, d, đ và e khoản 1 Điều này. 
 3. Thành viên liên kết không góp vốn có nghĩa vụ sau đây: 
 a) Nộp phí thành viên theo quy định của Điều lệ. Phí thành viên không phải là khoản thu thuộc ngân sách nhà nước theo quy định của Luật Phí và lệ phí; 
 b) Nghĩa vụ quy định tại các điểm b, d, đ và e khoản 1 Điều này.",content.csv,Luật Hợp tác xã số 17/2023/QH15,Luật,01/07/2024,Còn hiệu lực,"[""Admin"", ""Staff"", ""Guest""]"
166269_art_37,166269,"Điều 37. Chấm dứt tư cách thành viên liên hiệp hợp tác xã 
 1. Các trường hợp chấm dứt tư cách thành viên chính thức bao gồm: 
 a) Thành viên chấm dứt tồn tại, giải thể, phá sản; 
 b) Liên hiệp hợp tác xã chấm dứt tồn tại, giải thể, phá sản; 
 c) Thành viên tự nguyện ra khỏi liên hiệp hợp tác xã; 
 d) Thành viên bị khai trừ theo quy định của Điều lệ; 
 đ) Thành viên không sử dụng sản phẩm, dịch vụ hoặc không góp sức lao động trong thời gian liên tục theo quy định của Điều lệ; 
 e) Tại thời điểm cam kết góp đủ vốn, thành viên không thực hiện góp vốn hoặc góp vốn thấp hơn vốn góp tối thiểu quy định trong Điều lệ. 
 2. Các trường hợp chấm dứt tư cách thành viên liên kết góp vốn theo quy định tại các điểm a, b, c, d và e khoản 1 Điều này. 
 3. Các trường hợp chấm dứt tư cách thành viên liên kết không góp vốn bao gồm: 
 a) Các trường hợp quy định tại các điểm a, b, c, d và đ khoản 1 Điều này; 
 b) Không nộp phí thành viên theo quy định của Điều lệ. 
 4. Thẩm quyền quyết định chấm dứt tư cách thành viên, giải quyết quyền, nghĩa vụ đối với thành viên trong trường hợp chấm dứt tư cách thành viên thực hiện theo quy định của Luật này và Điều lệ. 
 Chương IV 
 THÀNH LẬP HỢP TÁC XÃ, LIÊN HIỆP HỢP TÁC XÃ",content.csv,Luật Hợp tác xã số 17/2023/QH15,Luật,01/07/2024,Còn hiệu lực,"[""Admin"", ""Staff"", ""Guest""]"
166269_art_38,166269,"Điều 38. Sáng lập viên 
 1. Sáng lập viên hợp tác xã là cá nhân, tổ chức tự nguyện cam kết tham gia thành lập và là thành viên chính thức của hợp tác xã. Sáng lập viên liên hiệp hợp tác xã là hợp tác xã tự nguyện cam kết tham gia thành lập và là thành viên chính thức của liên hiệp hợp tác xã. 
 2. Sáng lập viên vận động, tuyên truyền thành lập; xây dựng phương án sản xuất, kinh doanh, dự thảo Điều lệ; chuẩn bị các điều kiện và triển khai các công việc để tổ chức hội nghị thành lập hợp tác xã, liên hiệp hợp tác xã. 
 3. Sáng lập viên có thể liên hệ với cơ quan đăng ký kinh doanh, cơ quan nhà nước có thẩm quyền hoặc tổ chức đại diện nơi thành lập hoặc cơ quan, tổ chức khác để được tư vấn, hỗ trợ việc thành lập. 
 4. Sáng lập viên là tổ chức kinh tế có vốn đầu tư nước ngoài, cá nhân là nhà đầu tư nước ngoài phải đáp ứng điều kiện tiếp cận thị trường đối với nhà đầu tư nước ngoài theo quy định của pháp luật về đầu tư và pháp luật có liên quan.",content.csv,Luật Hợp tác xã số 17/2023/QH15,Luật,01/07/2024,Còn hiệu lực,"[""Admin"", ""Staff"", ""Guest""]"
166269_art_39,166269,"Điều 39. Hội nghị thành lập hợp tác xã, liên hiệp hợp tác xã 
 1. Hội nghị thành lập hợp tác xã, liên hiệp hợp tác xã do sáng lập viên tổ chức có thành phần bao gồm: 
 a) Sáng lập viên là cá nhân; 
 b) Người đại diện theo pháp luật hoặc người đại diện theo ủy quyền của sáng lập viên là tổ chức; 
 c) Cá nhân, người đại diện theo pháp luật hoặc người đại diện theo ủy quyền của tổ chức khác có nguyện vọng gia nhập hợp tác xã, liên hiệp hợp tác xã; 
 d) Đại diện của tổ chức đại diện có thể được mời tham gia hội nghị nhưng không có quyền biểu quyết. 
 2. Hội nghị thành lập hợp tác xã, liên hiệp hợp tác xã được thực hiện theo trình tự sau đây: 
 a) Thảo luận về dự thảo Điều lệ; danh sách thành viên; phương án sản xuất, kinh doanh; tổ chức quản trị; 
 b) Thông qua Điều lệ; 
 c) Thông qua danh sách thành viên là cá nhân, tổ chức tán thành Điều lệ và đủ điều kiện theo quy định của Luật này và pháp luật có liên quan. 
 3. Thành viên chính thức quyết định các nội dung sau đây: 
 a) Phương án sản xuất, kinh doanh; 
 b) Bầu thành viên Hội đồng quản trị và Chủ tịch Hội đồng quản trị đối với tổ chức quản trị đầy đủ hoặc bầu Giám đốc đối với tổ chức quản trị rút gọn. Hội đồng quản trị bổ nhiệm Giám đốc (Tổng giám đốc); 
 c) Bầu thành viên Ban kiểm soát và Trưởng Ban kiểm soát đối với tổ chức quản trị đầy đủ hoặc bầu kiểm soát viên đối với tổ chức quản trị rút gọn; 
 d) Người được ủy quyền đăng ký thành lập và thực hiện các nội dung khác có liên quan đến việc thành lập và tổ chức, hoạt động của hợp tác xã, liên hiệp hợp tác xã. 
 4. Thành viên chính thức, thành viên liên kết góp vốn định giá, thông qua kết quả định giá tài sản góp vốn của các thành viên theo quy định tại khoản 1",content.csv,Luật Hợp tác xã số 17/2023/QH15,Luật,01/07/2024,Còn hiệu lực,"[""Admin""]"
166269_art_77,166269,"Điều 77 của Luật này. 
 5. Nghị quyết của hội nghị thành lập bao gồm những nội dung quy định tại khoản 3 Điều này và phải được biểu quyết theo nguyên tắc đa số, mỗi thành viên một phiếu bầu ngang nhau.",content.csv,Luật Hợp tác xã số 17/2023/QH15,Luật,01/07/2024,Còn hiệu lực,"[""Admin"", ""Staff"", ""Guest""]"
166269_art_40,166269,"Điều 40. Nội dung của Điều lệ hợp tác xã, liên hiệp hợp tác xã 
 Nội dung của Điều lệ không được trái với quy định của Luật này và pháp luật có liên quan, bao gồm các nội dung chủ yếu sau đây: 
 1. Tên, địa chỉ trụ sở chính; biểu tượng (nếu có); 
 2. Ngành, nghề kinh doanh; 
 3. Điều kiện, thủ tục kết nạp thành viên; 
 4. Các trường hợp chấm dứt và thủ tục chấm dứt tư cách thành viên, trong đó quy định cụ thể về điều kiện chấm dứt tư cách thành viên, bao gồm: 
 a) Trường hợp khai trừ thành viên; 
 b) Mức độ thường xuyên sử dụng sản phẩm, dịch vụ hoặc thời gian liên tục không góp sức lao động của thành viên chính thức; 
 c) Giá trị tối thiểu của sản phẩm, dịch vụ mà thành viên chính thức phải sử dụng; 
 5. Quyền, nghĩa vụ của thành viên; 
 6. Tổ chức quản trị; thẩm quyền của Đại hội thành viên; nhiệm vụ, quyền hạn của Hội đồng quản trị, Giám đốc (Tổng giám đốc), Ban kiểm soát đối với tổ chức quản trị đầy đủ hoặc nhiệm vụ, quyền hạn của Giám đốc, kiểm soát viên đối với tổ chức quản trị rút gọn; 
 7. Số lượng, chức danh và quyền, nghĩa vụ của người đại diện theo pháp luật; phân chia quyền, nghĩa vụ của người đại diện theo pháp luật trong trường hợp hợp tác xã, liên hiệp hợp tác xã có nhiều hơn một người đại diện theo pháp luật; 
 8. Vốn điều lệ; tăng, giảm vốn điều lệ; vốn góp tối thiểu, vốn góp tối đa, hình thức, thời hạn góp vốn; định giá tài sản góp vốn; trả lại một phần hoặc toàn bộ phần vốn góp của thành viên chính thức, thành viên liên kết góp vốn; 
 9. Phí thành viên trong trường hợp có thành viên liên kết không góp vốn; 
 10. Hình thức tổ chức Đại hội thành viên; cách thức biểu quyết tại Đại hội thành viên; cách thức bầu đại biểu tham dự và biểu quyết tại Đại hội thành viên trong trường hợp Đại hội thành viên tổ chức theo hình thức đại hội đại biểu; 
 11. Tỷ lệ giá trị giao dịch nội bộ tối thiểu; 
 12. Đầu tư, góp vốn, mua cổ phần, thành lập doanh nghiệp, liên danh, liên kết với tổ chức kinh tế; 
 13. Lập quỹ; tỷ lệ trích lập quỹ; tỷ lệ, phương thức phân phối thu nhập; 
 14. Quản lý tài chính, sử dụng và xử lý tài sản, vốn, quỹ và khoản lỗ; 
 15. Nguyên tắc trả thù lao, tiền lương, tiền công, tiền thưởng và chế độ khác cho thành viên Hội đồng quản trị, Giám đốc (Tổng giám đốc), thành viên Ban kiểm soát hoặc kiểm soát viên, người lao động; 
 16. Trình tự, thủ tục cấp, cấp lại, cấp đổi, thu hồi Giấy chứng nhận phần vốn góp; 
 17. Trình tự, thủ tục sửa đổi, bổ sung Điều lệ; 
 18. Biện pháp xử lý thành viên nợ quá hạn; 
 19. Xử lý vi phạm Điều lệ và nguyên tắc giải quyết tranh chấp nội bộ.",content.csv,Luật Hợp tác xã số 17/2023/QH15,Luật,01/07/2024,Còn hiệu lực,"[""Admin"", ""Staff"", ""Guest""]"
166269_art_41,166269,"Điều 41. Đăng ký hợp tác xã, liên hiệp hợp tác xã 
 1. Đăng ký hợp tác xã, liên hiệp hợp tác xã bao gồm đăng ký thành lập hợp tác xã, liên hiệp hợp tác xã; đăng ký chuyển đổi tổ hợp tác thành hợp tác xã; đăng ký hoạt động chi nhánh, văn phòng đại diện, địa điểm kinh doanh và nghĩa vụ đăng ký, thông báo khác theo quy định của Luật này. 
 2. Hồ sơ đăng ký được gửi đến cơ quan đăng ký kinh doanh theo một trong các phương thức sau đây: 
 a) Bằng bản giấy nộp trực tiếp tại cơ quan đăng ký kinh doanh; 
 b) Bằng bản giấy qua dịch vụ bưu chính; 
 c) Qua hệ thống thông tin điện tử của cơ quan đăng ký kinh doanh. 
 3. Chính phủ quy định về cơ quan đăng ký kinh doanh, trình tự, thủ tục, liên thông trong đăng ký hợp tác xã, liên hiệp hợp tác xã. 
 4. Bộ trưởng Bộ Kế hoạch và Đầu tư ban hành biểu mẫu thực hiện thủ tục đăng ký hợp tác xã, liên hiệp hợp tác xã.",content.csv,Luật Hợp tác xã số 17/2023/QH15,Luật,01/07/2024,Còn hiệu lực,"[""Admin"", ""Staff"", ""Guest""]"
166269_art_42,166269,"Điều 42. Đăng ký thành lập hợp tác xã, liên hiệp hợp tác xã 
 1. Trước khi hoạt động, người được ủy quyền đăng ký thành lập hợp tác xã, liên hiệp hợp tác xã thực hiện thủ tục đăng ký thành lập tại cơ quan đăng ký kinh doanh nơi đặt trụ sở chính. 
 2. Hồ sơ đăng ký thành lập bao gồm: 
 a) Giấy đề nghị đăng ký thành lập; 
 b) Điều lệ; 
 c) Nghị quyết hội nghị thành lập; 
 d) Danh sách thành viên chính thức, thành viên liên kết góp vốn; 
 đ) Danh sách, số định danh cá nhân của người đại diện theo pháp luật là người Việt Nam; danh sách, bản sao giấy tờ pháp lý của người đại diện theo pháp luật là người nước ngoài; 
 e) Bản sao giấy chứng nhận đăng ký đầu tư theo quy định tại điểm b khoản 1",content.csv,Luật Hợp tác xã số 17/2023/QH15,Luật,01/07/2024,Còn hiệu lực,"[""Admin"", ""Staff"", ""Guest""]"
166269_art_43,166269,"Điều 43. Nội dung giấy đề nghị đăng ký thành lập hợp tác xã, liên hiệp hợp tác xã 
 Giấy đề nghị đăng ký thành lập bao gồm nội dung chủ yếu sau đây: 
 1. Tên hợp tác xã, liên hiệp hợp tác xã; 
 2. Địa chỉ trụ sở chính, số điện thoại của hợp tác xã, liên hiệp hợp tác xã; 
 3. Ngành, nghề kinh doanh; 
 4. Vốn điều lệ; 
 5. Số lượng thành viên chính thức, thành viên liên kết góp vốn, trong đó nêu rõ thông tin thành viên chính thức, thành viên liên kết góp vốn là cá nhân là nhà đầu tư nước ngoài, tổ chức kinh tế có vốn đầu tư nước ngoài; 
 6. Họ, tên, chữ ký, địa chỉ liên lạc, quốc tịch, số định danh cá nhân hoặc số giấy tờ pháp lý đối với người đại diện theo pháp luật của hợp tác xã, liên hiệp hợp tác xã; 
 7. Thông tin đăng ký thuế.",content.csv,Luật Hợp tác xã số 17/2023/QH15,Luật,01/07/2024,Còn hiệu lực,"[""Admin"", ""Staff"", ""Guest""]"
166269_art_44,166269,"Điều 44. Giấy chứng nhận đăng ký hợp tác xã 
 1. Điều kiện cấp Giấy chứng nhận đăng ký hợp tác xã: 
 a) Ngành, nghề đăng ký kinh doanh không bị cấm đầu tư kinh doanh; 
 b) Có hồ sơ đăng ký hợp lệ; 
 c) Tên của hợp tác xã, liên hiệp hợp tác xã theo quy định của Luật này; 
 d) Nộp đủ lệ phí đăng ký theo quy định của pháp luật về phí và lệ phí. 
 2. Hợp tác xã, liên hiệp hợp tác xã được cấp lại, cấp đổi Giấy chứng nhận đăng ký hợp tác xã theo quy định của Chính phủ. Khi cấp lại, cấp đổi Giấy chứng nhận đăng ký hợp tác xã thì hợp tác xã, liên hiệp hợp tác xã phải nộp lệ phí theo quy định của pháp luật.",content.csv,Luật Hợp tác xã số 17/2023/QH15,Luật,01/07/2024,Còn hiệu lực,"[""Admin"", ""Staff"", ""Guest""]"
166269_art_45,166269,"Điều 45. Nội dung Giấy chứng nhận đăng ký hợp tác xã 
 Giấy chứng nhận đăng ký hợp tác xã bao gồm nội dung chủ yếu sau đây: 
 1. Tên hợp tác xã, liên hiệp hợp tác xã; 
 2. Địa chỉ trụ sở chính; 
 3. Mã số hợp tác xã, liên hiệp hợp tác xã; 
 4. Vốn điều lệ; 
 5. Họ, tên, địa chỉ liên lạc, quốc tịch, số định danh cá nhân hoặc số giấy tờ pháp lý của người đại diện theo pháp luật của hợp tác xã, liên hiệp hợp tác xã.",content.csv,Luật Hợp tác xã số 17/2023/QH15,Luật,01/07/2024,Còn hiệu lực,"[""Admin"", ""Staff"", ""Guest""]"
166269_art_46,166269,"Điều 46. Mã số hợp tác xã, liên hiệp hợp tác xã 
 1. Mã số hợp tác xã, liên hiệp hợp tác xã được tạo bởi hệ thống thông tin điện tử của cơ quan đăng ký kinh doanh, cấp cho hợp tác xã, liên hiệp hợp tác xã khi thành lập. 
 2. Mỗi hợp tác xã, liên hiệp hợp tác xã có một mã số duy nhất và không được sử dụng lại để cấp cho tổ chức khác. 
 3. Mã số hợp tác xã, liên hiệp hợp tác xã được dùng để thực hiện nghĩa vụ về thuế, thủ tục hành chính và quyền, nghĩa vụ khác.",content.csv,Luật Hợp tác xã số 17/2023/QH15,Luật,01/07/2024,Còn hiệu lực,"[""Admin"", ""Staff"", ""Guest""]"
166269_art_47,166269,"Điều 47. Đăng ký thay đổi nội dung Giấy chứng nhận đăng ký hợp tác xã 
 1. Hợp tác xã, liên hiệp hợp tác xã phải đăng ký thay đổi nội dung Giấy chứng nhận đăng ký hợp tác xã khi thay đổi một trong các thông tin quy định tại khoản 1, 2 và 5",content.csv,Luật Hợp tác xã số 17/2023/QH15,Luật,01/07/2024,Còn hiệu lực,"[""Admin"", ""Staff"", ""Guest""]"
166269_art_48,166269,"Điều 48. Thông báo thay đổi nội dung đăng ký hợp tác xã, liên hiệp hợp tác xã 
 1. Hợp tác xã, liên hiệp hợp tác xã phải thông báo với cơ quan đăng ký kinh doanh khi có thay đổi một trong các nội dung sau đây: 
 a) Đăng ký về ngành, nghề kinh doanh; 
 b) Thông tin đăng ký thuế; 
 c) Thông tin thành viên chính thức, thành viên liên kết góp vốn là tổ chức kinh tế có vốn đầu tư nước ngoài, cá nhân là nhà đầu tư nước ngoài. 
 2. Việc thông báo được thực hiện theo trình tự sau đây: 
 a) Trong thời hạn 10 ngày kể từ ngày có thay đổi nội dung quy định tại khoản 1 Điều này, hợp tác xã, liên hiệp hợp tác xã gửi hồ sơ thông báo thay đổi đến cơ quan đăng ký kinh doanh; 
 b) Trong thời hạn 03 ngày làm việc kể từ ngày nhận được hồ sơ thông báo, cơ quan đăng ký kinh doanh có trách nhiệm xem xét tính hợp lệ của hồ sơ và thực hiện thay đổi nội dung đăng ký; trường hợp hồ sơ chưa hợp lệ, cơ quan đăng ký kinh doanh phải thông báo bằng văn bản nội dung cần sửa đổi, bổ sung; trường hợp từ chối thì phải thông báo bằng văn bản và nêu rõ lý do. 
 3. Thông báo thay đổi nội dung đăng ký hợp tác xã, liên hiệp hợp tác xã theo quyết định của Tòa án hoặc Trọng tài thực hiện theo trình tự sau đây: 
 a) Trong thời hạn 10 ngày kể từ ngày bản án, quyết định của Tòa án đã có hiệu lực pháp luật hoặc phán quyết của Trọng tài có hiệu lực, người đề nghị thay đổi nội dung đăng ký gửi hồ sơ thông báo thay đổi nội dung đăng ký đến cơ quan đăng ký kinh doanh; 
 b) Trong thời hạn 03 ngày làm việc kể từ ngày nhận được hồ sơ thông báo, cơ quan đăng ký kinh doanh có trách nhiệm xem xét và thực hiện thay đổi nội dung đăng ký theo nội dung bản án, quyết định của Tòa án đã có hiệu lực pháp luật hoặc phán quyết của Trọng tài có hiệu lực; trường hợp hồ sơ chưa hợp lệ, cơ quan đăng ký kinh doanh phải thông báo bằng văn bản nội dung cần sửa đổi, bổ sung; trường hợp từ chối thì phải thông báo bằng văn bản và nêu rõ lý do. 
 4. Chính phủ quy định hồ sơ thông báo thay đổi nội dung đăng ký hợp tác xã, liên hiệp hợp tác xã.",content.csv,Luật Hợp tác xã số 17/2023/QH15,Luật,01/07/2024,Còn hiệu lực,"[""Admin"", ""Staff"", ""Guest""]"
166269_art_49,166269,"Điều 49. Công bố nội dung đăng ký của hợp tác xã, liên hiệp hợp tác xã 
 1. Sau khi cấp Giấy chứng nhận đăng ký hợp tác xã, cơ quan đăng ký kinh doanh công bố nội dung đăng ký của hợp tác xã, liên hiệp hợp tác xã trên hệ thống thông tin điện tử của cơ quan đăng ký kinh doanh. Nội dung công bố bao gồm: 
 a) Nội dung Giấy chứng nhận đăng ký hợp tác xã; 
 b) Ngành, nghề kinh doanh. 
 2. Trường hợp đăng ký thay đổi nội dung Giấy chứng nhận đăng ký hợp tác xã theo quy định tại",content.csv,Luật Hợp tác xã số 17/2023/QH15,Luật,01/07/2024,Còn hiệu lực,"[""Admin"", ""Staff"", ""Guest""]"
166269_art_50,166269,"Điều 50. Tên của hợp tác xã, liên hiệp hợp tác xã, chi nhánh, văn phòng đại diện và địa điểm kinh doanh 
 1. Tên tiếng Việt của hợp tác xã, liên hiệp hợp tác xã bao gồm hai thành tố theo thứ tự sau đây: 
 a) Tên của hợp tác xã được bắt đầu bằng cụm từ ""Hợp tác xã"". Đối với Quỹ hỗ trợ phát triển hợp tác xã hoạt động theo mô hình hợp tác xã thì tên bắt đầu bằng cụm từ ""Quỹ hỗ trợ phát triển hợp tác xã"". Tên của liên hiệp hợp tác xã được bắt đầu bằng cụm từ ""Liên hiệp hợp tác xã""; 
 b) Tên riêng được viết bằng các chữ cái trong bảng chữ cái tiếng Việt, các chữ F, J, Z, W, chữ số và ký hiệu. 
 2. Tên bằng tiếng nước ngoài của hợp tác xã, liên hiệp hợp tác xã là tên được dịch từ tên tiếng Việt sang một trong những tiếng nước ngoài hệ chữ La-tinh. Khi dịch sang tiếng nước ngoài, tên riêng của hợp tác xã, liên hiệp hợp tác xã có thể giữ nguyên hoặc dịch theo nghĩa tương ứng sang tiếng nước ngoài. 
 3. Tên viết tắt của hợp tác xã, liên hiệp hợp tác xã được viết tắt từ tên tiếng Việt hoặc tên bằng tiếng nước ngoài. 
 4. Tên chi nhánh, văn phòng đại diện, địa điểm kinh doanh phải bao gồm tên hợp tác xã, liên hiệp hợp tác xã kèm theo cụm từ ""Chi nhánh"" đối với chi nhánh, cụm từ ""Văn phòng đại diện"" đối với văn phòng đại diện, cụm từ ""Địa điểm kinh doanh"" đối với địa điểm kinh doanh. 
 5. Việc đặt tên riêng của hợp tác xã, liên hiệp hợp tác xã không được vi phạm quy định sau đây: 
 a) Đặt tên trùng hoặc tên gây nhầm lẫn với tên của hợp tác xã, liên hiệp hợp tác xã đã đăng ký trên phạm vi toàn quốc; 
 b) Đặt tên xâm phạm quyền sở hữu công nghiệp đối với tên thương mại, nhãn hiệu, chỉ dẫn địa lý của tổ chức, cá nhân khác theo quy định của pháp luật về sở hữu trí tuệ; 
 c) Sử dụng tên cơ quan nhà nước, đơn vị lực lượng vũ trang nhân dân, tổ chức chính trị, tổ chức chính trị - xã hội, tổ chức chính trị xã hội - nghề nghiệp, tổ chức xã hội - nghề nghiệp để làm toàn bộ hoặc một phần tên riêng của hợp tác xã, liên hiệp hợp tác xã, trừ trường hợp có sự chấp thuận của cơ quan, đơn vị hoặc tổ chức đó; 
 d) Sử dụng từ ngữ, ký hiệu vi phạm truyền thống lịch sử, văn hóa, đạo đức và thuần phong mỹ tục của dân tộc. 
 6. Tên của hợp tác xã, liên hiệp hợp tác xã, chi nhánh, văn phòng đại diện phải được đăng ký tại cơ quan đăng ký kinh doanh. 
 7. Chính phủ quy định chi tiết Điều này.",content.csv,Luật Hợp tác xã số 17/2023/QH15,Luật,01/07/2024,Còn hiệu lực,"[""Admin"", ""Staff"", ""Guest""]"
166269_art_51,166269,"Điều 51. Trụ sở chính của hợp tác xã, liên hiệp hợp tác xã 
 Trụ sở chính của hợp tác xã, liên hiệp hợp tác xã đặt trên lãnh thổ Việt Nam là địa chỉ liên lạc của hợp tác xã, liên hiệp hợp tác xã được xác định theo địa giới đơn vị hành chính.",content.csv,Luật Hợp tác xã số 17/2023/QH15,Luật,01/07/2024,Còn hiệu lực,"[""Admin"", ""Staff"", ""Guest""]"
166269_art_52,166269,"Điều 52. Dấu của hợp tác xã, liên hiệp hợp tác xã 
 1. Dấu bao gồm dấu được làm tại cơ sở khắc dấu hoặc dấu dưới hình thức chữ ký số theo quy định của pháp luật về giao dịch điện tử. 
 2. Hợp tác xã, liên hiệp hợp tác xã quyết định loại dấu, số lượng, hình thức và nội dung dấu của hợp tác xã, liên hiệp hợp tác xã, chi nhánh, văn phòng đại diện và đơn vị khác của hợp tác xã, liên hiệp hợp tác xã. 
 3. Việc quản lý và lưu giữ dấu được thực hiện theo quy định của Điều lệ hoặc quy chế do hợp tác xã, liên hiệp hợp tác xã, chi nhánh, văn phòng đại diện hoặc đơn vị khác của hợp tác xã, liên hiệp hợp tác xã có dấu ban hành. Hợp tác xã, liên hiệp hợp tác xã sử dụng dấu trong hoạt động theo quy định của pháp luật.",content.csv,Luật Hợp tác xã số 17/2023/QH15,Luật,01/07/2024,Còn hiệu lực,"[""Admin"", ""Staff"", ""Guest""]"
166269_art_53,166269,"Điều 53. Chi nhánh, văn phòng đại diện và địa điểm kinh doanh của hợp tác xã, liên hiệp hợp tác xã 
 1. Chi nhánh là đơn vị phụ thuộc của hợp tác xã, liên hiệp hợp tác xã, có nhiệm vụ thực hiện toàn bộ hoặc một phần chức năng của hợp tác xã, liên hiệp hợp tác xã, bao gồm cả chức năng đại diện theo ủy quyền. Ngành, nghề kinh doanh của chi nhánh phải đúng với ngành, nghề kinh doanh của hợp tác xã, liên hiệp hợp tác xã. 
 2. Văn phòng đại diện là đơn vị phụ thuộc của hợp tác xã, liên hiệp hợp tác xã, có nhiệm vụ đại diện theo ủy quyền cho lợi ích của hợp tác xã, liên hiệp hợp tác xã. Văn phòng đại diện không thực hiện chức năng kinh doanh của hợp tác xã, liên hiệp hợp tác xã. 
 3. Địa điểm kinh doanh là nơi hợp tác xã, liên hiệp hợp tác xã tiến hành hoạt động kinh doanh cụ thể.",content.csv,Luật Hợp tác xã số 17/2023/QH15,Luật,01/07/2024,Còn hiệu lực,"[""Admin"", ""Staff"", ""Guest""]"
166269_art_54,166269,"Điều 54. Cung cấp thông tin về nội dung đăng ký của hợp tác xã, liên hiệp hợp tác xã 
 1. Tổ chức, cá nhân có quyền đề nghị cơ quan đăng ký kinh doanh cung cấp thông tin về nội dung đăng ký của hợp tác xã, liên hiệp hợp tác xã được lưu trữ trên hệ thống thông tin điện tử của cơ quan đăng ký kinh doanh và phải nộp phí theo quy định của pháp luật. 
 2. Cơ quan đăng ký kinh doanh có nghĩa vụ cung cấp đầy đủ và kịp thời thông tin theo quy định tại khoản 1 Điều này.",content.csv,Luật Hợp tác xã số 17/2023/QH15,Luật,01/07/2024,Còn hiệu lực,"[""Admin"", ""Staff"", ""Guest""]"
166269_art_55,166269,"Điều 55. Đăng ký hoạt động chi nhánh, văn phòng đại diện; thông báo địa điểm kinh doanh của hợp tác xã, liên hiệp hợp tác xã 
 1. Hợp tác xã, liên hiệp hợp tác xã có quyền thành lập một hoặc nhiều chi nhánh, văn phòng đại diện tại một địa phương theo địa giới đơn vị hành chính ở trong nước theo trình tự sau đây: 
 a) Hợp tác xã, liên hiệp hợp tác xã gửi hồ sơ đăng ký hoạt động của chi nhánh, văn phòng đại diện đến cơ quan đăng ký kinh doanh nơi hợp tác xã, liên hiệp hợp tác xã đặt chi nhánh, văn phòng đại diện; 
 b) Trong thời hạn 03 ngày làm việc kể từ ngày nhận hồ sơ đăng ký hoạt động của chi nhánh, văn phòng đại diện, cơ quan đăng ký kinh doanh có trách nhiệm xem xét tính hợp lệ của hồ sơ và cấp giấy chứng nhận đăng ký hoạt động chi nhánh, văn phòng đại diện; trường hợp hồ sơ chưa hợp lệ, cơ quan đăng ký kinh doanh phải thông báo bằng văn bản nội dung cần sửa đổi, bổ sung; trường hợp từ chối thì phải thông báo bằng văn bản và nêu rõ lý do. 
 2. Trong thời hạn 10 ngày kể từ ngày có thay đổi, hợp tác xã, liên hiệp hợp tác xã gửi hồ sơ đăng ký thay đổi nội dung giấy chứng nhận đăng ký hoạt động chi nhánh, văn phòng đại diện ở trong nước đến cơ quan đăng ký kinh doanh. 
 3. Hợp tác xã, liên hiệp hợp tác xã có quyền thành lập chi nhánh, văn phòng đại diện ở nước ngoài. Trong thời hạn 30 ngày kể từ ngày thành lập chi nhánh, văn phòng đại diện ở nước ngoài, hợp tác xã, liên hiệp hợp tác xã phải gửi hồ sơ thông báo tới cơ quan đăng ký kinh doanh nơi hợp tác xã, liên hiệp hợp tác xã đặt trụ sở chính. 
 4. Trong thời hạn 10 ngày kể từ ngày quyết định địa điểm kinh doanh, hợp tác xã, liên hiệp hợp tác xã gửi hồ sơ thông báo đến cơ quan đăng ký kinh doanh nơi đặt địa điểm kinh doanh. 
 5. Chính phủ quy định hồ sơ đăng ký hoạt động; đăng ký thay đổi nội dung đăng ký hoạt động chi nhánh, văn phòng đại diện; thông báo địa điểm kinh doanh của hợp tác xã, liên hiệp hợp tác xã. 
 Chương V 
 TỔ CHỨC QUẢN TRỊ CỦA HỢP TÁC XÃ, LIÊN HIỆP HỢP TÁC XÃ 
 Mục 1 
 TỔ CHỨC QUẢN TRỊ VÀ ĐẠI HỘI THÀNH VIÊN",content.csv,Luật Hợp tác xã số 17/2023/QH15,Luật,01/07/2024,Còn hiệu lực,"[""Admin"", ""Staff"", ""Guest""]"
166269_art_56,166269,"Điều 56. Tổ chức quản trị 
 1. Tổ chức quản trị của hợp tác xã, liên hiệp hợp tác xã bao gồm hai loại: 
 a) Tổ chức quản trị đầy đủ bao gồm Đại hội thành viên, Hội đồng quản trị, Giám đốc (Tổng giám đốc), Ban kiểm soát. Chủ tịch Hội đồng quản trị có thể kiêm Giám đốc (Tổng giám đốc); 
 b) Tổ chức quản trị rút gọn bao gồm Đại hội thành viên, Giám đốc, kiểm soát viên. 
 2. Hợp tác xã quy mô nhỏ, vừa, lớn, liên hiệp hợp tác xã từ 10 thành viên trở lên phải tổ chức theo tổ chức quản trị đầy đủ. 
 3. Hợp tác xã quy mô siêu nhỏ, liên hiệp hợp tác xã dưới 10 thành viên có thể tổ chức theo tổ chức quản trị đầy đủ hoặc tổ chức quản trị rút gọn. 
 4. Trường hợp hợp tác xã, liên hiệp hợp tác xã đang tổ chức theo tổ chức quản trị rút gọn phát triển thành hợp tác xã quy mô nhỏ, vừa, lớn, liên hiệp hợp tác xã từ 10 thành viên trở lên thì Đại hội thành viên gần nhất phải quyết định việc chuyển sang tổ chức quản trị đầy đủ.",content.csv,Luật Hợp tác xã số 17/2023/QH15,Luật,01/07/2024,Còn hiệu lực,"[""Admin"", ""Staff"", ""Guest""]"
166269_art_57,166269,"Điều 57. Đại hội thành viên 
 1. Đại hội thành viên là cơ quan quyết định cao nhất của hợp tác xã, liên hiệp hợp tác xã. Đại hội thành viên họp thường niên mỗi năm một lần và có thể họp bất thường. Trường hợp tổ chức theo tổ chức quản trị rút gọn, Đại hội thành viên họp định kỳ theo quy định của Điều lệ nhưng ít nhất 03 tháng một lần và có thể họp bất thường. 
 2. Đại hội thành viên được tổ chức dưới hình thức đại hội toàn thể hoặc đại hội đại biểu. Đại hội toàn thể bao gồm các thành viên chính thức tham dự và biểu quyết tại cuộc họp Đại hội thành viên. Đại hội đại biểu bao gồm các đại biểu đại diện cho các thành viên chính thức tham dự và biểu quyết tại cuộc họp Đại hội thành viên. Hợp tác xã, liên hiệp hợp tác xã có tổng số thành viên chính thức từ 50 thành viên trở lên có thể tổ chức đại hội đại biểu. Cuộc họp Đại hội thành viên có thể mời thành viên liên kết góp vốn, thành viên liên kết không góp vốn tham dự. 
 3. Cuộc họp Đại hội thành viên có thể được tổ chức bằng hình thức họp trực tiếp, họp trực tuyến hoặc kết hợp giữa họp trực tiếp và họp trực tuyến. 
 4. Cuộc họp Đại hội thành viên phải được ghi biên bản, có thể ghi âm, ghi hình để cung cấp cho các thành viên nếu có yêu cầu. Biên bản họp phải có chữ ký của chủ tọa và thư ký. Trường hợp chủ tọa, thư ký từ chối ký thì biên bản họp có hiệu lực nếu được trên 50% thành viên tham dự đồng ý ký; biên bản ghi rõ việc chủ tọa, thư ký từ chối ký. Người ký tên trong biên bản họp chịu trách nhiệm liên đới về tính chính xác và trung thực của biên bản họp.",content.csv,Luật Hợp tác xã số 17/2023/QH15,Luật,01/07/2024,Còn hiệu lực,"[""Admin"", ""Staff"", ""Guest""]"
166269_art_58,166269,"Điều 58. Đại biểu tham dự đại hội đại biểu 
 1. Tiêu chuẩn đại biểu và trình tự, thủ tục bầu đại biểu tham dự đại hội đại biểu do Điều lệ quy định. 
 2. Số lượng đại biểu tham dự đại hội đại biểu do Điều lệ quy định nhưng phải bảo đảm yêu cầu sau đây: 
 a) Không được ít hơn 50% tổng số thành viên chính thức đối với hợp tác xã, liên hiệp hợp tác xã có tổng số thành viên chính thức từ trên 50 đến 100 thành viên; 
 b) Không được ít hơn 30% tổng số thành viên chính thức đối với hợp tác xã, liên hiệp hợp tác xã có tổng số thành viên chính thức từ trên 100 đến 300 thành viên; 
 c) Không được ít hơn 20% tổng số thành viên chính thức đối với hợp tác xã, liên hiệp hợp tác xã có tổng số thành viên chính thức từ trên 300 đến 1.000 thành viên; 
 d) Không được ít hơn 200 đại biểu đối với hợp tác xã, liên hiệp hợp tác xã có tổng số thành viên chính thức trên 1.000 thành viên. 
 3. Đại biểu tham dự đại hội đại biểu phải thể hiện được ý kiến, nguyện vọng và có trách nhiệm thông tin về kết quả đại hội cho tất cả thành viên mà mình đại diện.",content.csv,Luật Hợp tác xã số 17/2023/QH15,Luật,01/07/2024,Còn hiệu lực,"[""Admin"", ""Staff"", ""Guest""]"
166269_art_59,166269,"Điều 59. Triệu tập Đại hội thành viên 
 1. Hội đồng quản trị đối với tổ chức quản trị đầy đủ hoặc Giám đốc đối với tổ chức quản trị rút gọn triệu tập Đại hội thành viên thường niên trong thời hạn 04 tháng kể từ ngày kết thúc năm tài chính. 
 2. Trường hợp tổ chức theo tổ chức quản trị đầy đủ, Đại hội thành viên bất thường được triệu tập trong trường hợp sau đây: 
 a) Hội đồng quản trị triệu tập để giải quyết những vấn đề vượt quá thẩm quyền; 
 b) Hội đồng quản trị triệu tập theo đề nghị của Ban kiểm soát hoặc ít nhất một phần ba tổng số thành viên chính thức; 
 c) Chủ tịch Hội đồng quản trị triệu tập trong trường hợp không tổ chức được cuộc họp định kỳ của Hội đồng quản trị sau 02 lần triệu tập. 
 3. Trường hợp tổ chức theo tổ chức quản trị rút gọn, Giám đốc triệu tập Đại hội thành viên bất thường trong trường hợp sau đây: 
 a) Giải quyết những vấn đề vượt quá thẩm quyền; 
 b) Theo đề nghị của kiểm soát viên hoặc ít nhất một phần ba tổng số thành viên chính thức. 
 4. Việc triệu tập Đại hội thành viên bất thường đối với trường hợp quy định tại điểm b khoản 2 và điểm b khoản 3 Điều này được thực hiện như sau: 
 a) Trong thời hạn 15 ngày kể từ ngày nhận được đề nghị của Ban kiểm soát hoặc kiểm soát viên hoặc ít nhất một phần ba tổng số thành viên chính thức, Hội đồng quản trị hoặc Giám đốc phải triệu tập Đại hội thành viên bất thường; 
 b) Trường hợp quá thời hạn 15 ngày kể từ ngày nhận được đề nghị của Ban kiểm soát hoặc kiểm soát viên hoặc ít nhất một phần ba tổng số thành viên chính thức mà Hội đồng quản trị hoặc Giám đốc không triệu tập Đại hội thành viên bất thường hoặc quá 04 tháng kể từ ngày kết thúc năm tài chính mà Hội đồng quản trị hoặc Giám đốc không triệu tập Đại hội thành viên thường niên thì Ban kiểm soát hoặc kiểm soát viên có quyền triệu tập Đại hội thành viên bất thường; 
 c) Trong thời hạn 15 ngày kể từ ngày Ban kiểm soát hoặc kiểm soát viên có quyền triệu tập mà không triệu tập Đại hội thành viên bất thường theo quy định tại điểm b khoản này thì thành viên đại diện cho ít nhất một phần ba tổng số thành viên chính thức có quyền triệu tập Đại hội thành viên. Việc cử thành viên đại diện phải được lập thành biên bản và có đầy đủ chữ ký của tất cả thành viên đề nghị triệu tập Đại hội thành viên. 
 5. Trường hợp Hội đồng quản trị hoặc Giám đốc không triệu tập họp Đại hội thành viên theo quy định tại khoản 1 và điểm a khoản 4 Điều này thì Hội đồng quản trị hoặc Giám đốc phải bồi thường thiệt hại phát sinh cho hợp tác xã, liên hiệp hợp tác xã theo quy định của pháp luật và Điều lệ. Trường hợp Ban kiểm soát hoặc kiểm soát viên không triệu tập họp Đại hội thành viên theo quy định tại điểm b khoản 4 Điều này thì Ban kiểm soát hoặc kiểm soát viên phải bồi thường thiệt hại phát sinh cho hợp tác xã, liên hiệp hợp tác xã theo quy định của pháp luật và Điều lệ. 
 6. Đại hội thành viên do người triệu tập chủ trì, trừ trường hợp Đại hội thành viên quyết định bầu thành viên khác chủ trì. 
 7. Đại hội thành viên được tiến hành khi có ít nhất 50% tổng số thành viên chính thức hoặc đại biểu được triệu tập tham dự; trường hợp không đủ số lượng thành viên thì phải hoãn họp Đại hội thành viên. Trường hợp cuộc họp lần thứ nhất không đủ điều kiện tiến hành thì triệu tập họp lần thứ hai trong thời hạn 30 ngày kể từ ngày dự định họp lần thứ nhất. Cuộc họp Đại hội thành viên lần thứ hai được tiến hành khi có ít nhất 33% tổng số thành viên chính thức hoặc đại biểu được triệu tập tham dự. Trường hợp cuộc họp lần thứ hai không đủ điều kiện tiến hành thì triệu tập họp lần thứ ba trong thời hạn 20 ngày kể từ ngày dự định họp lần thứ hai. Trong trường hợp này, cuộc họp Đại hội thành viên được tiến hành không phụ thuộc vào số thành viên tham dự.",content.csv,Luật Hợp tác xã số 17/2023/QH15,Luật,01/07/2024,Còn hiệu lực,"[""Admin"", ""Staff"", ""Guest""]"
166269_art_60,166269,"Điều 60. Chuẩn bị Đại hội thành viên 
 1. Người triệu tập Đại hội thành viên phải lập danh sách thành viên, đại biểu có quyền dự họp; chuẩn bị chương trình, nội dung, tài liệu và dự thảo nghị quyết; thông báo triệu tập gửi đến từng thành viên ít nhất 03 ngày trước ngày Đại hội thành viên khai mạc. Nội dung thông báo triệu tập phải xác định rõ thời gian, địa điểm, hình thức và chương trình họp. Thông báo triệu tập được gửi bằng bản giấy, bản điện tử hoặc phương thức khác do Điều lệ quy định. 
 2. Nội dung chương trình đại hội có thể thay đổi khi có ít nhất một phần ba tổng số thành viên chính thức kiến nghị bằng văn bản điều chỉnh về cùng một nội dung. Nội dung kiến nghị phải được gửi đến người triệu tập họp chậm nhất 02 ngày trước ngày Đại hội thành viên khai mạc nếu Điều lệ không có quy định khác. Kiến nghị phải ghi rõ tên thành viên chính thức và nội dung kiến nghị. 
 3. Người triệu tập Đại hội thành viên chỉ có quyền từ chối kiến nghị quy định tại khoản 2 Điều này nếu thuộc một trong các trường hợp sau đây: 
 a) Kiến nghị được gửi đến không đúng thời hạn; 
 b) Kiến nghị không phù hợp với nội dung được đề nghị xem xét tại Đại hội thành viên; 
 c) Nội dung kiến nghị không thuộc thẩm quyền quyết định của Đại hội thành viên; 
 d) Trường hợp khác theo quy định của Điều lệ. 
 4. Trường hợp từ chối kiến nghị, người triệu tập phải báo cáo Đại hội thành viên trước khi quyết định chương trình Đại hội thành viên. Các kiến nghị được chấp thuận phải được đưa vào chương trình dự kiến. Chương trình Đại hội thành viên phải được Đại hội thành viên biểu quyết thông qua.",content.csv,Luật Hợp tác xã số 17/2023/QH15,Luật,01/07/2024,Còn hiệu lực,"[""Admin"", ""Staff"", ""Guest""]"
166269_art_61,166269,"Điều 61. Tham dự và biểu quyết trong Đại hội thành viên 
 1. Thành viên, đại biểu được xác định là tham dự và biểu quyết tại cuộc họp Đại hội thành viên trong trường hợp sau đây: 
 a) Tham dự và biểu quyết trực tiếp tại cuộc họp; 
 b) Tham dự và biểu quyết bằng hình thức trực tuyến; 
 c) Đã ủy quyền cho cá nhân, tổ chức khác tham dự và biểu quyết tại cuộc họp. 
 2. Các nội dung sau đây được Đại hội thành viên thông qua khi có ít nhất 65% tổng số phiếu biểu quyết tán thành của thành viên, đại biểu tham dự và biểu quyết theo quy định tại khoản 1 Điều này: 
 a) Sửa đổi, bổ sung Điều lệ; 
 b) Quyết định việc đầu tư hoặc bán tài sản chung được chia có giá trị bằng hoặc lớn hơn 20% tổng giá trị tài sản của hợp tác xã, liên hiệp hợp tác xã được ghi trong báo cáo tài chính gần nhất; quyết định việc đầu tư hoặc bán tài sản chung không chia; 
 c) Thay đổi tổ chức quản trị của hợp tác xã, liên hiệp hợp tác xã; 
 d) Tổ chức lại, giải thể, phá sản hợp tác xã, liên hiệp hợp tác xã. 
 3. Các nội dung không thuộc quy định tại khoản 2 Điều này được thông qua khi có trên 50% tổng số phiếu biểu quyết tán thành của thành viên, đại biểu tham dự và biểu quyết theo quy định tại khoản 1 Điều này. 
 4. Đối với Đại hội thành viên của hợp tác xã, mỗi thành viên chính thức tham dự đại hội toàn thể có một phiếu biểu quyết có giá trị ngang nhau, không phụ thuộc vào phần vốn góp hay chức vụ thành viên. Mỗi đại biểu tham dự đại hội đại biểu có số phiếu biểu quyết bằng số lượng thành viên ủy quyền. 
 5. Đối với Đại hội thành viên của liên hiệp hợp tác xã, mỗi thành viên chính thức hoặc đại biểu thành viên chính thức tham dự có số lượng phiếu biểu quyết ngang nhau hoặc khác nhau tương ứng theo số lượng thành viên chính thức của các hợp tác xã thành viên do Điều lệ của liên hiệp hợp tác xã quy định. 
 6. Phiếu biểu quyết và biên bản kiểm phiếu tại Đại hội thành viên phải được lưu trữ.",content.csv,Luật Hợp tác xã số 17/2023/QH15,Luật,01/07/2024,Còn hiệu lực,"[""Admin"", ""Staff"", ""Guest""]"
166269_art_62,166269,"Điều 62. Điều kiện trở thành thành viên Hội đồng quản trị, Giám đốc (Tổng giám đốc), thành viên Ban kiểm soát hoặc kiểm soát viên, kế toán 
 1. Thành viên Hội đồng quản trị của hợp tác xã, liên hiệp hợp tác xã phải đáp ứng các điều kiện sau đây: 
 a) Là thành viên chính thức hoặc là người đại diện theo pháp luật hoặc theo ủy quyền của tổ chức là thành viên chính thức; 
 b) Không đồng thời là thành viên Ban kiểm soát hoặc kiểm soát viên, kế toán trưởng, thủ quỹ của cùng hợp tác xã, liên hiệp hợp tác xã; 
 c) Không được là người có quan hệ gia đình với thành viên khác của Hội đồng quản trị, Ban kiểm soát hoặc kiểm soát viên, kế toán trưởng, thủ quỹ của cùng hợp tác xã, liên hiệp hợp tác xã. 
 2. Giám đốc (Tổng giám đốc) của hợp tác xã, liên hiệp hợp tác xã phải đáp ứng các điều kiện sau đây: 
 a) Là thành viên chính thức hoặc là người đại diện theo pháp luật hoặc theo ủy quyền của tổ chức là thành viên chính thức. Hợp tác xã, liên hiệp hợp tác xã tổ chức theo tổ chức quản trị đầy đủ có thể thuê Giám đốc (Tổng giám đốc) theo quyết định của Đại hội thành viên. 
 b) Không đồng thời là thành viên Ban kiểm soát hoặc kiểm soát viên, kế toán trưởng, thủ quỹ của cùng hợp tác xã, liên hiệp hợp tác xã; 
 c) Không được là người có quan hệ gia đình với thành viên Ban kiểm soát hoặc kiểm soát viên, kế toán trưởng, thủ quỹ của cùng hợp tác xã, liên hiệp hợp tác xã. 
 3. Thành viên Ban kiểm soát hoặc kiểm soát viên của hợp tác xã, liên hiệp hợp tác xã phải đáp ứng các điều kiện sau đây: 
 a) Là thành viên chính thức hoặc là người đại diện theo pháp luật hoặc theo ủy quyền của tổ chức là thành viên chính thức; 
 b) Không đồng thời là thành viên Hội đồng quản trị, Giám đốc (Tổng giám đốc), kế toán trưởng, thủ quỹ của cùng hợp tác xã, liên hiệp hợp tác xã; 
 c) Không được là người có quan hệ gia đình với thành viên Hội đồng quản trị, thành viên khác của Ban kiểm soát hoặc kiểm soát viên, Giám đốc (Tổng giám đốc), kế toán trưởng, thủ quỹ của cùng hợp tác xã, liên hiệp hợp tác xã. 
 4. Những người sau đây không được là thành viên Hội đồng quản trị, Giám đốc (Tổng giám đốc), thành viên Ban kiểm soát hoặc kiểm soát viên: 
 a) Đang bị truy cứu trách nhiệm hình sự, bị tạm giam, đang chấp hành hình phạt tù, đang chấp hành biện pháp xử lý hành chính tại cơ sở cai nghiện bắt buộc, cơ sở giáo dục bắt buộc hoặc đang bị Tòa án cấm đảm nhiệm chức vụ, cấm hành nghề hoặc làm công việc nhất định; 
 b) Trường hợp khác theo quy định của pháp luật và Điều lệ. 
 5. Kế toán trưởng, người làm kế toán phải có chuyên môn, nghiệp vụ về kế toán theo quy định của pháp luật về kế toán.",content.csv,Luật Hợp tác xã số 17/2023/QH15,Luật,01/07/2024,Còn hiệu lực,"[""Admin"", ""Staff"", ""Guest""]"
166269_art_63,166269,"Điều 63. Miễn nhiệm, bãi nhiệm, cách chức hoặc chấm dứt hợp đồng lao động đối với người giữ các chức danh trong hợp tác xã, liên hiệp hợp tác xã 
 1. Thành viên Hội đồng quản trị, thành viên Ban kiểm soát hoặc kiểm soát viên, Giám đốc (Tổng giám đốc) bị miễn nhiệm, bãi nhiệm, cách chức hoặc chấm dứt hợp đồng lao động nếu thuộc một trong các trường hợp sau đây: 
 a) Không còn đáp ứng điều kiện theo quy định tại",content.csv,Luật Hợp tác xã số 17/2023/QH15,Luật,01/07/2024,Còn hiệu lực,"[""Admin"", ""Staff"", ""Guest""]"
166269_art_64,166269,"Điều 64. Thẩm quyền của Đại hội thành viên theo tổ chức quản trị đầy đủ 
 1. Thông qua định hướng phát triển của hợp tác xã, liên hiệp hợp tác xã; sửa đổi, bổ sung Điều lệ; báo cáo hoạt động của Hội đồng quản trị và Ban kiểm soát; báo cáo tài chính hằng năm; phương án sản xuất, kinh doanh. 
 2. Thông qua phương án phân phối thu nhập và xử lý khoản lỗ, khoản nợ; tỷ lệ trích lập quỹ chung không chia và quỹ khác; phương án thù lao, tiền lương, tiền công, tiền thưởng và chế độ đãi ngộ khác cho thành viên Hội đồng quản trị, Giám đốc (Tổng giám đốc), thành viên Ban kiểm soát, người giữ chức danh quản lý, chuyên môn khác và người lao động. 
 3. Thông qua việc đầu tư hoặc bán tài sản chung được chia có giá trị bằng hoặc lớn hơn 20% tổng giá trị tài sản của hợp tác xã, liên hiệp hợp tác xã được ghi trong báo cáo tài chính gần nhất; việc đầu tư hoặc bán tài sản chung không chia. 
 4. Thông qua việc góp vốn, mua cổ phần, thành lập doanh nghiệp, liên danh, liên kết; tham gia vào hợp tác xã, liên hiệp hợp tác xã khác, tổ chức đại diện. 
 5. Thông qua việc tăng, giảm vốn điều lệ, vốn góp tối thiểu; việc huy động vốn; việc trả lại một phần hoặc toàn bộ phần vốn góp; kết quả định giá tài sản và tài sản chung không chia; quy chế quản lý, sử dụng tài sản và quỹ. 
 6. Thông qua tổ chức quản trị; quy chế quản trị nội bộ; quy chế hoạt động Hội đồng quản trị, Ban kiểm soát; quyết định số lượng thành viên Hội đồng quản trị, số lượng thành viên Ban kiểm soát, số lượng người đại diện theo pháp luật của hợp tác xã, liên hiệp hợp tác xã; việc tổ chức lại, giải thể, phá sản hợp tác xã, liên hiệp hợp tác xã. 
 7. Bầu, bãi nhiệm, miễn nhiệm thành viên Hội đồng quản trị, thành viên Ban kiểm soát, Trưởng Ban kiểm soát; người đại diện theo pháp luật. Bầu, bãi nhiệm, miễn nhiệm hoặc ủy quyền cho Hội đồng quản trị bầu, bãi nhiệm, miễn nhiệm Chủ tịch Hội đồng quản trị. Thông qua chủ trương Chủ tịch Hội đồng quản trị kiêm Giám đốc (Tổng giám đốc) hoặc thuê Giám đốc (Tổng giám đốc). 
 8. Quyết định lựa chọn tổ chức kiểm toán độc lập. 
 9. Thẩm quyền khác do Đại hội thành viên quyết định nhưng không trái với quy định của Luật này và pháp luật có liên quan.",content.csv,Luật Hợp tác xã số 17/2023/QH15,Luật,01/07/2024,Còn hiệu lực,"[""Admin"", ""Staff"", ""Guest""]"
166269_art_65,166269,"Điều 65. Hội đồng quản trị 
 1. Hội đồng quản trị là cơ quan quản lý hợp tác xã, liên hiệp hợp tác xã, bao gồm Chủ tịch Hội đồng quản trị và thành viên khác của Hội đồng quản trị do Hội nghị thành lập hoặc Đại hội thành viên bầu trong số thành viên chính thức. Số lượng thành viên Hội đồng quản trị do Điều lệ quy định nhưng tối thiểu là 03 người, tối đa là 15 người. Tổng số lượng thành viên tham gia Hội đồng quản trị là tổ chức kinh tế có vốn đầu tư nước ngoài và cá nhân là nhà đầu tư nước ngoài chiếm dưới 35% tổng số lượng thành viên Hội đồng quản trị. 
 2. Nhiệm kỳ của Hội đồng quản trị do Điều lệ quy định nhưng tối đa là 05 năm. Nhiệm kỳ của thành viên Hội đồng quản trị theo nhiệm kỳ của Hội đồng quản trị. Thành viên Hội đồng quản trị có thể được bầu lại với số nhiệm kỳ không hạn chế. Việc bầu, bãi nhiệm, miễn nhiệm thành viên Hội đồng quản trị được thực hiện bằng phiếu kín. 
 3. Hội đồng quản trị hợp tác xã họp định kỳ theo quy định của Điều lệ nhưng ít nhất 03 tháng một lần. Hội đồng quản trị liên hiệp hợp tác xã họp định kỳ theo quy định của Điều lệ nhưng ít nhất 06 tháng một lần. 
 4. Hội đồng quản trị họp bất thường khi có yêu cầu của một trong các chủ thể sau đây: 
 a) Chủ tịch Hội đồng quản trị; 
 b) Giám đốc (Tổng giám đốc); 
 c) Trưởng Ban kiểm soát; 
 d) Ít nhất một phần ba tổng số thành viên Hội đồng quản trị. 
 5. Cuộc họp Hội đồng quản trị được thực hiện như sau: 
 a) Cuộc họp Hội đồng quản trị được tiến hành khi có ít nhất hai phần ba tổng số thành viên Hội đồng quản trị tham dự. Quyết định của Hội đồng quản trị được thông qua theo nguyên tắc đa số, mỗi thành viên có một phiếu biểu quyết có giá trị ngang nhau. Trường hợp có số phiếu ngang nhau thì nội dung có phiếu tán thành của Chủ tịch Hội đồng quản trị hoặc người được Chủ tịch Hội đồng quản trị ủy quyền chủ trì cuộc họp là nội dung được thông qua; 
 b) Trường hợp triệu tập họp Hội đồng quản trị theo định kỳ nhưng không đủ số thành viên tham dự, Chủ tịch Hội đồng quản trị triệu tập cuộc họp Hội đồng quản trị lần thứ hai trong thời gian không quá 15 ngày kể từ ngày dự định cuộc họp lần đầu. Trường hợp này, cuộc họp được tiến hành nếu có trên 50% số thành viên Hội đồng quản trị dự họp; 
 c) Trường hợp triệu tập họp Hội đồng quản trị lần thứ hai mà vẫn không đủ số thành viên tham dự, Chủ tịch Hội đồng quản trị triệu tập Đại hội thành viên bất thường trong thời hạn không quá 30 ngày kể từ ngày dự định họp lần thứ hai. Chủ tịch Hội đồng quản trị báo cáo Đại hội thành viên bất thường để xem xét tư cách của thành viên Hội đồng quản trị không tham dự hai cuộc họp trước và đề xuất biện pháp xử lý; 
 d) Cuộc họp Hội đồng quản trị phải được ghi biên bản, có thể ghi âm, ghi hình để cung cấp cho các thành viên nếu có yêu cầu. Biên bản họp phải có chữ ký của chủ tọa và thư ký. Thành viên Hội đồng quản trị có quyền bảo lưu ý kiến và được ghi vào biên bản họp. Trường hợp chủ tọa, thư ký từ chối ký thì biên bản họp có hiệu lực nếu được trên 50% thành viên tham dự đồng ý ký; biên bản họp ghi rõ việc chủ tọa, thư ký từ chối ký. Người ký tên trong biên bản họp chịu trách nhiệm liên đới về tính chính xác và trung thực của biên bản họp. 
 6. Trường hợp nội dung do Hội đồng quản trị thông qua trái với quy định của pháp luật, nghị quyết Đại hội thành viên, Điều lệ gây thiệt hại cho hợp tác xã, liên hiệp hợp tác xã thì các thành viên tán thành nội dung đó phải cùng liên đới chịu trách nhiệm cá nhân và phải bồi thường thiệt hại cho hợp tác xã, liên hiệp hợp tác xã theo quy định của pháp luật; thành viên phản đối được miễn trừ trách nhiệm và có quyền yêu cầu Tòa án đình chỉ thực hiện hoặc hủy bỏ nội dung này.",content.csv,Luật Hợp tác xã số 17/2023/QH15,Luật,01/07/2024,Còn hiệu lực,"[""Admin"", ""Staff"", ""Guest""]"
166269_art_66,166269,"Điều 66. Nhiệm vụ, quyền hạn của Hội đồng quản trị 
 1. Trình Đại hội thành viên xem xét, thông qua các nội dung thuộc thẩm quyền của Đại hội thành viên theo quy định tại",content.csv,Luật Hợp tác xã số 17/2023/QH15,Luật,01/07/2024,Còn hiệu lực,"[""Admin"", ""Staff"", ""Guest""]"
166269_art_67,166269,"Điều 67. Chủ tịch Hội đồng quản trị 
 1. Chủ tịch Hội đồng quản trị do Hội nghị thành lập hoặc Đại hội thành viên bầu, bãi nhiệm, miễn nhiệm trong số thành viên chính thức hoặc Hội đồng quản trị bầu, bãi nhiệm, miễn nhiệm trong số thành viên Hội đồng quản trị. Việc bầu, bãi nhiệm, miễn nhiệm Chủ tịch Hội đồng quản trị được thực hiện bằng phiếu kín. 
 2. Chủ tịch Hội đồng quản trị có nhiệm vụ, quyền hạn sau đây: 
 a) Chịu trách nhiệm trước Đại hội thành viên và Hội đồng quản trị về nhiệm vụ được giao; 
 b) Ký Điều lệ và nghị quyết thành lập hợp tác xã, liên hiệp hợp tác xã; các văn bản của Hội nghị thành lập, Đại hội thành viên; ký văn bản của Hội đồng quản trị theo quy định của pháp luật và Điều lệ; 
 c) Quyết định chương trình, kế hoạch và phân công nhiệm vụ thành viên Hội đồng quản trị; 
 d) Chuẩn bị nội dung, chương trình, triệu tập và chủ trì cuộc họp của Hội đồng quản trị, Đại hội thành viên, trừ trường hợp Luật này hoặc Điều lệ có quy định khác; 
 đ) Nhiệm vụ, quyền hạn khác theo quy định của pháp luật và Điều lệ. 
 3. Trường hợp Chủ tịch Hội đồng quản trị vắng mặt hoặc không thể thực hiện nhiệm vụ thì phải ủy quyền bằng văn bản cho một thành viên khác thực hiện nhiệm vụ, quyền hạn của Chủ tịch Hội đồng quản trị theo quy định tại Điều lệ. Trường hợp không có người được ủy quyền hoặc Chủ tịch Hội đồng quản trị đã chết, mất tích, bị tạm giam, đang chấp hành hình phạt tù, đang chấp hành biện pháp xử lý hành chính tại cơ sở cai nghiện bắt buộc, cơ sở giáo dục bắt buộc, trốn khỏi nơi cư trú, bị hạn chế hoặc mất năng lực hành vi dân sự, có khó khăn trong nhận thức, làm chủ hành vi, bị Tòa án cấm đảm nhiệm chức vụ, cấm hành nghề hoặc làm công việc nhất định thì việc bầu Chủ tịch Hội đồng quản trị được thực hiện như sau: 
 a) Hội đồng quản trị bầu một người trong số các thành viên còn lại làm Chủ tịch Hội đồng quản trị cho đến khi Đại hội thành viên gần nhất bầu Chủ tịch Hội đồng quản trị; 
 b) Hội đồng quản trị bầu một người trong số các thành viên còn lại làm Chủ tịch Hội đồng quản trị trong trường hợp Hội đồng quản trị được Đại hội thành viên ủy quyền bầu Chủ tịch Hội đồng quản trị. 
 4. Trường hợp Chủ tịch Hội đồng quản trị kiêm Giám đốc (Tổng giám đốc) thì thực hiện thêm nhiệm vụ, quyền hạn của Giám đốc (Tổng giám đốc) quy định tại khoản 4",content.csv,Luật Hợp tác xã số 17/2023/QH15,Luật,01/07/2024,Còn hiệu lực,"[""Admin"", ""Staff"", ""Guest""]"
166269_art_68,166269,Điều 68 của Luật này.,content.csv,Luật Hợp tác xã số 17/2023/QH15,Luật,01/07/2024,Còn hiệu lực,"[""Admin"", ""Staff"", ""Guest""]"
166269_art_69,166269,"Điều 69. Ban kiểm soát theo tổ chức quản trị đầy đủ 
 1. Ban kiểm soát có từ 01 đến 07 thành viên bao gồm Trưởng Ban kiểm soát và kiểm soát viên do Đại hội thành viên bầu trong số thành viên chính thức, chịu trách nhiệm trước Đại hội thành viên. Nhiệm kỳ Ban kiểm soát tối đa là 05 năm. Nhiệm kỳ của thành viên Ban kiểm soát theo nhiệm kỳ của Ban kiểm soát. Thành viên Ban kiểm soát có thể được bầu lại với số nhiệm kỳ không hạn chế. Trường hợp Ban kiểm soát chỉ có 01 thành viên thì thành viên đó đồng thời là Trưởng Ban kiểm soát. Việc bầu, bãi nhiệm, miễn nhiệm thành viên Ban kiểm soát được thực hiện bằng phiếu kín. 
 2. Ban kiểm soát hoạt động độc lập, kiểm tra và giám sát hoạt động của hợp tác xã, liên hiệp hợp tác xã theo quy định của pháp luật và Điều lệ. 
 3. Ban kiểm soát có nhiệm vụ, quyền hạn sau đây: 
 a) Kiểm tra việc tuân thủ pháp luật, chấp hành Điều lệ, nghị quyết của Đại hội thành viên, nghị quyết của Hội đồng quản trị và quy chế của hợp tác xã, liên hiệp hợp tác xã; 
 b) Giám sát hoạt động của Hội đồng quản trị, Giám đốc (Tổng giám đốc), thành viên theo quy định của pháp luật, Điều lệ, nghị quyết của Đại hội thành viên và quy chế của hợp tác xã, liên hiệp hợp tác xã; 
 c) Kiểm tra hoạt động tài chính, việc chấp hành chế độ kế toán, phân phối thu nhập, xử lý khoản lỗ, sử dụng quỹ, tài sản, vốn vay của hợp tác xã, liên hiệp hợp tác xã và khoản hỗ trợ của Nhà nước; 
 d) Thẩm định báo cáo tài chính hằng năm trước khi trình Đại hội thành viên; tổ chức việc kiểm toán nội bộ khi cần thiết; rà soát, kiểm tra và đánh giá hiệu lực, hiệu quả của hệ thống kiểm soát nội bộ, kiểm toán nội bộ, quản lý rủi ro và cảnh báo sớm của hợp tác xã, liên hiệp hợp tác xã; 
 đ) Yêu cầu cung cấp tài liệu, sổ sách, chứng từ và thông tin cần thiết để phục vụ công tác rà soát, kiểm tra, giám sát và không được sử dụng vào mục đích khác; 
 e) Thông báo cho Hội đồng quản trị và báo cáo trước Đại hội thành viên về kết quả kiểm soát; kiến nghị Hội đồng quản trị, Giám đốc (Tổng giám đốc) khắc phục những yếu kém, vi phạm trong hoạt động của hợp tác xã, liên hiệp hợp tác xã; trình Đại hội thành viên xem xét thông qua báo cáo hoạt động của Ban kiểm soát; 
 g) Tiếp nhận kiến nghị liên quan đến hợp tác xã, liên hiệp hợp tác xã; giải quyết theo thẩm quyền hoặc kiến nghị Hội đồng quản trị, Đại hội thành viên giải quyết theo thẩm quyền; 
 h) Trưởng Ban kiểm soát, kiểm soát viên được tham dự nhưng không được quyền biểu quyết tại cuộc họp của Hội đồng quản trị; 
 i) Chuẩn bị chương trình và triệu tập Đại hội thành viên bất thường; 
 k) Nhiệm vụ, quyền hạn khác theo quy định của pháp luật và Điều lệ. 
 Mục 3 
 TỔ CHỨC QUẢN TRỊ RÚT GỌN",content.csv,Luật Hợp tác xã số 17/2023/QH15,Luật,01/07/2024,Còn hiệu lực,"[""Admin"", ""Staff""]"
166269_art_70,166269,"Điều 70. Thẩm quyền của Đại hội thành viên theo tổ chức quản trị rút gọn 
 1. Thông qua định hướng phát triển của hợp tác xã, liên hiệp hợp tác xã; sửa đổi, bổ sung Điều lệ; báo cáo hoạt động của Giám đốc và kiểm soát viên; báo cáo tài chính hằng năm; phương án sản xuất, kinh doanh. 
 2. Thông qua phương án phân phối thu nhập và xử lý khoản lỗ, khoản nợ; tỷ lệ trích lập quỹ chung không chia và quỹ khác; phương án thù lao, tiền lương, tiền công, tiền thưởng và chế độ đãi ngộ khác cho Giám đốc, kiểm soát viên, người giữ chức danh quản lý, chuyên môn khác và người lao động. 
 3. Thông qua việc đầu tư hoặc bán tài sản chung được chia có giá trị bằng hoặc lớn hơn 20% tổng giá trị tài sản của hợp tác xã, liên hiệp hợp tác xã được ghi trong báo cáo tài chính gần nhất; việc đầu tư hoặc bán tài sản chung không chia. 
 4. Thông qua việc góp vốn, mua cổ phần, thành lập doanh nghiệp, liên danh, liên kết; tham gia vào hợp tác xã, liên hiệp hợp tác xã khác, tổ chức đại diện. 
 5. Thông qua việc tăng, giảm vốn điều lệ, vốn góp tối thiểu; việc huy động vốn; việc trả lại một phần hoặc toàn bộ phần vốn góp; định giá hoặc thông qua kết quả định giá tài sản và tài sản chung không chia; quy chế quản lý, sử dụng tài sản và quỹ. 
 6. Thông qua tổ chức quản trị, quy chế quản trị nội bộ; phương án tổ chức bộ phận giúp việc, đơn vị trực thuộc của hợp tác xã, liên hiệp hợp tác xã; việc tổ chức lại, giải thể, phá sản hợp tác xã, liên hiệp hợp tác xã. 
 7. Bầu, bãi nhiệm, miễn nhiệm Giám đốc, kiểm soát viên; quyết định số lượng, bầu, bãi nhiệm, miễn nhiệm người đại diện theo pháp luật. 
 8. Quyết định lựa chọn tổ chức kiểm toán độc lập; thành lập chi nhánh, văn phòng đại diện; khen thưởng, kỷ luật thành viên chính thức, thành viên liên kết góp vốn. 
 9. Thông qua việc kết nạp hoặc chấm dứt tư cách thành viên chính thức, thành viên liên kết góp vốn theo quy định của Điều lệ. 
 10. Thẩm quyền khác do Đại hội thành viên quyết định nhưng không trái với quy định của Luật này và pháp luật có liên quan.",content.csv,Luật Hợp tác xã số 17/2023/QH15,Luật,01/07/2024,Còn hiệu lực,"[""Admin""]"
166269_art_71,166269,"Điều 71. Giám đốc theo tổ chức quản trị rút gọn 
 1. Giám đốc là người điều hành hoạt động của hợp tác xã, liên hiệp hợp tác xã; chịu sự giám sát, chịu trách nhiệm trước Đại hội thành viên và trước pháp luật về việc thực hiện nhiệm vụ, quyền hạn được giao. 
 2. Nhiệm kỳ của Giám đốc do Điều lệ quy định nhưng tối đa là 05 năm. Giám đốc có thể được bầu lại với số nhiệm kỳ không hạn chế. Việc bầu, bãi nhiệm, miễn nhiệm Giám đốc được thực hiện bằng phiếu kín. 
 3. Giám đốc có nhiệm vụ, quyền hạn sau đây: 
 a) Trình Đại hội thành viên các nội dung thuộc thẩm quyền của Đại hội thành viên; 
 b) Ký Điều lệ, nghị quyết thành lập hợp tác xã, liên hiệp hợp tác xã; các văn bản của Đại hội thành viên; 
 c) Thực hiện các nghị quyết của Đại hội thành viên, quyết định các vấn đề liên quan đến công việc hằng ngày của hợp tác xã, liên hiệp hợp tác xã mà không thuộc thẩm quyền của Đại hội thành viên; ký kết hợp đồng nhân danh hợp tác xã, liên hiệp hợp tác xã trong trường hợp là người đại diện theo pháp luật do Điều lệ hoặc pháp luật quy định; 
 d) Tổ chức thực hiện phương án sản xuất, kinh doanh; quyết định địa điểm kinh doanh; báo cáo Đại hội thành viên kết quả hoạt động sản xuất, kinh doanh của hợp tác xã, liên hiệp hợp tác xã; công tác phát triển thành viên; 
 đ) Chịu trách nhiệm trong hoạt động mua chung, bán chung sản phẩm, dịch vụ cho các thành viên của hợp tác xã, liên hiệp hợp tác xã; 
 e) Quyết định việc chuyển nhượng, thanh lý, xử lý tài sản của hợp tác xã, liên hiệp hợp tác xã theo thẩm quyền do Đại hội thành viên giao; quyết định đầu tư hoặc bán tài sản chung được chia có giá trị dưới 20% tổng giá trị tài sản được ghi trong báo cáo tài chính gần nhất của hợp tác xã, liên hiệp hợp tác xã; 
 g) Quản lý thành viên, thông báo nghị quyết, quyết định của Đại hội thành viên tới các thành viên chính thức, thành viên liên kết góp vốn; kết nạp, chấm dứt tư cách thành viên liên kết không góp vốn theo quy định của Luật này, Điều lệ và báo cáo với Đại hội thành viên gần nhất; tuyển dụng lao động; đánh giá kết quả làm việc của Phó Giám đốc (nếu có); 
 h) Quyết định khen thưởng, kỷ luật thành viên liên kết không góp vốn, người lao động; khen thưởng cá nhân, tổ chức khác có đóng góp nổi bật trong việc xây dựng, phát triển hợp tác xã, liên hiệp hợp tác xã; 
 i) Nhiệm vụ, quyền hạn khác theo quy định của pháp luật và Điều lệ.",content.csv,Luật Hợp tác xã số 17/2023/QH15,Luật,01/07/2024,Còn hiệu lực,"[""Admin""]"
166269_art_72,166269,"Điều 72. Kiểm soát viên theo tổ chức quản trị rút gọn 
 1. Kiểm soát viên kiểm tra và giám sát hoạt động của hợp tác xã, liên hiệp hợp tác xã theo quy định của pháp luật và Điều lệ. Kiểm soát viên hoạt động độc lập, chịu trách nhiệm trước Đại hội thành viên và trước pháp luật về việc thực hiện nhiệm vụ, quyền hạn được giao. 
 2. Nhiệm kỳ của kiểm soát viên do Điều lệ quy định nhưng tối đa là 05 năm và có thể được bầu lại với số nhiệm kỳ không hạn chế. Việc bầu, bãi nhiệm, miễn nhiệm kiểm soát viên được thực hiện bằng phiếu kín. 
 3. Kiểm soát viên có nhiệm vụ, quyền hạn sau đây: 
 a) Kiểm tra việc tuân thủ pháp luật, chấp hành Điều lệ, nghị quyết của Đại hội thành viên và quy chế của hợp tác xã, liên hiệp hợp tác xã; 
 b) Giám sát hoạt động của Giám đốc, thành viên theo quy định của pháp luật, Điều lệ, nghị quyết của Đại hội thành viên, các quy chế của hợp tác xã, liên hiệp hợp tác xã; 
 c) Kiểm tra hoạt động tài chính, việc chấp hành chế độ kế toán, phân phối thu nhập, xử lý các khoản lỗ, sử dụng các quỹ, tài sản, vốn vay của hợp tác xã, liên hiệp hợp tác xã và các khoản hỗ trợ của Nhà nước; 
 d) Thẩm định báo cáo tài chính hằng năm trước khi trình Đại hội thành viên; tổ chức việc kiểm toán nội bộ khi cần thiết; 
 đ) Yêu cầu cung cấp tài liệu, sổ sách, chứng từ và những thông tin cần thiết để phục vụ công tác kiểm tra, giám sát nhưng không được sử dụng các tài liệu, thông tin đó vào mục đích khác; 
 e) Báo cáo trước Đại hội thành viên về kết quả kiểm soát; kiến nghị Giám đốc khắc phục những yếu kém, vi phạm trong hoạt động của hợp tác xã, liên hiệp hợp tác xã; 
 g) Tiếp nhận kiến nghị, giải quyết theo thẩm quyền hoặc kiến nghị Giám đốc, Đại hội thành viên giải quyết theo thẩm quyền; 
 h) Chuẩn bị chương trình và triệu tập Đại hội thành viên bất thường; 
 i) Nhiệm vụ, quyền hạn khác theo quy định của pháp luật và Điều lệ. 
 Chương VI 
 TÀI SẢN, TÀI CHÍNH CỦA HỢP TÁC XÃ, LIÊN HIỆP HỢP TÁC XÃ",content.csv,Luật Hợp tác xã số 17/2023/QH15,Luật,01/07/2024,Còn hiệu lực,"[""Admin"", ""Staff"", ""Guest""]"
166269_art_73,166269,"Điều 73. Tài sản góp vốn 
 1. Tài sản góp vốn là Đồng Việt Nam, ngoại tệ tự do chuyển đổi, vàng, quyền sử dụng đất, quyền sở hữu trí tuệ, công nghệ, bí quyết kỹ thuật, tài sản khác, quyền khác định giá được bằng Đồng Việt Nam. 
 2. Chỉ cá nhân, tổ chức là chủ sở hữu hợp pháp hoặc có quyền sử dụng quyền tài sản hợp pháp, quyền khác quy định tại khoản 1 Điều này có quyền góp vốn theo quy định của pháp luật. 
 3. Đối với tài sản là quyền sử dụng đất, phương tiện vận tải, tài sản khác thì cá nhân, tổ chức có thể lựa chọn góp vốn bằng tài sản đó hoặc thỏa thuận cho phép hợp tác xã, liên hiệp hợp tác xã được hưởng quyền khác đối với tài sản đó theo quy định của pháp luật về đất đai và pháp luật về dân sự. 
 4. Thành viên có thể dùng tài sản để tham gia hoạt động sản xuất, kinh doanh của hợp tác xã, liên hiệp hợp tác xã thông qua hợp đồng hợp tác, hợp đồng liên kết với hợp tác xã, liên hiệp hợp tác xã. Trong trường hợp này, tài sản đó không phải là tài sản góp vốn và không phải chuyển quyền sở hữu cho hợp tác xã, liên hiệp hợp tác xã.",content.csv,Luật Hợp tác xã số 17/2023/QH15,Luật,01/07/2024,Còn hiệu lực,"[""Admin"", ""Staff"", ""Guest""]"
166269_art_74,166269,"Điều 74. Góp vốn điều lệ hợp tác xã, liên hiệp hợp tác xã 
 1. Phần vốn góp của thành viên chính thức được thực hiện theo thỏa thuận và theo quy định của Luật này và Điều lệ về vốn góp tối thiểu và vốn góp tối đa. Vốn góp tối đa không quá 30% vốn điều lệ đối với hợp tác xã và không quá 40% vốn điều lệ đối với liên hiệp hợp tác xã. 
 2. Tổng phần vốn góp của tất cả thành viên liên kết góp vốn được thực hiện theo thỏa thuận và theo quy định của Điều lệ nhưng không quá 30% vốn điều lệ đối với hợp tác xã và không quá 40% vốn điều lệ đối với liên hiệp hợp tác xã. 
 3. Tổng phần vốn góp của tất cả thành viên là tổ chức kinh tế có vốn đầu tư nước ngoài, cá nhân là nhà đầu tư nước ngoài không quá 30% vốn điều lệ đối với hợp tác xã, liên hiệp hợp tác xã. 
 4. Thời hạn, hình thức và mức góp vốn điều lệ của thành viên theo quy định của Điều lệ nhưng thời hạn phải góp đủ vốn chậm nhất là 06 tháng kể từ ngày hợp tác xã, liên hiệp hợp tác xã được cấp Giấy chứng nhận đăng ký hợp tác xã hoặc kể từ ngày được kết nạp, không kể thời gian vận chuyển, nhập khẩu tài sản góp vốn, thực hiện thủ tục hành chính để chuyển quyền sở hữu tài sản (nếu có). Trong thời hạn này, thành viên có các quyền, nghĩa vụ tương ứng với tỷ lệ phần vốn góp đã cam kết. 
 5. Thành viên chỉ được góp vốn cho hợp tác xã, liên hiệp hợp tác xã bằng loại tài sản khác với tài sản đã cam kết nếu được sự tán thành của Hội đồng quản trị đối với tổ chức quản trị đầy đủ hoặc Đại hội thành viên đối với tổ chức quản trị rút gọn. 
 6. Sau thời hạn quy định tại khoản 4 Điều này, thành viên chưa góp vốn hoặc chưa góp đủ phần vốn góp đã cam kết thì xử lý như sau: 
 a) Thành viên chưa góp vốn theo cam kết hoặc góp vốn thấp hơn vốn góp tối thiểu quy định trong Điều lệ sẽ bị chấm dứt tư cách thành viên; 
 b) Thành viên chưa góp đủ phần vốn góp đã cam kết nhưng có phần vốn góp bằng hoặc cao hơn vốn góp tối thiểu theo quy định của Điều lệ có quyền tương ứng với phần vốn góp đã góp theo quy định của Luật này và Điều lệ. 
 7. Trong thời hạn 30 ngày kể từ ngày kết thúc thời hạn phải góp đủ phần vốn góp đã cam kết theo quy định tại khoản 4 Điều này, hợp tác xã, liên hiệp hợp tác xã phải đăng ký thay đổi vốn điều lệ bằng phần vốn đã góp theo quy định của Luật này, trừ trường hợp phần vốn góp còn thiếu đã được góp đủ trong thời hạn này. Thành viên chưa góp đủ phần vốn góp đã cam kết phải chịu trách nhiệm tương ứng với tỷ lệ phần vốn góp đã cam kết đối với nghĩa vụ tài chính phát sinh trong thời gian trước ngày được cấp Giấy chứng nhận phần vốn góp theo quy định của Luật này và Điều lệ.",content.csv,Luật Hợp tác xã số 17/2023/QH15,Luật,01/07/2024,Còn hiệu lực,"[""Admin"", ""Staff"", ""Guest""]"
166269_art_75,166269,"Điều 75. Giấy chứng nhận phần vốn góp 
 1. Hợp tác xã, liên hiệp hợp tác xã phải cấp Giấy chứng nhận phần vốn góp cho thành viên và ghi vào sổ đăng ký thành viên tại thời điểm góp đủ phần vốn góp. 
 2. Giấy chứng nhận phần vốn góp bao gồm các nội dung chủ yếu sau đây: 
 a) Tên, mã số, địa chỉ trụ sở chính của hợp tác xã, liên hiệp hợp tác xã; 
 b) Vốn điều lệ của hợp tác xã, liên hiệp hợp tác xã; 
 c) Họ, tên, địa chỉ liên lạc, quốc tịch, số định danh cá nhân hoặc số giấy tờ pháp lý của cá nhân góp vốn; tên, địa chỉ trụ sở chính, mã số hoặc số giấy tờ pháp lý của tổ chức góp vốn; 
 d) Phần vốn góp và tỷ lệ phần vốn góp của thành viên; 
 đ) Số và ngày cấp Giấy chứng nhận phần vốn góp; 
 e) Họ, tên, chữ ký của người đại diện theo pháp luật của hợp tác xã, liên hiệp hợp tác xã. 
 3. Hợp tác xã, liên hiệp hợp tác xã cấp lại Giấy chứng nhận phần vốn góp trong trường hợp Giấy chứng nhận phần vốn góp bị mất, bị hỏng; cấp đổi Giấy chứng nhận phần vốn góp trong trường hợp có thay đổi nội dung Giấy chứng nhận phần vốn góp quy định tại khoản 2 Điều này; thu hồi Giấy chứng nhận phần vốn góp trong trường hợp chấm dứt tư cách thành viên hợp tác xã, liên hiệp hợp tác xã. 
 4. Trình tự, thủ tục cấp, cấp lại, cấp đổi, thu hồi Giấy chứng nhận phần vốn góp theo quy định của Điều lệ.",content.csv,Luật Hợp tác xã số 17/2023/QH15,Luật,01/07/2024,Còn hiệu lực,"[""Admin"", ""Staff"", ""Guest""]"
166269_art_76,166269,"Điều 76. Chuyển giao tài sản góp vốn 
 1. Việc góp vốn cho hợp tác xã, liên hiệp hợp tác xã bằng tài sản được thực hiện như sau: 
 a) Đối với tài sản phải đăng ký quyền sở hữu hoặc quyền sử dụng đất thì thành viên làm thủ tục chuyển quyền sở hữu tài sản hoặc quyền sử dụng đất cho hợp tác xã, liên hiệp hợp tác xã theo quy định của pháp luật; 
 b) Đối với tài sản không phải đăng ký quyền sở hữu, việc góp vốn phải được thực hiện bằng việc giao nhận tài sản góp vốn có xác nhận bằng văn bản. 
 2. Việc góp vốn cho hợp tác xã, liên hiệp hợp tác xã thông qua thỏa thuận cho phép hợp tác xã, liên hiệp hợp tác xã được hưởng quyền khác đối với tài sản được thực hiện như sau: 
 a) Hợp đồng xác lập quyền khác đối với tài sản giữa thành viên và hợp tác xã, liên hiệp hợp tác xã phải được lập thành văn bản, ghi rõ thời hạn hưởng quyền theo quy định của pháp luật và Điều lệ; 
 b) Giấy chứng nhận phần vốn góp phải ghi rõ thời hạn hưởng quyền; 
 c) Thành viên không phải chuyển quyền sở hữu tài sản hoặc chuyển quyền sử dụng đất cho hợp tác xã, liên hiệp hợp tác xã. 
 3. Văn bản giao nhận tài sản góp vốn bao gồm các nội dung chủ yếu sau đây: 
 a) Tên, địa chỉ trụ sở chính của hợp tác xã, liên hiệp hợp tác xã; 
 b) Họ, tên, địa chỉ liên lạc, quốc tịch, số định danh cá nhân hoặc số giấy tờ pháp lý của cá nhân góp vốn; tên, địa chỉ trụ sở chính, mã số hoặc số giấy tờ pháp lý của tổ chức góp vốn; 
 c) Loại tài sản và số đơn vị tài sản góp vốn; tổng giá trị tài sản góp vốn và tỷ lệ của tổng giá trị tài sản đó trong vốn điều lệ của hợp tác xã, liên hiệp hợp tác xã; 
 d) Ngày giao nhận; chữ ký, họ và tên của cá nhân góp vốn hoặc người đại diện theo ủy quyền, người đại diện theo pháp luật của cá nhân, tổ chức góp vốn và người đại diện theo pháp luật của hợp tác xã, liên hiệp hợp tác xã. 
 4. Việc góp vốn chỉ được coi là hoàn thành khi quyền sở hữu tài sản, quyền sử dụng đất, quyền khác đối với tài sản góp vốn đã được xác lập cho hợp tác xã, liên hiệp hợp tác xã theo quy định tại khoản 1 và khoản 2 Điều này.",content.csv,Luật Hợp tác xã số 17/2023/QH15,Luật,01/07/2024,Còn hiệu lực,"[""Admin"", ""Staff"", ""Guest""]"
166269_art_78,166269,"Điều 78. Tăng, giảm vốn điều lệ của hợp tác xã, liên hiệp hợp tác xã 
 1. Vốn điều lệ tăng trong trường hợp sau đây: 
 a) Tăng phần vốn góp của thành viên; 
 b) Tiếp nhận phần vốn góp của thành viên mới. 
 2. Vốn điều lệ giảm trong trường hợp sau đây: 
 a) Thành viên chưa góp vốn hoặc chưa góp đủ phần vốn góp đã cam kết khi quá thời hạn quy định tại khoản 4",content.csv,Luật Hợp tác xã số 17/2023/QH15,Luật,01/07/2024,Còn hiệu lực,"[""Admin"", ""Staff"", ""Guest""]"
166269_art_79,166269,"Điều 79. Huy động vốn và tiếp nhận các khoản hỗ trợ, tặng cho, tài trợ 
 1. Hợp tác xã, liên hiệp hợp tác xã ưu tiên huy động vốn từ thành viên để đầu tư, mở rộng sản xuất, kinh doanh trên cơ sở thỏa thuận với thành viên. 
 2. Trường hợp huy động vốn từ thành viên chưa đáp ứng đủ nhu cầu thì hợp tác xã, liên hiệp hợp tác xã huy động vốn từ các nguồn khác theo quy định của pháp luật và Điều lệ. 
 3. Hợp tác xã, liên hiệp hợp tác xã tiếp nhận các khoản hỗ trợ của Nhà nước thực hiện nghĩa vụ thuế theo quy định của pháp luật về thuế thu nhập doanh nghiệp. Việc quản lý các khoản hỗ trợ của Nhà nước được thực hiện như sau: 
 a) Khoản hỗ trợ của Nhà nước có quy định đưa vào tài sản chung không chia thì được xác định là tài sản chung không chia của hợp tác xã, liên hiệp hợp tác xã; 
 b) Khoản hỗ trợ của Nhà nước phải hoàn lại được tính vào số nợ của hợp tác xã, liên hiệp hợp tác xã; 
 c) Khoản hỗ trợ của Nhà nước không thuộc điểm a và điểm b khoản này thì được quản lý theo quy định của Điều lệ. 
 4. Hợp tác xã, liên hiệp hợp tác xã tiếp nhận, quản lý và sử dụng các khoản tặng cho, tài trợ hợp pháp của cá nhân, tổ chức theo thỏa thuận phù hợp với quy định của pháp luật. Việc tiếp nhận, quản lý và sử dụng các khoản tặng cho, tài trợ có yếu tố nước ngoài phải phù hợp với quy định của pháp luật, thỏa thuận quốc tế và điều ước quốc tế mà nước Cộng hòa xã hội chủ nghĩa Việt Nam là thành viên.",content.csv,Luật Hợp tác xã số 17/2023/QH15,Luật,01/07/2024,Còn hiệu lực,"[""Admin"", ""Staff"", ""Guest""]"
166269_art_80,166269,"Điều 80. Vốn hoạt động của hợp tác xã, liên hiệp hợp tác xã 
 1. Vốn hoạt động của hợp tác xã, liên hiệp hợp tác xã bao gồm phần vốn góp của thành viên chính thức và thành viên liên kết góp vốn, phí thành viên, vốn huy động, vốn tích luỹ, quỹ chung không chia, quỹ khác và nguồn thu hợp pháp khác. 
 2. Việc quản lý, sử dụng vốn hoạt động của hợp tác xã, liên hiệp hợp tác xã phù hợp với quy định của Luật này và pháp luật có liên quan.",content.csv,Luật Hợp tác xã số 17/2023/QH15,Luật,01/07/2024,Còn hiệu lực,"[""Admin"", ""Staff"", ""Guest""]"
166269_art_81,166269,"Điều 81. Thành lập doanh nghiệp của hợp tác xã, liên hiệp hợp tác xã 
 1. Hợp tác xã, liên hiệp hợp tác xã được thành lập doanh nghiệp nhằm mục tiêu hỗ trợ hoạt động, liên kết, tiêu thụ, sử dụng sản phẩm, dịch vụ của hợp tác xã, liên hiệp hợp tác xã. Trình tự, thủ tục thành lập doanh nghiệp theo quy định của pháp luật về doanh nghiệp. 
 2. Hợp tác xã, liên hiệp hợp tác xã thực hiện quyền, nghĩa vụ của mình với tư cách là chủ sở hữu doanh nghiệp theo quy định của pháp luật về doanh nghiệp và pháp luật có liên quan. 
 3. Hợp đồng, giao dịch khác giữa hợp tác xã, liên hiệp hợp tác xã và doanh nghiệp được thành lập phải được thiết lập và thực hiện độc lập, bình đẳng theo điều kiện áp dụng đối với chủ thể pháp lý độc lập. 
 4. Doanh nghiệp được thành lập không được trở thành thành viên chính thức, thành viên liên kết góp vốn của hợp tác xã, liên hiệp hợp tác xã đó. 
 5. Việc thành lập doanh nghiệp của hợp tác xã, liên hiệp hợp tác xã phải bảo đảm các quy định sau đây: 
 a) Được Đại hội thành viên thông qua; 
 b) Không được sử dụng các nguồn vốn thuộc quỹ chung không chia và tài sản chung không chia để thành lập doanh nghiệp. 
 6. Trong thời hạn 10 ngày làm việc kể từ khi thành lập doanh nghiệp, hợp tác xã, liên hiệp hợp tác xã phải thông báo với cơ quan đã cấp Giấy chứng nhận đăng ký hợp tác xã. 
 7. Chính phủ quy định điều kiện hợp tác xã, liên hiệp hợp tác xã thành lập doanh nghiệp.",content.csv,Luật Hợp tác xã số 17/2023/QH15,Luật,01/07/2024,Còn hiệu lực,"[""Admin"", ""Staff"", ""Guest""]"
166269_art_82,166269,"Điều 82. Góp vốn, mua cổ phần tham gia doanh nghiệp 
 1. Hợp tác xã, liên hiệp hợp tác xã được góp vốn, mua cổ phần tham gia doanh nghiệp, trừ doanh nghiệp đang là thành viên chính thức hoặc thành viên liên kết góp vốn của hợp tác xã, liên hiệp hợp tác xã nhằm mục tiêu hỗ trợ hoạt động, liên kết, tiêu thụ, sử dụng sản phẩm, dịch vụ của hợp tác xã, liên hiệp hợp tác xã. 
 2. Hợp tác xã, liên hiệp hợp tác xã thực hiện quyền, nghĩa vụ của mình với tư cách là thành viên, cổ đông của doanh nghiệp theo quy định của pháp luật về doanh nghiệp và pháp luật có liên quan. 
 3. Doanh nghiệp được góp vốn, mua cổ phần không được trở thành thành viên chính thức, thành viên liên kết góp vốn của hợp tác xã, liên hiệp hợp tác xã đó. 
 4. Việc góp vốn, mua cổ phần tham gia doanh nghiệp của hợp tác xã, liên hiệp hợp tác xã phải bảo đảm các quy định sau đây: 
 a) Được Đại hội thành viên thông qua; 
 b) Không được sử dụng các nguồn vốn thuộc quỹ chung không chia và tài sản chung không chia để góp vốn, mua cổ phần tham gia doanh nghiệp. 
 5. Chính phủ quy định điều kiện góp vốn, mua cổ phần tham gia doanh nghiệp.",content.csv,Luật Hợp tác xã số 17/2023/QH15,Luật,01/07/2024,Còn hiệu lực,"[""Admin"", ""Staff"", ""Guest""]"
166269_art_83,166269,"Điều 83. Hoạt động cho vay nội bộ trong hợp tác xã, liên hiệp hợp tác xã 
 1. Cho vay nội bộ là việc hợp tác xã, liên hiệp hợp tác xã cho thành viên chính thức vay trong thời hạn không quá 12 tháng nhằm hỗ trợ sản xuất, kinh doanh và đời sống trên nguyên tắc tự nguyện, tự chịu trách nhiệm, không vì mục tiêu lợi nhuận, phải bảo toàn vốn, có hoàn trả và bù đắp đủ các khoản chi phí của hoạt động cho vay nội bộ. Hoạt động cho vay nội bộ không phải là hoạt động ngân hàng theo quy định của pháp luật về các tổ chức tín dụng. 
 2. Hợp tác xã, liên hiệp hợp tác xã thực hiện hoạt động cho vay nội bộ khi đáp ứng các điều kiện sau đây: 
 a) Hợp tác xã, liên hiệp hợp tác xã tổ chức theo tổ chức quản trị đầy đủ và số lượng thành viên Ban kiểm soát tối thiểu từ 03 thành viên trở lên; 
 b) Hợp tác xã, liên hiệp hợp tác xã cho vay nội bộ sau khi bảo đảm nguồn vốn cho hoạt động sản xuất, kinh doanh; không sử dụng nguồn vốn huy động trong và ngoài thành viên để thực hiện hoạt động cho vay nội bộ; 
 c) Mở sổ sách ghi chép, theo dõi và hạch toán riêng hoạt động cho vay nội bộ; 
 d) Hoạt động cho vay nội bộ phải được Đại hội thành viên thông qua và quy định trong Điều lệ. 
 3. Chính phủ quy định chi tiết khoản 2 Điều này và quy định mức cho vay, giới hạn cho vay, lãi suất, xử lý rủi ro từ hoạt động cho vay nội bộ.",content.csv,Luật Hợp tác xã số 17/2023/QH15,Luật,01/07/2024,Còn hiệu lực,"[""Admin"", ""Staff""]"
166269_art_84,166269,"Điều 84. Quỹ chung không chia 
 Quỹ chung không chia của hợp tác xã, liên hiệp hợp tác xã được hình thành từ các nguồn sau đây: 
 1. Thu nhập từ giao dịch nội bộ của hợp tác xã, liên hiệp hợp tác xã được trích lập hằng năm theo tỷ lệ do Điều lệ quy định; 
 2. Thu nhập từ giao dịch bên ngoài của hợp tác xã, liên hiệp hợp tác xã; thu nhập từ doanh nghiệp do hợp tác xã, liên hiệp hợp tác xã thành lập; thu nhập từ góp vốn, mua cổ phần được trích lập hằng năm theo tỷ lệ do Điều lệ quy định nhưng không thấp hơn: 
 a) 5% đối với hợp tác xã; 
 b) 10% đối với liên hiệp hợp tác xã. 
 3. Thu nhập từ chuyển nhượng, thanh lý tài sản chung không chia theo quy định tại điểm a khoản 3",content.csv,Luật Hợp tác xã số 17/2023/QH15,Luật,01/07/2024,Còn hiệu lực,"[""Admin"", ""Staff"", ""Guest""]"
166269_art_88,166269,"Điều 88 của Luật này; 
 4. Thu nhập từ khoản tặng cho, tài trợ hợp pháp của cá nhân, tổ chức bằng Đồng Việt Nam hoặc ngoại tệ theo thỏa thuận đưa vào quỹ chung không chia sau khi hoàn thành nghĩa vụ nộp thuế theo quy định của pháp luật.",content.csv,Luật Hợp tác xã số 17/2023/QH15,Luật,01/07/2024,Còn hiệu lực,"[""Admin"", ""Staff"", ""Guest""]"
166269_art_85,166269,"Điều 85. Thu nhập từ giao dịch nội bộ của hợp tác xã, liên hiệp hợp tác xã 
 1. Hợp tác xã, liên hiệp hợp tác xã phân tách thu nhập từ giao dịch nội bộ và thu nhập từ giao dịch bên ngoài để làm căn cứ cho cơ quan nhà nước có thẩm quyền xem xét miễn, giảm thuế thu nhập doanh nghiệp hoặc cho thụ hưởng các chính sách của Nhà nước theo quy định và để phân phối thu nhập theo quy định tại",content.csv,Luật Hợp tác xã số 17/2023/QH15,Luật,01/07/2024,Còn hiệu lực,"[""Admin"", ""Staff"", ""Guest""]"
166269_art_86,166269,"Điều 86 của Luật này; trường hợp không phân tách được thì toàn bộ thu nhập của hợp tác xã, liên hiệp hợp tác xã được coi là thu nhập từ giao dịch bên ngoài. 
 2. Chính phủ quy định về giao dịch nội bộ và thu nhập từ giao dịch nội bộ của hợp tác xã, liên hiệp hợp tác xã.",content.csv,Luật Hợp tác xã số 17/2023/QH15,Luật,01/07/2024,Còn hiệu lực,"[""Admin"", ""Staff"", ""Guest""]"
166269_art_87,166269,"Điều 87. Quản lý, sử dụng các quỹ 
 1. Quỹ chung không chia được sử dụng để hình thành và phát triển tài sản chung không chia; không được chia cho thành viên trong quá trình hoạt động; được xử lý khi giải thể, phá sản theo quy định tại",content.csv,Luật Hợp tác xã số 17/2023/QH15,Luật,01/07/2024,Còn hiệu lực,"[""Admin"", ""Staff"", ""Guest""]"
166269_art_101,166269,Điều 101 và,content.csv,Luật Hợp tác xã số 17/2023/QH15,Luật,01/07/2024,Còn hiệu lực,"[""Admin"", ""Staff"", ""Guest""]"
166269_art_102,166269,"Điều 102 của Luật này. Hợp tác xã, liên hiệp hợp tác xã phải lập sổ theo dõi quỹ chung không chia theo nguồn hình thành. 
 2. Hợp tác xã, liên hiệp hợp tác xã được sử dụng quỹ chung không chia nhàn rỗi để gửi tiết kiệm tại các tổ chức tín dụng, để làm tài sản bảo đảm khi vay vốn và phải bảo toàn vốn, trừ các khoản quỹ chung không chia từ nguồn hỗ trợ của Nhà nước và nguồn hỗ trợ của cá nhân, tổ chức có quy định hợp tác xã, liên hiệp hợp tác xã đó không được dùng làm tài sản bảo đảm khi vay vốn. Khoản lãi phát sinh từ việc gửi tiết kiệm này được ghi nhận vào quỹ chung không chia. 
 3. Việc quản lý, sử dụng quỹ chung không chia và quỹ khác phải được quy định trong Điều lệ, quy chế về quản lý tài chính của hợp tác xã, liên hiệp hợp tác xã và phù hợp với quy định của pháp luật. 
 4. Hằng năm, Hội đồng quản trị hoặc Giám đốc báo cáo Đại hội thành viên về việc quản lý, sử dụng các quỹ trong năm và phương hướng sử dụng các quỹ năm tiếp theo theo thẩm quyền.",content.csv,Luật Hợp tác xã số 17/2023/QH15,Luật,01/07/2024,Còn hiệu lực,"[""Admin"", ""Staff""]"
166269_art_89,166269,"Điều 89. Xử lý các khoản lỗ, khoản nợ của hợp tác xã, liên hiệp hợp tác xã 
 1. Kết thúc năm tài chính, nếu phát sinh lỗ thì hợp tác xã, liên hiệp hợp tác xã thực hiện chuyển lỗ theo quy định của pháp luật về quản lý thuế. 
 2. Các khoản nợ của hợp tác xã, liên hiệp hợp tác xã được xử lý theo quy định của pháp luật và Điều lệ.",content.csv,Luật Hợp tác xã số 17/2023/QH15,Luật,01/07/2024,Còn hiệu lực,"[""Admin"", ""Staff"", ""Guest""]"
166269_art_90,166269,"Điều 90. Trả lại, thừa kế phần vốn góp 
 1. Hợp tác xã, liên hiệp hợp tác xã trả lại phần vốn góp cho thành viên khi chấm dứt tư cách thành viên hoặc trả lại phần vốn góp vượt quá vốn góp tối đa của thành viên theo quy định của Luật này và Điều lệ. 
 2. Thành viên được trả lại phần vốn góp sau khi đã thực hiện đầy đủ nghĩa vụ tài chính của mình đối với hợp tác xã, liên hiệp hợp tác xã. 
 3. Trường hợp thành viên chính thức, thành viên liên kết góp vốn là cá nhân đã chết thì người hưởng thừa kế nếu đáp ứng đủ điều kiện theo quy định của Luật này và Điều lệ, tự nguyện tham gia hợp tác xã thì trở thành thành viên chính thức hoặc thành viên liên kết góp vốn và tiếp tục thực hiện quyền, nghĩa vụ của thành viên chính thức hoặc thành viên liên kết góp vốn; nếu không tham gia hợp tác xã thì được hưởng thừa kế phần vốn góp theo quy định của pháp luật. 
 4. Trường hợp thành viên chính thức, thành viên liên kết góp vốn là cá nhân biệt tích thì quyền, nghĩa vụ của thành viên được thực hiện thông qua người quản lý tài sản của thành viên đó theo quy định của pháp luật về dân sự. 
 5. Trường hợp thành viên là cá nhân bị Tòa án tuyên bố bị hạn chế hoặc mất năng lực hành vi dân sự, có khó khăn trong nhận thức, làm chủ hành vi thì quyền, nghĩa vụ của thành viên được thực hiện thông qua người giám hộ hoặc người đại diện theo pháp luật của thành viên đó theo quy định của pháp luật về dân sự. 
 6. Trường hợp thành viên là tổ chức chấm dứt tồn tại, giải thể, phá sản thì việc trả lại phần vốn góp được thực hiện theo quy định của pháp luật và Điều lệ.",content.csv,Luật Hợp tác xã số 17/2023/QH15,Luật,01/07/2024,Còn hiệu lực,"[""Admin"", ""Staff"", ""Guest""]"
166269_art_91,166269,"Điều 91. Chế độ kế toán 
 1. Hợp tác xã, liên hiệp hợp tác xã phải thực hiện công tác kế toán và lập báo cáo tài chính theo quy định của pháp luật về kế toán. 
 2. Hợp tác xã, liên hiệp hợp tác xã quyết định việc thực hiện theo dõi, hạch toán riêng giao dịch nội bộ và giao dịch bên ngoài. Trường hợp hợp tác xã, liên hiệp hợp tác xã không theo dõi, hạch toán riêng giao dịch nội bộ thì toàn bộ giao dịch của hợp tác xã, liên hiệp hợp tác xã được coi là giao dịch bên ngoài. 
 3. Bộ trưởng Bộ Tài chính quy định chế độ kế toán đối với hợp tác xã, liên hiệp hợp tác xã. 
 Chương VII 
 TỔ CHỨC LẠI, GIẢI THỂ, PHÁ SẢN HỢP TÁC XÃ, LIÊN HIỆP HỢP TÁC XÃ",content.csv,Luật Hợp tác xã số 17/2023/QH15,Luật,01/07/2024,Còn hiệu lực,"[""Admin"", ""Staff"", ""Guest""]"
166269_art_92,166269,"Điều 92. Chia hợp tác xã, liên hiệp hợp tác xã 
 1. Hợp tác xã, liên hiệp hợp tác xã có thể chia tài sản, quyền, nghĩa vụ, thành viên hiện có (sau đây gọi là hợp tác xã, liên hiệp hợp tác xã bị chia) để thành lập hai hoặc nhiều hợp tác xã, liên hiệp hợp tác xã mới. 
 2. Thủ tục chia hợp tác xã, liên hiệp hợp tác xã được thực hiện như sau: 
 a) Đại hội thành viên của hợp tác xã, liên hiệp hợp tác xã bị chia thông qua nghị quyết chia hợp tác xã, liên hiệp hợp tác xã theo quy định của Luật này và Điều lệ. Nghị quyết chia hợp tác xã, liên hiệp hợp tác xã bao gồm nội dung chủ yếu sau đây: tên, địa chỉ trụ sở chính của hợp tác xã, liên hiệp hợp tác xã bị chia; tên hợp tác xã, liên hiệp hợp tác xã mới; nguyên tắc, cách thức và thủ tục chia quyền, tài sản bao gồm cả quỹ chung không chia, tài sản chung không chia; phương án sử dụng lao động; cách thức phân chia, thời hạn và thủ tục chuyển đổi vốn góp của hợp tác xã, liên hiệp hợp tác xã bị chia sang hợp tác xã, liên hiệp hợp tác xã mới; nguyên tắc giải quyết nghĩa vụ hợp tác xã, liên hiệp hợp tác xã bị chia; thời hạn thực hiện chia hợp tác xã, liên hiệp hợp tác xã; 
 b) Nghị quyết chia hợp tác xã, liên hiệp hợp tác xã phải được gửi đến tất cả chủ nợ, thông báo cho người lao động, Ủy ban nhân dân nơi cấp Giấy chứng nhận đăng ký hợp tác xã trong thời hạn 15 ngày kể từ ngày thông qua nghị quyết; 
 c) Việc đăng ký hợp tác xã, liên hiệp hợp tác xã mới được thực hiện theo quy định tại",content.csv,Luật Hợp tác xã số 17/2023/QH15,Luật,01/07/2024,Còn hiệu lực,"[""Admin"", ""Staff"", ""Guest""]"
166269_art_93,166269,"Điều 93. Tách hợp tác xã, liên hiệp hợp tác xã 
 1. Hợp tác xã có thể tách bằng cách chuyển một phần tài sản, quyền, nghĩa vụ, thành viên của mình (sau đây gọi là hợp tác xã bị tách) để thành lập một hoặc nhiều hợp tác xã được tách. Liên hiệp hợp tác xã có thể tách bằng cách chuyển một phần tài sản, quyền, nghĩa vụ, thành viên của mình (sau đây gọi là liên hiệp hợp tác xã bị tách) để thành lập một hoặc nhiều liên hiệp hợp tác xã được tách. Hợp tác xã, liên hiệp hợp tác xã bị tách không chấm dứt tồn tại. 
 2. Thủ tục tách hợp tác xã, liên hiệp hợp tác xã được thực hiện như sau: 
 a) Đại hội thành viên của hợp tác xã, liên hiệp hợp tác xã bị tách thông qua nghị quyết tách hợp tác xã, liên hiệp hợp tác xã theo quy định của Luật này và Điều lệ. Nghị quyết tách hợp tác xã, liên hiệp hợp tác xã bao gồm nội dung chủ yếu sau đây: tên, địa chỉ trụ sở chính của hợp tác xã, liên hiệp hợp tác xã bị tách; tên hợp tác xã, liên hiệp hợp tác xã được tách; phương án sử dụng lao động; nguyên tắc, cách thức và thủ tục chuyển một phần tài sản, quyền, nghĩa vụ từ hợp tác xã, liên hiệp hợp tác xã bị tách sang hợp tác xã, liên hiệp hợp tác xã được tách, bao gồm cả quỹ chung không chia, tài sản chung không chia; thời hạn thực hiện tách hợp tác xã, liên hiệp hợp tác xã; 
 b) Nghị quyết tách hợp tác xã, liên hiệp hợp tác xã phải được gửi đến tất cả chủ nợ, thông báo cho người lao động, Ủy ban nhân dân nơi cấp Giấy chứng nhận đăng ký hợp tác xã trong thời hạn 15 ngày kể từ ngày thông qua nghị quyết; 
 c) Việc đăng ký hợp tác xã, liên hiệp hợp tác xã được tách thực hiện theo quy định tại",content.csv,Luật Hợp tác xã số 17/2023/QH15,Luật,01/07/2024,Còn hiệu lực,"[""Admin"", ""Staff"", ""Guest""]"
166269_art_94,166269,"Điều 94. Hợp nhất hợp tác xã, liên hiệp hợp tác xã 
 1. Hai hoặc nhiều hợp tác xã, liên hiệp hợp tác xã có thể hợp nhất (sau đây gọi là hợp tác xã, liên hiệp hợp tác xã bị hợp nhất) thành một hợp tác xã, liên hiệp hợp tác xã mới cùng loại hình (sau đây gọi là hợp tác xã, liên hiệp hợp tác xã hợp nhất), đồng thời chấm dứt tồn tại của các hợp tác xã, liên hiệp hợp tác xã bị hợp nhất. 
 2. Thủ tục hợp nhất hợp tác xã, liên hiệp hợp tác xã được thực hiện như sau: 
 a) Hợp tác xã, liên hiệp hợp tác xã bị hợp nhất chuẩn bị dự thảo hợp đồng hợp nhất, dự thảo Điều lệ hợp tác xã, liên hiệp hợp tác xã hợp nhất. Hợp đồng hợp nhất phải bao gồm nội dung chủ yếu sau đây: tên, địa chỉ trụ sở chính của hợp tác xã, liên hiệp hợp tác xã bị hợp nhất; tên, địa chỉ trụ sở chính của hợp tác xã, liên hiệp hợp tác xã hợp nhất; phương án sử dụng lao động; phương án xử lý các khoản nợ; thời hạn, thủ tục và điều kiện chuyển đổi tài sản bao gồm cả quỹ chung không chia, tài sản chung không chia; thời hạn, thủ tục chuyển đổi vốn góp của hợp tác xã, liên hiệp hợp tác xã bị hợp nhất thành vốn góp của hợp tác xã, liên hiệp hợp tác xã hợp nhất; thời hạn thực hiện hợp nhất; 
 b) Đại hội thành viên của các hợp tác xã, liên hiệp hợp tác xã bị hợp nhất thông qua hợp đồng hợp nhất, Điều lệ, quyết định tổ chức quản trị, bầu Chủ tịch Hội đồng quản trị, thành viên Hội đồng quản trị hoặc Giám đốc, Trưởng Ban kiểm soát, thành viên Ban kiểm soát hoặc kiểm soát viên; 
 c) Hợp đồng hợp nhất phải được gửi đến tất cả chủ nợ, thông báo cho người lao động, Ủy ban nhân dân nơi cấp Giấy chứng nhận đăng ký hợp tác xã trong thời hạn 15 ngày kể từ ngày thông qua; 
 d) Việc đăng ký hợp tác xã, liên hiệp hợp tác xã hợp nhất thực hiện theo quy định tại",content.csv,Luật Hợp tác xã số 17/2023/QH15,Luật,01/07/2024,Còn hiệu lực,"[""Admin"", ""Staff"", ""Guest""]"
166269_art_95,166269,"Điều 95. Sáp nhập hợp tác xã, liên hiệp hợp tác xã 
 1. Một hoặc nhiều hợp tác xã, liên hiệp hợp tác xã có thể sáp nhập bằng cách chuyển toàn bộ tài sản, quyền, nghĩa vụ và lợi ích hợp pháp (sau đây gọi là hợp tác xã, liên hiệp hợp tác xã được sáp nhập) sang một hợp tác xã, liên hiệp hợp tác xã khác cùng loại hình (sau đây gọi là hợp tác xã, liên hiệp hợp tác xã nhận sáp nhập). 
 2. Thủ tục sáp nhập hợp tác xã, liên hiệp hợp tác xã được thực hiện như sau: 
 a) Các hợp tác xã, liên hiệp hợp tác xã nhận sáp nhập và được sáp nhập chuẩn bị dự thảo hợp đồng sáp nhập và dự thảo Điều lệ hợp tác xã, liên hiệp hợp tác xã nhận sáp nhập. Hợp đồng sáp nhập bao gồm nội dung chủ yếu sau đây: tên, địa chỉ trụ sở chính của hợp tác xã, liên hiệp hợp tác xã nhận sáp nhập; tên, địa chỉ trụ sở chính của hợp tác xã, liên hiệp hợp tác xã được sáp nhập; phương án sử dụng lao động; cách thức, thủ tục, thời hạn và điều kiện chuyển đổi tài sản bao gồm cả quỹ chung không chia, tài sản chung không chia; chuyển đổi phần vốn góp của hợp tác xã, liên hiệp hợp tác xã được sáp nhập thành phần vốn góp của hợp tác xã, liên hiệp hợp tác xã nhận sáp nhập; thời hạn thực hiện sáp nhập; 
 b) Đại hội thành viên của các hợp tác xã, liên hiệp hợp tác xã nhận sáp nhập và được sáp nhập thông qua hợp đồng sáp nhập, Điều lệ hợp tác xã, liên hiệp hợp tác xã nhận sáp nhập; 
 c) Hợp đồng sáp nhập phải được gửi đến tất cả chủ nợ, thông báo cho người lao động, Ủy ban nhân dân nơi cấp Giấy chứng nhận đăng ký hợp tác xã trong thời hạn 15 ngày kể từ ngày thông qua; 
 d) Việc đăng ký thay đổi nội dung Giấy chứng nhận đăng ký hợp tác xã, thông báo thay đổi nội dung đăng ký đối với hợp tác xã, liên hiệp hợp tác xã nhận sáp nhập thực hiện theo quy định tại các điều 41, 47 và 48 của Luật này. Trong trường hợp này, hồ sơ phải kèm theo hợp đồng sáp nhập, nghị quyết thông qua hợp đồng sáp nhập của các hợp tác xã, liên hiệp hợp tác xã nhận sáp nhập và được sáp nhập. 
 3. Sau khi hợp tác xã, liên hiệp hợp tác xã nhận sáp nhập được đăng ký, hợp tác xã, liên hiệp hợp tác xã được sáp nhập chấm dứt tồn tại; hợp tác xã, liên hiệp hợp tác xã nhận sáp nhập được hưởng các quyền và lợi ích hợp pháp, chịu trách nhiệm về các khoản nợ chưa thanh toán, hợp đồng lao động và nghĩa vụ khác của hợp tác xã, liên hiệp hợp tác xã được sáp nhập. Các hợp tác xã, liên hiệp hợp tác xã nhận sáp nhập đương nhiên kế thừa toàn bộ quyền, nghĩa vụ và lợi ích hợp pháp của các hợp tác xã, liên hiệp hợp tác xã được sáp nhập theo hợp đồng sáp nhập. 
 4. Tài sản chung không chia, quỹ chung không chia của các hợp tác xã, liên hiệp hợp tác xã được sáp nhập được chuyển thành tài sản chung không chia, quỹ chung không chia của hợp tác xã, liên hiệp hợp tác xã nhận sáp nhập.",content.csv,Luật Hợp tác xã số 17/2023/QH15,Luật,01/07/2024,Còn hiệu lực,"[""Admin"", ""Staff"", ""Guest""]"
166269_art_96,166269,"Điều 96. Tạm ngừng, đình chỉ hoạt động, chấm dứt kinh doanh của hợp tác xã, liên hiệp hợp tác xã 
 1. Hợp tác xã, liên hiệp hợp tác xã phải thông báo bằng văn bản cho cơ quan đăng ký kinh doanh chậm nhất là 03 ngày làm việc trước ngày tạm ngừng kinh doanh hoặc trước ngày tiếp tục kinh doanh trở lại. 
 2. Cơ quan đăng ký kinh doanh, cơ quan nhà nước có thẩm quyền yêu cầu hợp tác xã, liên hiệp hợp tác xã: 
 a) Tạm ngừng hoặc chấm dứt kinh doanh ngành, nghề kinh doanh có điều kiện; ngành, nghề tiếp cận thị trường có điều kiện đối với nhà đầu tư nước ngoài khi phát hiện hợp tác xã, liên hiệp hợp tác xã không có đủ điều kiện tương ứng theo quy định của pháp luật; 
 b) Tạm ngừng kinh doanh theo yêu cầu của cơ quan nhà nước có thẩm quyền theo quy định của pháp luật về quản lý thuế, môi trường và quy định của pháp luật có liên quan; 
 c) Đình chỉ hoạt động, chấm dứt kinh doanh một hoặc một số ngành, nghề kinh doanh hoặc trong một số lĩnh vực theo quyết định của Tòa án. 
 3. Trong thời gian tạm ngừng kinh doanh, hợp tác xã, liên hiệp hợp tác xã phải nộp đủ thuế, bảo hiểm xã hội còn nợ; tiếp tục thanh toán các khoản nợ, hoàn thành việc thực hiện hợp đồng đã ký với khách hàng và người lao động, trừ trường hợp có thỏa thuận khác. 
 4. Chính phủ quy định chi tiết Điều này.",content.csv,Luật Hợp tác xã số 17/2023/QH15,Luật,01/07/2024,Còn hiệu lực,"[""Admin"", ""Staff"", ""Guest""]"
166269_art_97,166269,"Điều 97. Các trường hợp giải thể hợp tác xã, liên hiệp hợp tác xã 
 1. Hợp tác xã, liên hiệp hợp tác xã thực hiện thủ tục giải thể theo một trong hai trường hợp sau đây: 
 a) Giải thể tự nguyện theo nghị quyết Đại hội thành viên; 
 b) Giải thể bắt buộc theo quyết định của Toà án hoặc khi bị thu hồi Giấy chứng nhận đăng ký hợp tác xã, trừ trường hợp luật khác có quy định khác. 
 2. Hợp tác xã, liên hiệp hợp tác xã chỉ được giải thể khi bảo đảm thanh toán hết các khoản nợ, nghĩa vụ tài sản khác và không trong quá trình giải quyết tranh chấp tại Tòa án hoặc Trọng tài. Người đại diện theo pháp luật, Chủ tịch Hội đồng quản trị, thành viên Hội đồng quản trị, Giám đốc (Tổng giám đốc) và người giữ chức danh có liên quan trong hợp tác xã, liên hiệp hợp tác xã cùng liên đới chịu trách nhiệm về các khoản nợ của hợp tác xã, liên hiệp hợp tác xã; phải chịu trách nhiệm cá nhân về thiệt hại do việc không thực hiện hoặc thực hiện không đúng quy định về giải thể tại Luật này.",content.csv,Luật Hợp tác xã số 17/2023/QH15,Luật,01/07/2024,Còn hiệu lực,"[""Admin"", ""Staff"", ""Guest""]"
166269_art_98,166269,"Điều 98. Giải thể tự nguyện đối với hợp tác xã, liên hiệp hợp tác xã 
 1. Đại hội thành viên thông qua nghị quyết giải thể hợp tác xã, liên hiệp hợp tác xã. Nghị quyết giải thể hợp tác xã, liên hiệp hợp tác xã bao gồm nội dung chủ yếu sau đây: 
 a) Tên, địa chỉ trụ sở chính của hợp tác xã, liên hiệp hợp tác xã; 
 b) Lý do giải thể; 
 c) Thời hạn và thủ tục bàn giao tài sản chung không chia, quỹ chung không chia; 
 d) Thời hạn, thủ tục thanh lý hợp đồng và thanh toán các khoản nợ, phương án giải quyết nợ. Phương án giải quyết nợ phải có tên, địa chỉ của chủ nợ; số nợ, thời hạn, địa điểm và phương thức thanh toán nợ; cách thức và thời hạn giải quyết khiếu nại của chủ nợ; 
 đ) Phương án xử lý nghĩa vụ phát sinh từ hợp đồng lao động. 
 2. Hội đồng quản trị đối với tổ chức quản trị đầy đủ hoặc Giám đốc đối với tổ chức quản trị rút gọn trực tiếp tổ chức thanh lý tài sản của hợp tác xã, liên hiệp hợp tác xã theo nghị quyết của Đại hội thành viên, trừ trường hợp Điều lệ quy định thành lập tổ chức thanh lý riêng. 
 3. Trong thời hạn 07 ngày làm việc kể từ ngày thông qua nghị quyết, người đại diện theo pháp luật của hợp tác xã, liên hiệp hợp tác xã hoàn thành các công việc sau đây: 
 a) Gửi nghị quyết giải thể đến cơ quan đăng ký kinh doanh, Ủy ban nhân dân nơi cấp Giấy chứng nhận đăng ký hợp tác xã, cơ quan thuế, người lao động trong hợp tác xã, liên hiệp hợp tác xã; 
 b) Niêm yết công khai nghị quyết giải thể tại trụ sở chính, chi nhánh, văn phòng đại diện của hợp tác xã, liên hiệp hợp tác xã; 
 c) Trường hợp còn nghĩa vụ tài chính chưa giải quyết thì phải gửi nghị quyết giải thể đến các chủ nợ, người có quyền, nghĩa vụ và lợi ích có liên quan. 
 4. Cơ quan đăng ký kinh doanh phải thông báo tình trạng hợp tác xã, liên hiệp hợp tác xã đang làm thủ tục giải thể trên hệ thống thông tin điện tử của cơ quan đăng ký kinh doanh, kèm theo thông báo phải đăng tải nghị quyết giải thể. 
 5. Việc xử lý tài sản của hợp tác xã, liên hiệp hợp tác xã thực hiện theo quy định tại",content.csv,Luật Hợp tác xã số 17/2023/QH15,Luật,01/07/2024,Còn hiệu lực,"[""Admin"", ""Staff"", ""Guest""]"
166269_art_99,166269,"Điều 99. Giải thể bắt buộc đối với hợp tác xã, liên hiệp hợp tác xã 
 1. Cơ quan đăng ký kinh doanh phải thông báo tình trạng hợp tác xã, liên hiệp hợp tác xã đang làm thủ tục giải thể cho Ủy ban nhân dân nơi cấp Giấy chứng nhận đăng ký hợp tác xã và trên hệ thống thông tin điện tử của cơ quan đăng ký kinh doanh đồng thời với việc ra quyết định thu hồi Giấy chứng nhận đăng ký hợp tác xã hoặc ngay sau khi nhận được quyết định giải thể của Tòa án đã có hiệu lực pháp luật; kèm theo thông báo phải đăng tải quyết định thu hồi Giấy chứng nhận đăng ký hợp tác xã hoặc quyết định của Tòa án đã có hiệu lực pháp luật. 
 2. Trong thời hạn 10 ngày kể từ ngày nhận được quyết định thu hồi Giấy chứng nhận đăng ký hợp tác xã hoặc quyết định của Tòa án đã có hiệu lực pháp luật, hợp tác xã, liên hiệp hợp tác xã phải thực hiện theo quy định tại các khoản 1, 2, 3, 5 và 6",content.csv,Luật Hợp tác xã số 17/2023/QH15,Luật,01/07/2024,Còn hiệu lực,"[""Admin"", ""Staff"", ""Guest""]"
166269_art_100,166269,"Điều 100. Các hành vi bị cấm khi giải thể hợp tác xã, liên hiệp hợp tác xã 
 1. Kể từ khi có nghị quyết giải thể, quyết định thu hồi Giấy chứng nhận đăng ký hợp tác xã hoặc quyết định giải thể của Tòa án, người đại diện theo pháp luật, Chủ tịch Hội đồng quản trị, thành viên khác của Hội đồng quản trị, Giám đốc (Tổng giám đốc), thành viên của hợp tác xã, liên hiệp hợp tác xã bị cấm thực hiện các hành vi sau đây: 
 a) Cất giấu, tẩu tán tài sản; 
 b) Từ bỏ hoặc giảm bớt quyền đòi nợ; 
 c) Chuyển khoản nợ không có bảo đảm thành khoản nợ có bảo đảm bằng tài sản của hợp tác xã, liên hiệp hợp tác xã; 
 d) Ký kết hợp đồng mới, trừ trường hợp để thực hiện giải thể hợp tác xã, liên hiệp hợp tác xã; 
 đ) Cầm cố, thế chấp, tặng cho, cho thuê tài sản; 
 e) Chấm dứt thực hiện hợp đồng đã có hiệu lực; 
 g) Huy động vốn dưới mọi hình thức. 
 2. Tùy theo tính chất và mức độ vi phạm, cá nhân có hành vi vi phạm quy định tại khoản 1 Điều này có thể bị xử phạt vi phạm hành chính hoặc bị truy cứu trách nhiệm hình sự; nếu gây thiệt hại thì phải bồi thường cho hợp tác xã, liên hiệp hợp tác xã theo quy định của pháp luật.",content.csv,Luật Hợp tác xã số 17/2023/QH15,Luật,01/07/2024,Còn hiệu lực,"[""Admin"", ""Staff"", ""Guest""]"
166269_art_103,166269,"Điều 103. Thu hồi Giấy chứng nhận đăng ký hợp tác xã 
 1. Hợp tác xã, liên hiệp hợp tác xã bị thu hồi Giấy chứng nhận đăng ký hợp tác xã khi thuộc một trong các trường hợp sau đây: 
 a) Nội dung kê khai trong hồ sơ đăng ký hợp tác xã, liên hiệp hợp tác xã là giả mạo; 
 b) Ngừng hoạt động trên 12 tháng mà không thông báo cho cơ quan đăng ký kinh doanh và cơ quan thuế; 
 c) Sau 12 tháng mà hợp tác xã, liên hiệp hợp tác xã không gửi báo cáo về việc tuân thủ theo quy định của Luật này theo yêu cầu của cơ quan đăng ký kinh doanh; 
 d) Không đáp ứng điều kiện số lượng thành viên tối thiểu của hợp tác xã, liên hiệp hợp tác xã trong 12 tháng liên tục; không đáp ứng điều kiện số lượng thành viên tối đa là tổ chức kinh tế có vốn đầu tư nước ngoài, cá nhân là nhà đầu tư nước ngoài theo quy định của Luật này trong 06 tháng liên tục; 
 đ) Không đáp ứng điều kiện vốn góp tối đa của thành viên hợp tác xã, liên hiệp hợp tác xã theo quy định của Luật này trong 12 tháng liên tục; 
 e) Không tổ chức Đại hội thành viên thường niên trong 18 tháng liên tục kể từ thời điểm tổ chức Đại hội thành viên gần nhất, trừ trường hợp bất khả kháng; 
 g) Theo quyết định của Tòa án hoặc đề nghị của cơ quan nhà nước có thẩm quyền theo quy định của luật có liên quan. 
 2. Chính phủ quy định trình tự, thủ tục thu hồi Giấy chứng nhận đăng ký hợp tác xã.",content.csv,Luật Hợp tác xã số 17/2023/QH15,Luật,01/07/2024,Còn hiệu lực,"[""Admin"", ""Staff"", ""Guest""]"
166269_art_104,166269,"Điều 104. Chấm dứt hoạt động chi nhánh, văn phòng đại diện, địa điểm kinh doanh 
 1. Chi nhánh, văn phòng đại diện của hợp tác xã, liên hiệp hợp tác xã chấm dứt hoạt động theo các trường hợp sau đây: 
 a) Hợp tác xã, liên hiệp hợp tác xã quyết định chấm dứt hoạt động của chi nhánh, văn phòng đại diện; 
 b) Bị thu hồi giấy chứng nhận đăng ký hoạt động chi nhánh, văn phòng đại diện theo quy định của pháp luật. 
 2. Địa điểm kinh doanh của hợp tác xã, liên hiệp hợp tác xã chấm dứt hoạt động theo quyết định của Giám đốc (Tổng giám đốc) của hợp tác xã, liên hiệp hợp tác xã đó. 
 3. Người đại diện theo pháp luật của hợp tác xã, liên hiệp hợp tác xã và người đứng đầu chi nhánh, văn phòng đại diện bị chấm dứt hoạt động liên đới chịu trách nhiệm về tính trung thực và chính xác của hồ sơ chấm dứt hoạt động chi nhánh, văn phòng đại diện, địa điểm kinh doanh. 
 4. Hợp tác xã, liên hiệp hợp tác xã có chi nhánh đã chấm dứt hoạt động chịu trách nhiệm thực hiện các hợp đồng, thanh toán các khoản nợ, bao gồm cả nợ thuế của chi nhánh và tiếp tục sử dụng lao động hoặc giải quyết đủ quyền lợi hợp pháp cho người lao động đã làm việc tại chi nhánh theo quy định của pháp luật. 
 5. Chính phủ quy định chi tiết Điều này. 
 Chương VIII 
 KIỂM TOÁN HỢP TÁC XÃ, LIÊN HIỆP HỢP TÁC XÃ",content.csv,Luật Hợp tác xã số 17/2023/QH15,Luật,01/07/2024,Còn hiệu lực,"[""Admin"", ""Staff"", ""Guest""]"
166269_art_105,166269,"Điều 105. Kiểm toán nội bộ 
 1. Hợp tác xã, liên hiệp hợp tác xã hoạt động trong lĩnh vực tài chính, ngân hàng thực hiện kiểm toán nội bộ theo quy định của Luật Các tổ chức tín dụng. 
 2. Nhà nước khuyến khích hợp tác xã, liên hiệp hợp tác xã không hoạt động trong lĩnh vực quy định tại khoản 1 Điều này thực hiện kiểm toán nội bộ theo quy định của pháp luật về kiểm toán nội bộ.",content.csv,Luật Hợp tác xã số 17/2023/QH15,Luật,01/07/2024,Còn hiệu lực,"[""Admin"", ""Staff""]"
166269_art_106,166269,"Điều 106. Kiểm toán độc lập 
 1. Hợp tác xã, liên hiệp hợp tác xã phải có báo cáo tài chính năm được kiểm toán bởi tổ chức kiểm toán độc lập, bao gồm: 
 a) Hợp tác xã có quy mô lớn; 
 b) Liên hiệp hợp tác xã từ 10 thành viên trở lên; 
 c) Hợp tác xã, liên hiệp hợp tác xã đề nghị thụ hưởng các chính sách của Nhà nước theo quy định của chính sách đó; 
 d) Quỹ hỗ trợ phát triển hợp tác xã hoạt động theo mô hình hợp tác xã. 
 2. Tần suất thực hiện kiểm toán độc lập báo cáo tài chính: 
 a) Hợp tác xã, liên hiệp hợp tác xã quy định tại điểm a và điểm b khoản 1 Điều này phải kiểm toán báo cáo tài chính theo tần suất do Điều lệ quy định nhưng tối thiểu 02 năm phải kiểm toán một lần; 
 b) Hợp tác xã, liên hiệp hợp tác xã quy định tại điểm c khoản 1 Điều này thực hiện theo yêu cầu của Điều lệ, cơ quan nhà nước có thẩm quyền và quy định của pháp luật; 
 c) Hợp tác xã, liên hiệp hợp tác xã quy định tại điểm d khoản 1 Điều này phải kiểm toán báo cáo tài chính hằng năm. 
 3. Hợp tác xã, liên hiệp hợp tác xã thực hiện kiểm toán tuân thủ, kiểm toán hoạt động theo yêu cầu của Đại hội thành viên hoặc khi có yêu cầu của cơ quan nhà nước có thẩm quyền. 
 Chương IX 
 TỔ HỢP TÁC",content.csv,Luật Hợp tác xã số 17/2023/QH15,Luật,01/07/2024,Còn hiệu lực,"[""Admin"", ""Staff"", ""Guest""]"
166269_art_107,166269,"Điều 107. Thành lập, hoạt động của tổ hợp tác 
 1. Việc thành lập, tổ chức, hoạt động của tổ hợp tác được thực hiện trên cơ sở hợp đồng hợp tác theo quy định của pháp luật dân sự. 
 2. Tổ hợp tác khi có góp vốn và hợp đồng hợp tác không xác định thời hạn hoặc có thời hạn từ 12 tháng trở lên hoặc tổ hợp tác đề nghị thụ hưởng chính sách của Nhà nước phải đăng ký tại cơ quan đăng ký kinh doanh; khuyến khích tổ hợp tác khác đăng ký. 
 3. Tổ hợp tác có quyền sau đây: 
 a) Có tên riêng; 
 b) Kinh doanh những ngành, nghề mà pháp luật không cấm; được quyền kinh doanh ngành, nghề kinh doanh có điều kiện theo quy định của pháp luật; 
 c) Hợp tác kinh doanh với cá nhân, tổ chức để mở rộng hoạt động sản xuất, kinh doanh theo quy định của pháp luật; 
 d) Mở và sử dụng tài khoản thanh toán tại tổ chức cung ứng dịch vụ thanh toán theo quy định của pháp luật có liên quan; 
 đ) Xác lập và thực hiện các giao dịch dân sự; 
 e) Được hưởng chính sách của Nhà nước khi có đủ điều kiện; 
 g) Quyền khác theo quy định của pháp luật và hợp đồng hợp tác. 
 4. Tổ hợp tác có nghĩa vụ sau đây: 
 a) Bảo đảm quyền, lợi ích hợp pháp, chính đáng của thành viên, người lao động, cá nhân và tổ chức có liên quan; 
 b) Thực hiện đầy đủ, kịp thời nghĩa vụ đối với thành viên, cá nhân, tổ chức có liên quan; 
 c) Nghĩa vụ khác theo quy định của pháp luật và hợp đồng hợp tác. 
 5. Chính phủ quy định chi tiết các khoản 1, 2, 3 và 4 Điều này. 
 6. Bộ trưởng Bộ Kế hoạch và Đầu tư ban hành biểu mẫu thực hiện thủ tục đăng ký tổ hợp tác.",content.csv,Luật Hợp tác xã số 17/2023/QH15,Luật,01/07/2024,Còn hiệu lực,"[""Admin"", ""Staff"", ""Guest""]"
166269_art_108,166269,"Điều 108. Chuyển đổi tổ hợp tác thành hợp tác xã 
 1. Tổ hợp tác được chuyển đổi thành hợp tác xã khi đáp ứng các điều kiện sau đây: 
 a) Có Giấy chứng nhận đăng ký tổ hợp tác; 
 b) Hoạt động liên tục ít nhất 12 tháng kể từ ngày được cấp Giấy chứng nhận đăng ký tổ hợp tác; 
 c) Được tất cả thành viên tán thành. 
 2. Việc thành lập hợp tác xã trên cơ sở chuyển đổi từ tổ hợp tác được thực hiện theo quy định về thành lập hợp tác xã tại Luật này. 
 3. Hợp tác xã được thành lập trên cơ sở chuyển đổi từ tổ hợp tác kế thừa toàn bộ quyền, nghĩa vụ của tổ hợp tác kể từ ngày được cấp Giấy chứng nhận đăng ký hợp tác xã.",content.csv,Luật Hợp tác xã số 17/2023/QH15,Luật,01/07/2024,Còn hiệu lực,"[""Admin"", ""Staff"", ""Guest""]"
166269_art_109,166269,"Điều 109. Chính sách hỗ trợ tổ hợp tác chuyển đổi thành hợp tác xã 
 1. Cơ quan đăng ký kinh doanh tư vấn, hướng dẫn miễn phí về hồ sơ, thủ tục chuyển đổi tổ hợp tác thành hợp tác xã. 
 2. Tư vấn, hướng dẫn miễn phí thủ tục hành chính về thuế và chế độ kế toán tối đa trong thời hạn 03 năm kể từ ngày được cấp Giấy chứng nhận đăng ký hợp tác xã lần đầu theo quy định của Chính phủ. 
 3. Miễn lệ phí cấp Giấy chứng nhận đăng ký hợp tác xã lần đầu; miễn phí thẩm định, lệ phí cấp phép kinh doanh lần đầu đối với ngành, nghề kinh doanh có điều kiện; miễn lệ phí môn bài trong thời hạn 03 năm kể từ ngày được cấp Giấy chứng nhận đăng ký hợp tác xã lần đầu. 
 4. Miễn, giảm thuế thu nhập doanh nghiệp đối với hợp tác xã chuyển đổi từ tổ hợp tác theo quy định của pháp luật về thuế thu nhập doanh nghiệp. 
 5. Miễn, giảm tiền sử dụng đất đối với hợp tác xã chuyển đổi từ tổ hợp tác theo quy định của pháp luật về đất đai. 
 Chương X 
 TỔ CHỨC ĐẠI DIỆN CỦA TỔ HỢP TÁC, HỢP TÁC XÃ, LIÊN HIỆP HỢP TÁC XÃ",content.csv,Luật Hợp tác xã số 17/2023/QH15,Luật,01/07/2024,Còn hiệu lực,"[""Admin"", ""Staff"", ""Guest""]"
166269_art_110,166269,"Điều 110. Tổ chức đại diện của tổ hợp tác, hợp tác xã, liên hiệp hợp tác xã 
 1. Tổ chức đại diện của tổ hợp tác, hợp tác xã, liên hiệp hợp tác xã được thành lập, tổ chức và hoạt động theo quy định của pháp luật về hội và pháp luật có liên quan. 
 2. Tổ chức đại diện của tổ hợp tác, hợp tác xã, liên hiệp hợp tác xã có các nhiệm vụ sau đây: 
 a) Đại diện và bảo vệ quyền, lợi ích hợp pháp của các thành viên; 
 b) Tuyên truyền, hướng dẫn, chia sẻ thông tin, vận động thực hiện các chính sách của Nhà nước về phát triển tổ hợp tác, hợp tác xã, liên hiệp hợp tác xã; 
 c) Tư vấn, hỗ trợ và cung cấp dịch vụ, đào tạo, bồi dưỡng nguồn nhân lực phục vụ cho việc hình thành và phát triển của tổ hợp tác, hợp tác xã, liên hiệp hợp tác xã; 
 d) Thực hiện các chương trình, dự án, dịch vụ công được giao hỗ trợ phát triển tổ hợp tác, hợp tác xã, liên hiệp hợp tác xã; 
 đ) Tham gia xây dựng chính sách, pháp luật về tổ hợp tác, hợp tác xã, liên hiệp hợp tác xã; 
 e) Đại diện cho các thành viên trong quan hệ hoạt động phối hợp với các tổ chức trong nước và nước ngoài theo quy định của pháp luật; 
 g) Thực hiện đánh giá rủi ro, tư vấn, hỗ trợ nhằm tăng cường tính minh bạch trong quản lý tài chính, bảo đảm tuân thủ các quy định của pháp luật trong vận hành và nâng cao hiệu quả trong hoạt động sản xuất, kinh doanh của tổ hợp tác, hợp tác xã, liên hiệp hợp tác xã; 
 h) Đánh giá hiệu quả và đóng góp kinh tế, xã hội, văn hóa từ hoạt động của tổ hợp tác, hợp tác xã, liên hiệp hợp tác xã và thành viên. 
 3. Nhà nước hỗ trợ kinh phí đối với hoạt động gắn với nhiệm vụ được Nhà nước giao cho tổ chức đại diện. 
 4. Khuyến khích tổ hợp tác, hợp tác xã, liên hiệp hợp tác xã tham gia là thành viên của tổ chức đại diện.",content.csv,Luật Hợp tác xã số 17/2023/QH15,Luật,01/07/2024,Còn hiệu lực,"[""Admin"", ""Staff""]"
166269_art_111,166269,"Điều 111. Hệ thống Liên minh hợp tác xã Việt Nam 
 1. Hệ thống Liên minh hợp tác xã Việt Nam là tổ chức đại diện của tổ hợp tác, hợp tác xã, liên hiệp hợp tác xã, bảo vệ quyền và lợi ích hợp pháp của các tổ hợp tác, hợp tác xã, liên hiệp hợp tác xã, giữ vai trò nòng cốt và thúc đẩy phát triển kinh tế tập thể. 
 2. Hệ thống Liên minh hợp tác xã Việt Nam gồm Liên minh hợp tác xã Việt Nam được thành lập ở Trung ương và Liên minh hợp tác xã cấp tỉnh được thành lập ở các tỉnh, thành phố trực thuộc Trung ương. Điều lệ Liên minh hợp tác xã Việt Nam được Đại hội Liên minh hợp tác xã Việt Nam thông qua và do 
 3. Hệ thống Liên minh hợp tác xã Việt Nam có nhiệm vụ sau đây: 
 a) Các nhiệm vụ của tổ chức đại diện theo quy định tại khoản 2",content.csv,Luật Hợp tác xã số 17/2023/QH15,Luật,01/07/2024,Còn hiệu lực,"[""Admin"", ""Staff"", ""Guest""]"
166269_art_112,166269,"Điều 112. Nội dung chủ yếu về quản lý nhà nước 
 1. Xây dựng, tổ chức thực hiện chiến lược, kế hoạch, chương trình, đề án phát triển tổ hợp tác, hợp tác xã, liên hiệp hợp tác xã trên quy mô cả nước và từng ngành, lĩnh vực, vùng và địa phương. 
 2. Xây dựng, ban hành, tuyên truyền, phổ biến, hướng dẫn, tổ chức thực hiện các văn bản quy phạm pháp luật, các cơ chế chính sách, giải pháp liên quan đến phát triển tổ hợp tác, hợp tác xã, liên hiệp hợp tác xã. 
 3. Thanh tra, kiểm tra việc thực hiện pháp luật đối với tổ hợp tác, hợp tác xã, liên hiệp hợp tác xã; xử lý các hành vi vi phạm pháp luật theo quy định của pháp luật. 
 4. Hợp tác quốc tế về phát triển tổ hợp tác, hợp tác xã, liên hiệp hợp tác xã. 
 5. Xây dựng, quản lý và vận hành Hệ thống thông tin quốc gia về hợp tác xã.",content.csv,Luật Hợp tác xã số 17/2023/QH15,Luật,01/07/2024,Còn hiệu lực,"[""Admin"", ""Staff"", ""Guest""]"
166269_art_113,166269,"Điều 113. Trách nhiệm của các cơ quan quản lý nhà nước 
 1. Chính phủ thống nhất quản lý nhà nước về tổ hợp tác, hợp tác xã, liên hiệp hợp tác xã trong phạm vi cả nước. 
 2. Bộ Kế hoạch và Đầu tư là cơ quan đầu mối giúp Chính phủ thực hiện nhiệm vụ quản lý nhà nước về tổ hợp tác, hợp tác xã, liên hiệp hợp tác xã. 
 3. Bộ, cơ quan ngang bộ, trong phạm vi nhiệm vụ, quyền hạn của mình, có trách nhiệm thực hiện quản lý nhà nước về tổ hợp tác, hợp tác xã, liên hiệp hợp tác xã theo quy định của pháp luật. 
 4. Ủy ban nhân dân các cấp thực hiện quản lý nhà nước về tổ hợp tác, hợp tác xã, liên hiệp hợp tác xã theo thẩm quyền, thực hiện các biện pháp về phát triển tổ hợp tác, hợp tác xã, liên hiệp hợp tác xã trong chương trình phát triển kinh tế - xã hội của địa phương. 
 5. Bộ, cơ quan ngang bộ và cơ quan có liên quan, Ủy ban nhân dân các cấp, trong phạm vi nhiệm vụ, quyền hạn của mình, có trách nhiệm kết nối, liên thông và chia sẻ thông tin với Hệ thống thông tin quốc gia về hợp tác xã. 
 6. Cơ quan quản lý nhà nước có trách nhiệm phối hợp với Ủy ban Mặt trận tổ quốc Việt Nam và các tổ chức thành viên của Mặt trận, tổ chức đại diện, hệ thống Liên minh hợp tác xã Việt Nam và các tổ chức khác trong việc tuyên truyền, phổ biến, tổ chức thi hành pháp luật về tổ hợp tác, hợp tác xã, liên hiệp hợp tác xã; triển khai các chương trình, dự án phát triển tổ hợp tác, hợp tác xã, liên hiệp hợp tác xã. 
 Chương XII 
 ĐIỀU KHOẢN THI HÀNH",content.csv,Luật Hợp tác xã số 17/2023/QH15,Luật,01/07/2024,Còn hiệu lực,"[""Admin"", ""Staff"", ""Guest""]"
166269_art_114,166269,"Điều 114. Điều khoản thi hành 
 1. Luật này có hiệu lực thi hành từ ngày 01 tháng 7 năm 2024, trừ quy định tại khoản 2 Điều này. 
 2. Quy định tại khoản 3 và khoản 4",content.csv,Luật Hợp tác xã số 17/2023/QH15,Luật,01/07/2024,Còn hiệu lực,"[""Admin"", ""Staff"", ""Guest""]"
166269_art_115,166269,"Điều 115 của Luật này có hiệu lực thi hành từ ngày 01 tháng 9 năm 2023. 
 3. Luật Hợp tác xã số 23/2012/QH13 hết hiệu lực kể từ ngày Luật này có hiệu lực thi hành, trừ quy định tại khoản 5",content.csv,Luật Hợp tác xã số 17/2023/QH15,Luật,01/07/2024,Còn hiệu lực,"[""Admin"", ""Staff"", ""Guest""]"
6e689cd0-6f81-11f1-94d6-fd5d6d5ff793_chunk_1,6e689cd0-6f81-11f1-94d6-fd5d6d5ff793,"&nbsp; 
 &nbsp; 
 CỘNG HÒA XÃ HỘI CHỦ NGHĨA VIỆT NAM 
 Độc lập - Tự do - Hạnh phúc 
 &nbsp; 
 &nbsp; 
 &nbsp; 
 
 &nbsp; 
 &nbsp; 
 
 CỘNG HÒA XÃ HỘI CHỦ NGHĨA VIỆT NAM 
 Độc lập - Tự do - Hạnh phúc 
 
 &nbsp; 
 
 &nbsp; 
 
 
 
 &nbsp; 
 &nbsp; 
 
 CỘNG HÒA XÃ HỘI CHỦ NGHĨA VIỆT NAM 
 Độc lập - Tự do - Hạnh phúc 
 
 
 
 &nbsp; 
 
 &nbsp; 
 
 
 
 &nbsp; 
 
 
 
 &nbsp; 
 THÔNG TƯ 
 Quy định hồ sơ, thủ tục cấp Giấy phép lần đầu của ngân hàng thương mại, chi nhánh ngân hàng nước ngoài, văn phòng đại diện nước ngoài 
 Thông tư số 56/2024/TT-NHNN ngày 24 tháng 12 năm 2024 của Thống đốc Ngân hàng Nhà nước Việt Nam quy định hồ sơ, thủ tục cấp Giấy phép lần đầu của ngân hàng thương mại, chi nhánh ngân hàng nước ngoài, văn phòng đại diện nước ngoài, có hiệu lực kể từ ngày 24 tháng 12 năm 2024 được sửa đổi, bổ sung bởi: 
 1. Thông tư số 12/2025/TT-NHNN ngày 30 tháng 6 năm 2025 của Thống đốc Ngân hàng Nhà nước Việt Nam sửa đổi, bổ sung một số điều của các Thông tư quy định hồ sơ, thủ tục cấp Giấy phép lần đầu của ngân hàng thương mại, chi nhánh ngân hàng nước ngoài, văn phòng đại diện nước ngoài, tổ chức tín dụng phi ngân hàng, có hiệu lực từ ngày 14 tháng 8 năm 2025. 
 2. Thông tư số 11/2026/TT-NHNN ngày 19 tháng 5 năm 2026 của Thống đốc Ngân hàng Nhà nước Việt Nam phân cấp thực hiện thủ tục hành chính trong lĩnh vực thông tin tín dụng và sửa đổi, bổ sung một số điều của các Thông tư liên quan đến cắt giảm, đơn giản hóa, phân cấp thực hiện thủ tục hành chính trong lĩnh vực thành lập và hoạt động ngân hàng, có hiệu lực kể từ ngày 19 tháng 5 năm 2026. 
 Căn cứ Luật Ngân hàng Nhà nước Việt Nam ngày 16 tháng 6 năm 2010; 
 Căn cứ Luật Các tổ chức tín dụng ngày 18 tháng 01 năm 2024; 
 Căn cứ Nghị định số 102/2022/NĐ-CP ngày 12 tháng 12 năm 2022 của Chính phủ quy định chức năng, nhiệm vụ, quyền hạn và cơ cấu tổ chức của Ngân hàng Nhà nước Việt Nam; 
 Căn cứ Nghị định số 162/NĐ-CP ngày 20 tháng 12 năm 2024 của Chính phủ quy định điều kiện cấp Giấy phép đối với quỹ tín dụng nhân dân, tổ chức tài chính vi mô và điều kiện đối với chủ sở hữu của tổ chức tín dụng là công ty trách nhiệm hữu hạn một thành viên, cổ đông sáng lập, thành viên sáng lập; 
 Theo đề nghị của Chánh Thanh tra, giám sát ngân hàng; 
 Thống đốc Ngân hàng Nhà nước Việt Nam ban hành Thông tư quy định hồ sơ, thủ tục cấp Giấy phép lần đầu của ngân hàng thương mại, chi nhánh ngân hàng nước ngoài, văn phòng đại diện nước ngoài , . 
 &nbsp; 
 Chương I 
 QUY ĐỊNH CHUNG",content.csv,"Quy định hồ sơ, thủ tục cấp Giấy phép lần đầu của ngân hàng thương mại, chi nhánh ngân hàng nước ngoài, văn phòng đại diện nước ngoài",Văn bản hợp nhất,,Chưa xác định,"[""Admin"", ""Staff""]"
6e689cd0-6f81-11f1-94d6-fd5d6d5ff793_art_1,6e689cd0-6f81-11f1-94d6-fd5d6d5ff793,"Điều 1. Phạm vi điều chỉnh 
 Thông tư này quy định về hồ sơ, thủ tục cấp Giấy phép lần đầu của ngân hàng thương mại, chi nhánh ngân hàng nước ngoài, văn phòng đại diện nước ngoài.",content.csv,"Quy định hồ sơ, thủ tục cấp Giấy phép lần đầu của ngân hàng thương mại, chi nhánh ngân hàng nước ngoài, văn phòng đại diện nước ngoài",Văn bản hợp nhất,,Chưa xác định,"[""Admin"", ""Staff"", ""Guest""]"
6e689cd0-6f81-11f1-94d6-fd5d6d5ff793_art_2,6e689cd0-6f81-11f1-94d6-fd5d6d5ff793,"Điều 2. Đối tượng áp dụng 
 Thông tư này áp dụng đối với: 
 1. Ngân hàng thương mại. 
 2. Chi nhánh ngân hàng nước ngoài. 
 3. Văn phòng đại diện tại Việt Nam của tổ chức tín dụng nước ngoài, tổ chức nước ngoài khác có hoạt động ngân hàng (sau đây gọi là văn phòng đại diện nước ngoài). 
 4. Các tổ chức, cá nhân có liên quan đến hồ sơ, thủ tục cấp Giấy phép lần đầu của ngân hàng thương mại, chi nhánh ngân hàng nước ngoài và văn phòng đại diện nước ngoài.",content.csv,"Quy định hồ sơ, thủ tục cấp Giấy phép lần đầu của ngân hàng thương mại, chi nhánh ngân hàng nước ngoài, văn phòng đại diện nước ngoài",Văn bản hợp nhất,,Chưa xác định,"[""Admin"", ""Staff""]"
6e689cd0-6f81-11f1-94d6-fd5d6d5ff793_art_3,6e689cd0-6f81-11f1-94d6-fd5d6d5ff793,"Điều 3. Giải thích từ ngữ 
 Trong Thông tư này, các từ ngữ dưới đây được hiểu như sau: 
 1. Tổ chức nước ngoài khác có hoạt động ngân hàng là tổ chức được thành lập ở nước ngoài theo quy định của pháp luật nước ngoài và được kinh doanh, cung ứng thường xuyên một hoặc một số các nghiệp vụ sau đây: 
 a) Nhận tiền gửi; 
 b) Cấp tín dụng; 
 c) Cung ứng dịch vụ thanh toán qua tài khoản. 
 2. Văn phòng đại diện nước ngoài là đơn vị phụ thuộc của tổ chức tín dụng nước ngoài, tổ chức nước ngoài khác có hoạt động ngân hàng thành lập tại Việt Nam. Văn phòng đại diện nước ngoài không được thực hiện các hoạt động kinh doanh tại Việt Nam. 
 3. Cổ đông góp vốn thành lập là tổ chức, cá nhân sở hữu ít nhất một cổ phần của ngân hàng thương mại cổ phần tại thời điểm thành lập. 
 4. Cuộc họp Đại hội đồng cổ đông đầu tiên là cuộc họp gồm các cổ đông sáng lập và các cổ đông góp vốn thành lập khác sau khi được Ngân hàng Nhà nước chấp thuận nguyên tắc, có nhiệm vụ thông qua Điều lệ của ngân hàng thương mại cổ phần, bầu các chức danh thành viên Hội đồng quản trị, thành viên Ban kiểm soát nhiệm kỳ đầu tiên và quyết định các vấn đề khác liên quan đến việc thành lập ngân hàng thương mại cổ phần. 
 5. Cuộc họp Thành viên góp vốn đầu tiên là cuộc họp gồm các thành viên sáng lập và các thành viên góp vốn khác sau khi được Ngân hàng Nhà nước chấp thuận nguyên tắc, có nhiệm vụ thông qua Điều lệ của ngân hàng, bầu các chức danh thành viên Hội đồng thành viên, thành viên Ban kiểm soát nhiệm kỳ đầu tiên và quyết định các vấn đề khác liên quan đến việc thành lập ngân hàng liên doanh, ngân hàng 100% vốn nước ngoài là công ty trách nhiệm hữu hạn hai thành viên trở lên. 
 6.&nbsp; Ban trù bị là một nhóm người do các cổ đông sáng lập, thành viên sáng lập, chủ sở hữu, ngân hàng mẹ lựa chọn làm đại diện theo ủy quyền, thay mặt các cổ đông sáng lập, thành viên góp vốn thành lập, chủ sở hữu, ngân hàng mẹ triển khai các công việc liên quan đến việc đề nghị cấp Giấy phép. Ban trù bị phải có tối thiểu 02 thành viên trong đó có 01 thành viên là Trưởng ban. 
 7. Đơn vị đầu mối xử lý hồ sơ đề nghị cấp Giấy phép là đơn vị thuộc ngân hàng nhà nước, được giao nhiệm vụ cấp Giấy phép lần đầu của ngân hàng thương mại, chi nhánh ngân hàng nước ngoài.",content.csv,"Quy định hồ sơ, thủ tục cấp Giấy phép lần đầu của ngân hàng thương mại, chi nhánh ngân hàng nước ngoài, văn phòng đại diện nước ngoài",Văn bản hợp nhất,,Chưa xác định,"[""Admin"", ""Staff""]"
6e689cd0-6f81-11f1-94d6-fd5d6d5ff793_art_4,6e689cd0-6f81-11f1-94d6-fd5d6d5ff793,"Điều 4. Thời hạn hoạt động 
 Thời hạn hoạt động của ngân hàng thương mại, chi nhánh ngân hàng nước ngoài được ghi trong Giấy phép tối đa không quá 99 năm; thời hạn hoạt động của văn phòng đại diện nước ngoài được ghi trong Giấy phép tối đa không quá 05 năm. 
 &nbsp; 
 Chương II 
 QUY ĐỊNH VỀ CẤP GIẤY PHÉP",content.csv,"Quy định hồ sơ, thủ tục cấp Giấy phép lần đầu của ngân hàng thương mại, chi nhánh ngân hàng nước ngoài, văn phòng đại diện nước ngoài",Văn bản hợp nhất,,Chưa xác định,"[""Admin"", ""Staff"", ""Guest""]"
6e689cd0-6f81-11f1-94d6-fd5d6d5ff793_art_5,6e689cd0-6f81-11f1-94d6-fd5d6d5ff793,"Điều 5. Thẩm quyền quyết định cấp Giấy phép 
 1. Thống đốc Ngân hàng Nhà nước có thẩm quyền quyết định cấp Giấy phép đối với ngân hàng thương mại và chi nhánh ngân hàng nước ngoài. 
 2. Giám đốc Ngân hàng Nhà nước chi nhánh tại các Khu vực (sau đây gọi tắt là Ngân hàng Nhà nước chi nhánh) nơi văn phòng đại diện nước ngoài dự kiến đặt trụ sở có thẩm quyền quyết định cấp Giấy phép đối với văn phòng đại diện nước ngoài.",content.csv,"Quy định hồ sơ, thủ tục cấp Giấy phép lần đầu của ngân hàng thương mại, chi nhánh ngân hàng nước ngoài, văn phòng đại diện nước ngoài",Văn bản hợp nhất,,Chưa xác định,"[""Admin"", ""Staff"", ""Guest""]"
6e689cd0-6f81-11f1-94d6-fd5d6d5ff793_art_6,6e689cd0-6f81-11f1-94d6-fd5d6d5ff793,"Điều 6. Giấy phép 
 1. Ngân hàng Nhà nước quy định cụ thể nội dung hoạt động ngân hàng, hoạt động kinh doanh khác của ngân hàng thương mại, chi nhánh ngân hàng nước ngoài, nội dung hoạt động của văn phòng đại diện nước ngoài theo mẫu Giấy phép tương ứng quy định tại Phụ lục số 01, 02, 03 ban hành kèm theo Thông tư này. 
 2. Trường hợp Giấy phép bị mất, bị rách, bị cháy hoặc bị hủy hoại dưới hình thức khác, ngân hàng thương mại, chi nhánh ngân hàng nước ngoài, văn phòng đại diện nước ngoài phải có văn bản nêu rõ lý do và gửi qua dịch vụ bưu chính hoặc nộp trực tiếp tại Ngân hàng Nhà nước (bộ phận Một cửa) để đề nghị Ngân hàng Nhà nước xem xét cấp bản sao Giấy phép từ bản gốc theo quy định của pháp luật và phù hợp với thẩm quyền quy định tại",content.csv,"Quy định hồ sơ, thủ tục cấp Giấy phép lần đầu của ngân hàng thương mại, chi nhánh ngân hàng nước ngoài, văn phòng đại diện nước ngoài",Văn bản hợp nhất,,Chưa xác định,"[""Admin"", ""Staff"", ""Guest""]"
6e689cd0-6f81-11f1-94d6-fd5d6d5ff793_art_7,6e689cd0-6f81-11f1-94d6-fd5d6d5ff793,"Điều 7. Thủ tục cấp Giấy phép 
 1. Thủ tục cấp Giấy phép thành lập và hoạt động của ngân hàng thương mại, Giấy phép thành lập chi nhánh ngân hàng nước ngoài như sau: 
 a) Ban trù bị lập hồ sơ đề nghị cấp Giấy phép theo quy định tại Điều 10, Điều 11, khoản 1, 2, 3 Điều 12, khoản 1, 2, 3, 4, 5, 6 Điều 13, khoản 1, 2, 3, 4, 5, 6, 7, 8, 9, 10, 11, 12, 13",content.csv,"Quy định hồ sơ, thủ tục cấp Giấy phép lần đầu của ngân hàng thương mại, chi nhánh ngân hàng nước ngoài, văn phòng đại diện nước ngoài",Văn bản hợp nhất,,Chưa xác định,"[""Admin"", ""Staff"", ""Guest""]"
6e689cd0-6f81-11f1-94d6-fd5d6d5ff793_art_14,6e689cd0-6f81-11f1-94d6-fd5d6d5ff793,"Điều 14 Thông tư này và gửi qua dịch vụ bưu chính hoặc nộp trực tiếp tại Ngân hàng Nhà nước (bộ phận Một cửa) hoặc nộp trực tuyến qua Cổng dịch vụ công quốc gia hoặc qua Cổng dịch vụ công Ngân hàng Nhà nước (nếu có). 
 Trong thời hạn 60 ngày kể từ ngày nhận được hồ sơ đề nghị cấp Giấy phép, Ngân hàng Nhà nước có văn bản gửi Ban trù bị xác nhận đã nhận đầy đủ hồ sơ hợp lệ để xem xét chấp thuận nguyên tắc hoặc yêu cầu bổ sung trong trường hợp hồ sơ đề nghị cấp Giấy phép chưa đầy đủ, hợp lệ; 
 b) Trong thời hạn 90 ngày kể từ ngày gửi văn bản xác nhận đã nhận đầy đủ hồ sơ hợp lệ, Ngân hàng Nhà nước có văn bản chấp thuận nguyên tắc thành lập ngân hàng thương mại, chi nhánh ngân hàng nước ngoài sau khi xem xét ý kiến của các cơ quan liên quan. Trường hợp không chấp thuận, Ngân hàng Nhà nước có văn bản trả lời Ban trù bị, trong đó nêu rõ lý do không chấp thuận; 
 c) Trong thời hạn 60 ngày kể từ ngày nhận được văn bản chấp thuận nguyên tắc thành lập ngân hàng thương mại, chi nhánh ngân hàng nước ngoài, Ban trù bị lập các văn bản bổ sung theo quy định tại Điều 10, khoản 4 Điều 12, khoản 7 Điều 13, khoản 14",content.csv,"Quy định hồ sơ, thủ tục cấp Giấy phép lần đầu của ngân hàng thương mại, chi nhánh ngân hàng nước ngoài, văn phòng đại diện nước ngoài",Văn bản hợp nhất,,Chưa xác định,"[""Admin"", ""Staff"", ""Guest""]"
6e689cd0-6f81-11f1-94d6-fd5d6d5ff793_art_15,6e689cd0-6f81-11f1-94d6-fd5d6d5ff793,Điều 15 Thông tư này và gửi qua dịch vụ bưu chính hoặc nộp trực tiếp tại Ngân hàng Nhà nước chi nhánh hoặc nộp trực tuyến qua Cổng dịch vụ công quốc gia hoặc qua Cổng dịch vụ công Ngân hàng Nhà nước (nếu có) theo quy định tại khoản 2,content.csv,"Quy định hồ sơ, thủ tục cấp Giấy phép lần đầu của ngân hàng thương mại, chi nhánh ngân hàng nước ngoài, văn phòng đại diện nước ngoài",Văn bản hợp nhất,,Chưa xác định,"[""Admin"", ""Staff"", ""Guest""]"
6e689cd0-6f81-11f1-94d6-fd5d6d5ff793_art_8,6e689cd0-6f81-11f1-94d6-fd5d6d5ff793,"Điều 8. Nộp lệ phí cấp Giấy phép 
 1. Ngân hàng thương mại, chi nhánh ngân hàng nước ngoài được cấp Giấy phép phải nộp lệ phí cấp Giấy phép tại Ngân hàng Nhà nước (Sở Giao dịch) hoặc thanh toán trực tuyến trên Cổng Dịch vụ công quốc gia trong thời hạn 15 ngày kể từ ngày được cấp Giấy phép. 
 2. Văn phòng đại diện nước ngoài được cấp Giấy phép phải nộp lệ phí cấp Giấy phép tại Ngân hàng Nhà nước chi nhánh theo quy định tại khoản 2",content.csv,"Quy định hồ sơ, thủ tục cấp Giấy phép lần đầu của ngân hàng thương mại, chi nhánh ngân hàng nước ngoài, văn phòng đại diện nước ngoài",Văn bản hợp nhất,,Chưa xác định,"[""Admin"", ""Staff"", ""Guest""]"
6e689cd0-6f81-11f1-94d6-fd5d6d5ff793_art_9,6e689cd0-6f81-11f1-94d6-fd5d6d5ff793,"Điều 9. Điều kiện về tổng tài sản có và tình hình tài chính đối với tổ chức tín dụng nước ngoài khi đề nghị cấp Giấy phép thành lập ngân hàng liên doanh, ngân hàng 100% vốn nước ngoài, chi nhánh ngân hàng nước ngoài tại Việt Nam 
 1. Khi đề nghị cấp Giấy phép, tổ chức tín dụng nước ngoài là thành viên sáng lập của ngân hàng liên doanh, chủ sở hữu của ngân hàng 100% vốn nước ngoài phải đáp ứng các điều kiện về tổng tài sản có và tình hình tài chính sau đây: 
 a) Có tổng tài sản có ít nhất tương đương 10 tỷ đô la Mỹ vào cuối năm liền kề trước năm nộp hồ sơ đề nghị cấp Giấy phép và đến thời điểm nộp hồ sơ bổ sung đề nghị cấp Giấy phép; 
 b) Kinh doanh có lãi trong 05 năm liên tiếp liền kề trước năm nộp hồ sơ đề nghị cấp Giấy phép và đến thời điểm nộp hồ sơ bổ sung đề nghị cấp Giấy phép. 
 2. Khi đề nghị cấp Giấy phép thành lập chi nhánh ngân hàng nước ngoài, tổ chức tín dụng nước ngoài là ngân hàng mẹ của chi nhánh ngân hàng nước ngoài phải đáp ứng các điều kiện liên quan đến tổng tài sản có và tình hình tài chính sau đây: 
 a) Có tổng tài sản có ít nhất tương đương 20 tỷ đô la Mỹ vào cuối năm liền kề trước năm nộp hồ sơ đề nghị cấp Giấy phép và đến thời điểm nộp hồ sơ bổ sung đề nghị cấp Giấy phép; 
 b) Điều kiện quy định tại điểm b khoản 1 Điều này.",content.csv,"Quy định hồ sơ, thủ tục cấp Giấy phép lần đầu của ngân hàng thương mại, chi nhánh ngân hàng nước ngoài, văn phòng đại diện nước ngoài",Văn bản hợp nhất,,Chưa xác định,"[""Admin"", ""Staff""]"
6e689cd0-6f81-11f1-94d6-fd5d6d5ff793_art_10,6e689cd0-6f81-11f1-94d6-fd5d6d5ff793,"Điều 10. Nguyên tắc lập hồ sơ 
 1. Các văn bản tại hồ sơ đề nghị cấp Giấy phép phải do Trưởng Ban trù bị ký và các văn bản lập theo các Phụ lục ban hành kèm theo Thông tư này là bản gốc, các văn bản khác là bản sao có chứng thực, trừ trường hợp Thông tư này có quy định khác. Các văn bản do Trưởng Ban trù bị ký phải có tiêu đề “Ban trù bị thành lập và tên dự kiến ngân hàng thương mại hoặc chi nhánh ngân hàng nước ngoài”. 
 Các văn bản tại hồ sơ đề nghị cấp Giấy phép thành lập văn phòng đại diện nước ngoài phải do người đại diện theo pháp luật của tổ chức tín dụng nước ngoài, tổ chức nước ngoài khác có hoạt động ngân hàng ký, trừ trường hợp Thông tư này có quy định khác. 
 2. Hồ sơ đề nghị cấp Giấy phép thành lập và hoạt động ngân hàng thương mại cổ phần được lập 01 bộ bằng tiếng Việt, trừ trường hợp Thông tư này có quy định khác. 
 3. Hồ sơ đề nghị cấp Giấy phép thành lập ngân hàng liên doanh, ngân hàng 100% vốn nước ngoài, hồ sơ đề nghị cấp Giấy phép thành lập chi nhánh ngân hàng nước ngoài, hồ sơ đề nghị cấp Giấy phép thành lập văn phòng đại diện nước ngoài được lập thành 02 bộ (01 bộ bằng tiếng Việt và 01 bộ bằng tiếng Anh), trừ trường hợp Thông tư này có quy định khác, trong đó: 
 a) Bộ hồ sơ tiếng Anh phải được hợp pháp hóa lãnh sự theo quy định của pháp luật, trừ các tài liệu sau đây: 
 (i) Văn bản của cơ quan có thẩm quyền của nước nơi tổ chức tín dụng nước ngoài, tổ chức nước ngoài khác có hoạt động ngân hàng đặt trụ sở chính gửi trực tiếp cho Ngân hàng Nhà nước; 
 (ii) Các báo cáo tài chính được lập trực tiếp bằng tiếng Anh; 
 b) Các bản dịch từ tiếng Anh ra tiếng Việt phải được chứng thực chữ ký của người dịch theo quy định về chứng thực của pháp luật Việt Nam trừ tài liệu quy định tại điểm c khoản này; 
 c) Bản dịch các báo cáo tài chính phải được xác nhận của tổ chức, cá nhân được phép hành nghề dịch thuật theo quy định của pháp luật; 
 d) Các văn bản tiếng Việt là bản gốc (hoặc sao từ bản gốc tiếng Việt) được lập tại Việt Nam không cần phải dịch ra tiếng Anh. 
 4. Trường hợp các giấy tờ là bản sao mà không phải là bản sao có chứng thực, bản sao được cấp từ sổ gốc thì phải xuất trình kèm theo bản chính để đối chiếu, người đối chiếu chịu trách nhiệm về tính chính xác của bản sao so với bản chính. 
 5. Trong mỗi bộ hồ sơ phải có danh mục tài liệu. 
 6. Trường hợp gửi hồ sơ trực tuyến qua Cổng dịch vụ công quốc gia hoặc qua Cổng dịch vụ công Ngân hàng Nhà nước (nếu có), hồ sơ điện tử được sử dụng chữ ký số theo quy định của pháp luật về thực hiện thủ tục hành chính trên môi trường điện tử. 
 Trường hợp hệ thống Cổng dịch vụ công quốc gia hoặc Cổng dịch vụ công Ngân hàng Nhà nước gặp sự cố hoặc có lỗi không thể tiếp nhận, trao đổi thông tin điện tử, việc khai, gửi, tiếp nhận, trả kết quả, trao đổi, phản hồi thông tin được thực hiện qua dịch vụ bưu chính hoặc trực tiếp tại Bộ phận Một cửa của Ngân hàng Nhà nước. 
 7. Các tài liệu trong hồ sơ điện tử là bản điện tử quét từ bản gốc, bản chính (tập tin định dạng PDF).",content.csv,"Quy định hồ sơ, thủ tục cấp Giấy phép lần đầu của ngân hàng thương mại, chi nhánh ngân hàng nước ngoài, văn phòng đại diện nước ngoài",Văn bản hợp nhất,,Chưa xác định,"[""Admin"", ""Staff""]"
6e689cd0-6f81-11f1-94d6-fd5d6d5ff793_art_11,6e689cd0-6f81-11f1-94d6-fd5d6d5ff793,"Điều 11. Hồ sơ đề nghị cấp Giấy phép thành lập và hoạt động ngân hàng thương mại 
 1. Đơn đề nghị cấp Giấy phép thành lập và hoạt động ngân hàng thương mại do các cổ đông sáng lập, chủ sở hữu, thành viên sáng lập ký theo mẫu quy định tại Phụ lục số 04 ban hành kèm theo Thông tư này. 
 2. Dự thảo Điều lệ. 
 3. Đề án thành lập ngân hàng thương mại, bao gồm tối thiểu các nội dung sau: 
 a) Sự cần thiết thành lập ngân hàng thương mại; 
 b) Tên ngân hàng thương mại, tên tỉnh/thành phố trực thuộc trung ương nơi dự kiến đặt trụ sở chính, thời gian hoạt động, vốn điều lệ khi thành lập, nội dung hoạt động; 
 c) Năng lực tài chính của các cổ đông sáng lập, cổ đông góp vốn thành lập, chủ sở hữu, thành viên sáng lập, thành viên góp vốn; 
 d) Sơ đồ tổ chức và mạng lưới hoạt động của ngân hàng thương mại dự kiến trong 03 năm đầu tiên; 
 đ) Danh sách nhân sự dự kiến trong đó mô tả chi tiết trình độ chuyên môn, kinh nghiệm công tác trong lĩnh vực tài chính, ngân hàng, kinh tế, quản trị kinh doanh, luật, kế toán và kiểm toán đáp ứng được các yêu cầu của từng vị trí, chức danh: 
 (i) Chủ tịch, thành viên, thành viên độc lập Hội đồng quản trị, Hội đồng thành viên; Trưởng ban các Ủy ban thuộc Hội đồng quản trị, Hội đồng thành viên; 
 (ii) Trưởng ban, thành viên Ban kiểm soát; 
 (iii) Tổng giám đốc (Giám đốc), các Phó Tổng giám đốc (Phó Giám đốc), Kế toán trưởng và người đứng đầu các đơn vị trực thuộc trong cơ cấu tổ chức; 
 e) Chính sách quản lý rủi ro: Nhận diện, đo lường, phòng ngừa, quản lý và kiểm soát rủi ro tín dụng, rủi ro hoạt động, rủi ro thị trường, rủi ro lãi suất trên sổ ngân hàng, rủi ro thanh khoản, rủi ro tập trung và các rủi ro khác phát sinh từ các hoạt động trọng yếu và trong quá trình hoạt động; 
 g) Công nghệ thông tin: 
 (i) Dự kiến đầu tư tài chính cho công nghệ thông tin; 
 (ii) Hệ thống công nghệ thông tin phải đảm bảo đáp ứng các yêu cầu về quản trị điều hành, quản lý rủi ro của ngân hàng thương mại và các quy định của Ngân hàng Nhà nước; 
 (iii) Khả năng áp dụng công nghệ thông tin, trong đó nêu rõ: thời gian thực hiện đầu tư công nghệ; loại hình công nghệ dự kiến áp dụng; dự kiến cán bộ và khả năng của cán bộ trong việc áp dụng công nghệ thông tin; bảo đảm hệ thống thông tin có thể tích hợp và kết nối với hệ thống quản lý của Ngân hàng Nhà nước để cung cấp thông tin theo yêu cầu quản lý của Ngân hàng Nhà nước; 
 (iv) Hồ sơ về hạ tầng công nghệ thông tin phục vụ cho hoạt động của ngân hàng thương mại; 
 (v) Các giải pháp đảm bảo an toàn, bảo mật tương ứng với loại hình dịch vụ dự kiến triển khai; các giải pháp về đảm bảo hoạt động liên tục của hệ thống công nghệ thông tin; 
 (vi) Nhận diện, đo lường và triển khai phương án quản lý rủi ro đối với công nghệ dự kiến áp dụng trong lĩnh vực hoạt động của ngân hàng thương mại; 
 (vii) Dự kiến phân công trách nhiệm báo cáo và kiểm soát hoạt động hệ thống công nghệ thông tin; 
 h) Khả năng đứng vững và phát triển của ngân hàng trên thị trường: 
 (i) Phân tích và đánh giá thị trường ngân hàng, trong đó nêu được thực trạng, thách thức và triển vọng; 
 (ii) Khả năng tham gia và cạnh tranh trên thị trường của ngân hàng, trong đó chứng minh được lợi thế của ngân hàng khi tham gia thị trường; 
 (iii) Chiến lược phát triển, mở rộng mạng lưới hoạt động và nội dung hoạt động ngân hàng, loại khách hàng và số lượng khách hàng. Trong đó, phân tích chi tiết việc đáp ứng các điều kiện đối với những nội dung hoạt động có điều kiện; 
 i) Hệ thống kiểm soát nội bộ và hệ thống kiểm toán nội bộ: 
 (i) Nguyên tắc hoạt động và yêu cầu của hệ thống kiểm soát nội bộ; 
 (ii) Dự thảo các quy định nội bộ cơ bản về tổ chức và hoạt động của ngân hàng, tối thiểu bao gồm các quy định nội bộ quy định tại khoản 2",content.csv,"Quy định hồ sơ, thủ tục cấp Giấy phép lần đầu của ngân hàng thương mại, chi nhánh ngân hàng nước ngoài, văn phòng đại diện nước ngoài",Văn bản hợp nhất,,Chưa xác định,"[""Admin""]"
6e689cd0-6f81-11f1-94d6-fd5d6d5ff793_art_101,6e689cd0-6f81-11f1-94d6-fd5d6d5ff793,"Điều 101 Luật Các tổ chức tín dụng và các quy định sau: Quy định về tổ chức và hoạt động của Hội đồng quản trị, Hội đồng thành viên, Ban kiểm soát, Người điều hành; Quy định về tổ chức và hoạt động của trụ sở chính, chi nhánh và các đơn vị trực thuộc khác; 
 (iii) Nội dung và quy trình hoạt động của kiểm toán nội bộ; 
 k) Phương án kinh doanh dự kiến trong 03 năm đầu, trong đó tối thiểu phải bao gồm các nội dung sau: Phân tích thị trường, chiến lược, mục tiêu và kế hoạch kinh doanh, các báo cáo tài chính dự kiến của từng năm (bảng cân đối kế toán, báo cáo kết quả kinh doanh, báo cáo lưu chuyển tiền tệ, chỉ tiêu an toàn vốn tối thiểu, các chỉ tiêu về hiệu quả hoạt động và thuyết minh khả năng thực hiện các chỉ tiêu tài chính trong từng năm). 
 4. Tài liệu chứng minh năng lực của bộ máy quản trị, kiểm soát, điều hành dự kiến: 
 a) Sơ yếu lý lịch theo mẫu quy định tại Phụ lục số 07 ban hành kèm theo Thông tư này; 
 b) Đối với nhân sự dự kiến không có quốc tịch Việt Nam: Phiếu lý lịch tư pháp hoặc văn bản có giá trị tương đương (có đầy đủ thông tin về tình trạng án tích; thông tin về việc cấm đảm nhiệm chức vụ, thành lập, quản lý doanh nghiệp, hợp tác xã) do cơ quan có thẩm quyền của nước ngoài cấp theo quy định. Trường hợp phiếu lý lịch tư pháp hoặc văn bản có giá trị tương đương do cơ quan có thẩm quyền nước ngoài cấp không có thông tin về việc cấm đảm nhiệm chức vụ, thành lập, quản lý doanh nghiệp, hợp tác xã thì Trưởng Ban trù bị phải có văn bản giải trình về việc phiếu lý lịch tư pháp hoặc văn bản có giá trị tương đương do cơ quan có thẩm quyền nước ngoài cấp không có thông tin này và cam kết chịu trách nhiệm trước pháp luật về việc nhân sự dự kiến không thuộc các trường hợp không được đảm nhiệm chức vụ theo quy định tại Luật Các tổ chức tín dụng; 
 Phiếu lý lịch tư pháp hoặc văn bản có giá trị tương đương quy định tại điểm này phải được cơ quan có thẩm quyền cấp trước thời điểm nộp hồ sơ đề nghị cấp Giấy phép không quá 06 tháng; 
 c) Các văn bằng chứng minh trình độ chuyên môn; 
 d) Các tài liệu khác chứng minh việc đáp ứng các điều kiện, tiêu chuẩn theo quy định tại Luật Các tổ chức tín dụng và các quy định có liên quan của pháp luật; 
 đ) Trường hợp người dự kiến được bầu làm thành viên Hội đồng quản trị, Hội đồng thành viên, thành viên Ban kiểm soát, Tổng giám đốc (Giám đốc) không có quốc tịch Việt Nam, ngoài các văn bản nêu trên, phải có văn bản cam kết đáp ứng đầy đủ các điều kiện để được cư trú và làm việc tại Việt Nam. 
 5. Biên bản cuộc họp cổ đông sáng lập, thành viên sáng lập hoặc văn bản của chủ sở hữu về việc lựa chọn Ban trù bị, Trưởng Ban trù bị, thông qua dự thảo Điều lệ, đề án thành lập ngân hàng thương mại và danh sách các chức danh quản trị, kiểm soát, điều hành dự kiến và lựa chọn Ban trù bị, Trưởng Ban trù bị.",content.csv,"Quy định hồ sơ, thủ tục cấp Giấy phép lần đầu của ngân hàng thương mại, chi nhánh ngân hàng nước ngoài, văn phòng đại diện nước ngoài",Văn bản hợp nhất,,Chưa xác định,"[""Admin""]"
6e689cd0-6f81-11f1-94d6-fd5d6d5ff793_art_12,6e689cd0-6f81-11f1-94d6-fd5d6d5ff793,"Điều 12. Hồ sơ đề nghị cấp Giấy phép thành lập và hoạt động ngân hàng thương mại cổ phần 
 1. Thành phần hồ sơ theo quy định tại",content.csv,"Quy định hồ sơ, thủ tục cấp Giấy phép lần đầu của ngân hàng thương mại, chi nhánh ngân hàng nước ngoài, văn phòng đại diện nước ngoài",Văn bản hợp nhất,,Chưa xác định,"[""Admin"", ""Staff"", ""Guest""]"
6e689cd0-6f81-11f1-94d6-fd5d6d5ff793_art_13,6e689cd0-6f81-11f1-94d6-fd5d6d5ff793,"Điều 13. Hồ sơ đề nghị cấp Giấy phép thành lập và hoạt động ngân hàng liên doanh, ngân hàng 100% vốn nước ngoài 
 1. Thành phần hồ sơ theo quy định tại",content.csv,"Quy định hồ sơ, thủ tục cấp Giấy phép lần đầu của ngân hàng thương mại, chi nhánh ngân hàng nước ngoài, văn phòng đại diện nước ngoài",Văn bản hợp nhất,,Chưa xác định,"[""Admin"", ""Staff"", ""Guest""]"
6e689cd0-6f81-11f1-94d6-fd5d6d5ff793_art_98,6e689cd0-6f81-11f1-94d6-fd5d6d5ff793,"Điều 98 Luật Các tổ chức tín dụng; danh sách nhân sự dự kiến phải mô tả chi tiết trình độ chuyên môn, kinh nghiệm công tác, năng lực quản lý rủi ro đáp ứng được các yêu cầu của từng vị trí; 
 d) Chính sách quản lý rủi ro: Nhận diện, đo lường, phòng ngừa, quản lý và kiểm soát rủi ro tín dụng, rủi ro hoạt động, rủi ro thị trường, rủi ro lãi suất trên sổ ngân hàng, rủi ro thanh khoản, rủi ro tập trung và các rủi ro khác phát sinh từ các hoạt động trọng yếu và trong quá trình hoạt động; 
 đ) Công nghệ thông tin: 
 (i) Dự kiến đầu tư tài chính cho công nghệ thông tin; 
 (ii) Hệ thống công nghệ thông tin phải đảm bảo đáp ứng các yêu cầu về quản trị điều hành, quản lý rủi ro của chi nhánh ngân hàng nước ngoài và các quy định của Ngân hàng Nhà nước; 
 (iii) Khả năng áp dụng công nghệ thông tin, trong đó nêu rõ: thời gian thực hiện đầu tư công nghệ; loại hình công nghệ dự kiến áp dụng; dự kiến cán bộ và khả năng của cán bộ trong việc áp dụng công nghệ thông tin; bảo đảm hệ thống thông tin có thể tích hợp và kết nối với hệ thống quản lý của Ngân hàng Nhà nước để cung cấp thông tin theo yêu cầu quản lý của Ngân hàng Nhà nước; 
 (iv) Hồ sơ về hạ tầng công nghệ thông tin phục vụ cho hoạt động của chi nhánh ngân hàng nước ngoài; 
 (v) Các giải pháp đảm bảo an toàn, bảo mật tương ứng với loại hình dịch vụ dự kiến triển khai; 
 (vi) Nhận diện, đo lường và triển khai phương án quản lý rủi ro đối với công nghệ dự kiến áp dụng trong lĩnh vực hoạt động của chi nhánh ngân hàng nước ngoài; 
 (vii) Dự kiến phân công trách nhiệm báo cáo và kiểm soát hoạt động hệ thống công nghệ thông tin; 
 e) Khả năng đứng vững và phát triển của chi nhánh ngân hàng nước ngoài trên thị trường: 
 (i) Phân tích và đánh giá thị trường ngân hàng, trong đó nêu được thực trạng, thách thức và triển vọng; 
 (ii) Khả năng tham gia và cạnh tranh trên thị trường của chi nhánh ngân hàng nước ngoài, trong đó chứng minh được lợi thế của chi nhánh ngân hàng nước ngoài khi tham gia thị trường; 
 (iii) Chiến lược phát triển, mở rộng mạng lưới hoạt động và nội dung hoạt động ngân hàng, loại khách hàng và số lượng khách hàng. Trong đó, phân tích rõ việc đáp ứng các điều kiện đối với những nội dung hoạt động có điều kiện; 
 g) Hệ thống kiểm soát, kiểm toán nội bộ: 
 (i) Yêu cầu đối với hệ thống kiểm soát nội bộ; 
 (ii) Dự thảo các quy định nội bộ cơ bản về tổ chức và hoạt động của chi nhánh ngân hàng nước ngoài, tối thiểu bao gồm các quy định nội bộ quy định tại khoản 2",content.csv,"Quy định hồ sơ, thủ tục cấp Giấy phép lần đầu của ngân hàng thương mại, chi nhánh ngân hàng nước ngoài, văn phòng đại diện nước ngoài",Văn bản hợp nhất,,Chưa xác định,"[""Admin""]"
6e689cd0-6f81-11f1-94d6-fd5d6d5ff793_art_29,6e689cd0-6f81-11f1-94d6-fd5d6d5ff793,"Điều 29 Luật Các tổ chức tín dụng trong trường hợp ngân hàng mẹ đề nghị thành lập chi nhánh ngân hàng nước ngoài thứ hai trở lên tại Việt Nam. 
 14. Sau khi nhận được văn bản chấp thuận nguyên tắc, Ban trù bị phải bổ sung các văn bản sau: 
 a) Văn bản bổ nhiệm Tổng giám đốc (Giám đốc) của chi nhánh ngân hàng nước ngoài do đại diện theo pháp luật của ngân hàng mẹ ký; 
 b) Văn bản chứng minh quyền sử dụng hợp pháp trụ sở của chi nhánh ngân hàng nước ngoài; 
 c) Các quy định nội bộ về tổ chức và hoạt động của chi nhánh ngân hàng nước ngoài quy định tại điểm g khoản 2 Điều này được ngân hàng mẹ thông qua; 
 d) Văn bản của Cơ quan có thẩm quyền của nước nơi tổ chức tín dụng nước ngoài đặt trụ sở chính đánh giá ngân hàng mẹ đáp ứng các điều kiện theo quy định của Luật Các tổ chức tín dụng và các văn bản hướng dẫn từ thời điểm nộp hồ sơ đề nghị cấp Giấy phép đến thời điểm nộp bổ sung văn bản; 
 e) Các văn bản khác có liên quan đến cấp Giấy phép.",content.csv,"Quy định hồ sơ, thủ tục cấp Giấy phép lần đầu của ngân hàng thương mại, chi nhánh ngân hàng nước ngoài, văn phòng đại diện nước ngoài",Văn bản hợp nhất,,Chưa xác định,"[""Admin""]"
6e689cd0-6f81-11f1-94d6-fd5d6d5ff793_art_16,6e689cd0-6f81-11f1-94d6-fd5d6d5ff793,"Điều 16. Trách nhiệm của Ban trù bị 
 1. Lập và gửi hồ sơ theo quy định tại Thông tư này. 
 2. Sau khi nhận được văn bản chấp thuận nguyên tắc, Ban trù bị có trách nhiệm: 
 a) Tổ chức cuộc họp Đại hội đồng cổ đông đầu tiên, cuộc họp Thành viên góp vốn đầu tiên để thông qua các nội dung theo quy định tại khoản 4, 5",content.csv,"Quy định hồ sơ, thủ tục cấp Giấy phép lần đầu của ngân hàng thương mại, chi nhánh ngân hàng nước ngoài, văn phòng đại diện nước ngoài",Văn bản hợp nhất,,Chưa xác định,"[""Admin"", ""Staff"", ""Guest""]"
6e689cd0-6f81-11f1-94d6-fd5d6d5ff793_art_17,6e689cd0-6f81-11f1-94d6-fd5d6d5ff793,"Điều 17. Trách nhiệm của Trưởng Ban trù bị 
 1. Triệu tập cuộc họp Đại hội đồng cổ đông, cuộc họp Thành viên sáng lập đầu tiên theo quy định của pháp luật. 
 2. Ký các văn bản thuộc thẩm quyền để đề nghị thành lập ngân hàng thương mại, chi nhánh ngân hàng nước ngoài cho đến khi được Ngân hàng Nhà nước cấp Giấy phép.",content.csv,"Quy định hồ sơ, thủ tục cấp Giấy phép lần đầu của ngân hàng thương mại, chi nhánh ngân hàng nước ngoài, văn phòng đại diện nước ngoài",Văn bản hợp nhất,,Chưa xác định,"[""Admin"", ""Staff"", ""Guest""]"
6e689cd0-6f81-11f1-94d6-fd5d6d5ff793_art_18,6e689cd0-6f81-11f1-94d6-fd5d6d5ff793,"Điều 18. Trách nhiệm của tổ chức, cá nhân có liên quan đến hồ sơ cấp Giấy phép của ngân hàng thương mại, chi nhánh ngân hàng nước ngoài và văn phòng đại diện nước ngoài 
 Tổ chức, cá nhân có liên quan đến hồ sơ cấp Giấy phép của ngân hàng thương mại, chi nhánh ngân hàng nước ngoài và văn phòng đại diện nước ngoài phải cung cấp đầy đủ, chính xác, kịp thời các thông tin theo yêu cầu của Ngân hàng Nhà nước, Ban trù bị theo quy định tại Thông tư này và chịu trách nhiệm trước pháp luật về các thông tin cung cấp.",content.csv,"Quy định hồ sơ, thủ tục cấp Giấy phép lần đầu của ngân hàng thương mại, chi nhánh ngân hàng nước ngoài, văn phòng đại diện nước ngoài",Văn bản hợp nhất,,Chưa xác định,"[""Admin"", ""Staff"", ""Guest""]"
6e689cd0-6f81-11f1-94d6-fd5d6d5ff793_art_19,6e689cd0-6f81-11f1-94d6-fd5d6d5ff793,"Điều 19. Thông báo thông tin về cấp Giấy phép, thông tin về người đại diện pháp luật của ngân hàng thương mại, thông tin về Tổng giám đốc (Giám đốc) chi nhánh ngân hàng nước ngoài, Trưởng văn phòng đại diện nước ngoài cho cơ quan đăng ký kinh doanh 
 Trong thời hạn 05 ngày làm việc kể từ ngày Ngân hàng Nhà nước cấp Giấy phép, Ngân hàng Nhà nước (đơn vị đầu mối xử lý hồ sơ đề nghị cấp Giấy phép) hoặc Ngân hàng Nhà nước chi nhánh theo thẩm quyền quy định tại",content.csv,"Quy định hồ sơ, thủ tục cấp Giấy phép lần đầu của ngân hàng thương mại, chi nhánh ngân hàng nước ngoài, văn phòng đại diện nước ngoài",Văn bản hợp nhất,,Chưa xác định,"[""Admin"", ""Staff"", ""Guest""]"
6e689cd0-6f81-11f1-94d6-fd5d6d5ff793_art_20,6e689cd0-6f81-11f1-94d6-fd5d6d5ff793,"Điều 20. Phối hợp cấp Giấy phép 
 1. Sau khi có văn bản xác nhận hồ sơ đầy đủ và hợp lệ, Ngân hàng Nhà nước có văn bản gửi lấy ý kiến của: 
 a) Ủy ban nhân dân tỉnh, thành phố trực thuộc Trung ương nơi dự kiến đặt trụ sở chính của ngân hàng thương mại, trụ sở của chi nhánh ngân hàng nước ngoài về địa điểm đặt trụ sở chính của ngân hàng thương mại, trụ sở của chi nhánh ngân hàng nước ngoài; 
 b) Bộ Công an về danh sách nhân sự dự kiến bầu, bổ nhiệm làm thành viên Hội đồng quản trị, thành viên Hội đồng thành viên, thành viên Ban kiểm soát và Tổng giám đốc (Giám đốc) của ngân hàng thương mại, Tổng giám đốc (Giám đốc) của chi nhánh ngân hàng nước ngoài; 
 c) Các tổ chức, cơ quan có liên quan (trong trường hợp cần thiết). 
 2. Ngân hàng Nhà nước xem xét, có văn bản chấp thuận nguyên tắc thành lập ngân hàng thương mại, chi nhánh ngân hàng nước ngoài trên cơ sở ý kiến của các cơ quan liên quan.",content.csv,"Quy định hồ sơ, thủ tục cấp Giấy phép lần đầu của ngân hàng thương mại, chi nhánh ngân hàng nước ngoài, văn phòng đại diện nước ngoài",Văn bản hợp nhất,,Chưa xác định,"[""Admin""]"
6e689cd0-6f81-11f1-94d6-fd5d6d5ff793_art_21,6e689cd0-6f81-11f1-94d6-fd5d6d5ff793,"Điều 21. Hội đồng thẩm định 
 1. Hội đồng thẩm định hồ sơ cấp Giấy phép thành lập và hoạt động của ngân hàng thương mại, cấp Giấy phép thành lập chi nhánh ngân hàng nước ngoài (gọi tắt là Hội đồng thẩm định) do Thống đốc Ngân hàng Nhà nước quyết định thành lập gồm Thống đốc hoặc một Phó Thống đốc (được Thống đốc ủy quyền) làm Chủ tịch, các thành viên là Thủ trưởng một số đơn vị thuộc Ngân hàng Nhà nước. Hội đồng thẩm định hoạt động theo Quy chế do Thống đốc quy định. 
 2. Nhiệm vụ của Hội đồng thẩm định: Thẩm định các hồ sơ đề nghị cấp Giấy phép thành lập và hoạt động ngân hàng thương mại, Giấy phép thành lập chi nhánh ngân hàng nước ngoài. Trong quá trình thẩm định, Hội đồng thẩm định áp dụng hình thức phỏng vấn trực tiếp để thẩm định trình độ chuyên môn, hiểu biết về lĩnh vực ngân hàng của những người dự kiến được bầu vào các chức danh quản trị, điều hành của ngân hàng thương mại, Tổng giám đốc (Giám đốc) dự kiến của chi nhánh ngân hàng nước ngoài; thẩm định tính hợp lý và khả thi đối với từng nội dung của Đề án thành lập ngân hàng thương mại, chi nhánh ngân hàng nước ngoài.",content.csv,"Quy định hồ sơ, thủ tục cấp Giấy phép lần đầu của ngân hàng thương mại, chi nhánh ngân hàng nước ngoài, văn phòng đại diện nước ngoài",Văn bản hợp nhất,,Chưa xác định,"[""Admin"", ""Staff"", ""Guest""]"
6e689cd0-6f81-11f1-94d6-fd5d6d5ff793_art_22,6e689cd0-6f81-11f1-94d6-fd5d6d5ff793,"Điều 22. Trách nhiệm của Đơn vị đầu mối xử lý hồ sơ đề nghị cấp Giấy phép 
 1. Làm đầu mối tiếp nhận và thẩm định hồ sơ đề nghị cấp Giấy phép thành lập và hoạt động của ngân hàng thương mại, hồ sơ đề nghị cấp Giấy phép thành lập chi nhánh ngân hàng nước ngoài: 
 a) Đối với hồ sơ đề nghị cấp Giấy phép thành lập và hoạt động ngân hàng thương mại, hồ sơ đề nghị Giấy phép thành lập chi nhánh ngân hàng nước ngoài trước khi chấp thuận nguyên tắc: 
 (i) Đơn vị đầu mối thẩm định tính đầy đủ, hợp lệ của hồ sơ và trình Thống đốc Ngân hàng Nhà nước có văn bản gửi Ban trù bị để xác nhận hồ sơ đầy đủ, hợp lệ hoặc yêu cầu bổ sung hồ sơ; 
 (ii) Thẩm định hồ sơ (có văn bản đề nghị cơ quan quản lý cơ sở dữ liệu về lý lịch tư pháp cung cấp thông tin liên quan đến lý lịch tư pháp của cá nhân liên quan trong trường hợp không khai thác được thông tin liên quan đến lý lịch tư pháp từ cơ sở dữ liệu quốc gia, cơ sở dữ liệu chuyên ngành hoặc thông tin khai thác được không đầy đủ) và có văn bản đề nghị thẩm định kèm hồ sơ gửi các thành viên Hội đồng thẩm định xem xét. Văn bản đề nghị thẩm định nêu rõ kết quả thẩm định và quan điểm đề xuất về việc cấp Giấy phép; 
 (iii) Tổng hợp ý kiến của các thành viên Hội đồng thẩm định và trình Chủ tịch Hội đồng thẩm định triệu tập họp các thành viên Hội đồng thẩm định để xem xét hồ sơ đề nghị cấp Giấy phép; 
 (iv) Căn cứ Biên bản cuộc họp Hội đồng thẩm định, trình Thống đốc Ngân hàng Nhà nước có văn bản gửi Ban trù bị về việc chấp thuận nguyên tắc hoặc không chấp thuận nguyên tắc (trong đó nêu rõ lý do). 
 Nội dung văn bản chấp thuận nguyên tắc bao gồm: chấp thuận nguyên tắc thành lập ngân hàng thương mại, thành lập chi nhánh ngân hàng nước ngoài; chấp thuận danh sách nhân sự dự kiến của ngân hàng thương mại, chi nhánh ngân hàng nước ngoài; chấp thuận cơ cấu tổ chức, quản trị điều hành, kiểm soát nội bộ, kiểm toán nội bộ của chi nhánh ngân hàng nước ngoài; 
 b) Đối với các văn bản bổ sung sau khi được chấp thuận nguyên tắc: 
 Sau khi nhận được các văn bản bổ sung hồ sơ, Đơn vị đầu mối có trách nhiệm thẩm định và trình Thống đốc Ngân hàng Nhà nước ký Quyết định cấp Giấy phép thành lập ngân hàng thương mại, Giấy phép thành lập chi nhánh ngân hàng nước ngoài nếu hồ sơ đầy đủ, hợp lệ và đáp ứng các điều kiện theo quy định hoặc có văn bản không cấp Giấy phép (trong đó nêu rõ lý do). 
 2. Thông báo bằng văn bản cho Cơ quan đăng ký kinh doanh cấp tỉnh nơi ngân hàng thương mại, chi nhánh ngân hàng nước ngoài đặt trụ sở chính theo quy định tại",content.csv,"Quy định hồ sơ, thủ tục cấp Giấy phép lần đầu của ngân hàng thương mại, chi nhánh ngân hàng nước ngoài, văn phòng đại diện nước ngoài",Văn bản hợp nhất,,Chưa xác định,"[""Admin""]"
6e689cd0-6f81-11f1-94d6-fd5d6d5ff793_art_23,6e689cd0-6f81-11f1-94d6-fd5d6d5ff793,"Điều 23. Trách nhiệm của các đơn vị khác thuộc Ngân hàng Nhà nước 
 1. Ngân hàng Nhà nước chi nhánh: 
 a) Trong thời hạn 30 ngày, kể từ ngày Đơn vị đầu mối xử lý hồ sơ đề nghị cấp Giấy phép quy định tại khoản 7",content.csv,"Quy định hồ sơ, thủ tục cấp Giấy phép lần đầu của ngân hàng thương mại, chi nhánh ngân hàng nước ngoài, văn phòng đại diện nước ngoài",Văn bản hợp nhất,,Chưa xác định,"[""Admin"", ""Staff"", ""Guest""]"
6e689cd0-6f81-11f1-94d6-fd5d6d5ff793_art_24,6e689cd0-6f81-11f1-94d6-fd5d6d5ff793,"Điều 24. Hiệu lực thi hành 
 Thông tư này có hiệu lực kể từ ngày 24 tháng 12 năm 2024.",content.csv,"Quy định hồ sơ, thủ tục cấp Giấy phép lần đầu của ngân hàng thương mại, chi nhánh ngân hàng nước ngoài, văn phòng đại diện nước ngoài",Văn bản hợp nhất,,Chưa xác định,"[""Admin"", ""Staff"", ""Guest""]"
6e689cd0-6f81-11f1-94d6-fd5d6d5ff793_art_25,6e689cd0-6f81-11f1-94d6-fd5d6d5ff793,"Điều 25. Tổ chức thực hiện 
 Thủ trưởng các đơn vị thuộc Ngân hàng Nhà nước Việt Nam, ngân hàng thương mại, chi nhánh ngân hàng nước ngoài, văn phòng đại diện nước ngoài và các tổ chức, cá nhân có liên quan chịu trách nhiệm thực hiện Thông tư này./. 
 
 
 
 
 &nbsp; 
 
 &nbsp; 
 
 &nbsp; 
 
 &nbsp; 
 
 
 
 &nbsp; 
 &nbsp; 
 &nbsp; 
 &nbsp; 
 &nbsp; 
 &nbsp; 
 &nbsp; 
 &nbsp; 
 &nbsp; 
 &nbsp; 
 &nbsp; 
 &nbsp; 
 &nbsp; 
 &nbsp; 
 &nbsp; 
 &nbsp; 
 &nbsp; 
 &nbsp; 
 &nbsp; 
 &nbsp; 
 &nbsp; 
 &nbsp; 
 &nbsp; 
 &nbsp; 
 Phụ lục số 01 
 MẪU GIẤY PHÉP THÀNH LẬP VÀ HOẠT ĐỘNG 
 NGÂN HÀNG THƯƠNG MẠI 
 (Ban hành kèm theo Thông tư số 56/2024/TT-NHNN ngày 24 tháng 12 năm 2024 của Thống đốc Ngân hàng Nhà nước Việt Nam quy định hồ sơ, thủ tục cấp Giấy phép lần đầu của ngân hàng thương mại, chi nhánh ngân hàng nước ngoài, văn phòng đại diện nước ngoài) 
 &nbsp; 
 &nbsp; 
 
 
 
 
 NGÂN HÀNG NHÀ NƯỚC 
 VIỆT NAM 
 -------- 
 
 CỘNG HÒA XÃ HỘI CHỦ NGHĨA VIỆT NAM 
 Độc lập - Tự do - Hạnh phúc 
 --------------- 
 
 
 
 Số:&nbsp;&nbsp;&nbsp;&nbsp; /GP-NHNN 
 
 Hà Nội, ngày&nbsp;&nbsp;&nbsp;&nbsp; tháng&nbsp;&nbsp;&nbsp;&nbsp; năm..... 
 
 
 
 &nbsp; 
 GIẤY PHÉP 
 THÀNH LẬP VÀ HOẠT ĐỘNG NGÂN HÀNG (loại hình....) 
 THỐNG ĐỐC NGÂN HÀNG NHÀ NƯỚC VIỆT NAM 
 &nbsp; 
 Căn cứ Luật Ngân hàng Nhà nước Việt Nam ngày 16 tháng 6 năm 2010; 
 Căn cứ Luật Các tổ chức tín dụng ngày 18 tháng 01 năm 2024; 
 Căn cứ Nghị định số 102/2022/NĐ-CP ngày 12 tháng 12 năm 2022 của Chính phủ quy định chức năng, nhiệm vụ, quyền hạn và cơ cấu tổ chức của Ngân hàng Nhà nước Việt Nam; 
 Căn cứ Nghị định số 162/NĐ-CP ngày 20 tháng 12 năm 2024 của Chính phủ quy định điều kiện cấp Giấy phép đối với quỹ tín dụng nhân dân, tổ chức tài chính vi mô và điều kiện đối với chủ sở hữu của tổ chức tín dụng là công ty trách nhiệm hữu hạn một thành viên, cổ đông sáng lập, thành viên sáng lập; 
 Căn cứ Thông tư số .../2024/TT-NHNN ngày .. tháng ... năm 2024 của Thống đốc Ngân hàng Nhà nước Việt Nam quy định hồ sơ, thủ tục cấp Giấy phép lần đầu của ngân hàng thương mại, chi nhánh ngân hàng nước ngoài, văn phòng đại diện nước ngoài; 
 Xét đơn đề nghị cấp Giấy phép thành lập và hoạt động (Ngân hàng thương mại, Ngân hàng liên doanh, Ngân hàng 100% vốn nước ngoài)..........và hồ sơ kèm theo; 
 Căn cứ Biên bản họp Hội đồng thẩm định hồ sơ cấp Giấy phép thành lập và hoạt động Ngân hàng..... ngày....; 
 Theo đề nghị của Thủ trưởng Đơn vị đầu mối xử lý hồ sơ đề nghị cấp Giấy phép. 
 &nbsp; 
 QUYẾT ĐỊNH:",content.csv,"Quy định hồ sơ, thủ tục cấp Giấy phép lần đầu của ngân hàng thương mại, chi nhánh ngân hàng nước ngoài, văn phòng đại diện nước ngoài",Văn bản hợp nhất,,Chưa xác định,"[""Admin"", ""Staff""]"
6e689cd0-6f81-11f1-94d6-fd5d6d5ff793_art_133,6e689cd0-6f81-11f1-94d6-fd5d6d5ff793,Điều 133 Luật Các tổ chức tín dụng);,content.csv,"Quy định hồ sơ, thủ tục cấp Giấy phép lần đầu của ngân hàng thương mại, chi nhánh ngân hàng nước ngoài, văn phòng đại diện nước ngoài",Văn bản hợp nhất,,Chưa xác định,"[""Admin"", ""Staff""]"
6e689cd0-6f81-11f1-94d6-fd5d6d5ff793_art_69,6e689cd0-6f81-11f1-94d6-fd5d6d5ff793,"Điều 69 Luật Các tổ chức tín dụng. 
 6. Thông tin về cấm đảm nhiệm chức vụ, thành lập, quản lý doanh nghiệp, hợp tác xã (đối với trường hợp phiếu lý lịch tư pháp hoặc văn bản có giá trị tương đương do cơ quan có thẩm quyền nước ngoài cấp không có/không cung cấp được thông tin này); 
 7. Tôi,…………………. xin cam kết những lời khai trên là đúng sự thật. Tôi xin chịu hoàn toàn trách nhiệm đối với bất kỳ thông tin nào không đúng với sự thật tại bản khai này. 
 
 
 
 
 &nbsp; 
 
 …, ngày … tháng … năm…. 
 Người khai (Ký và ghi rõ họ và tên) 
 
 
 
 &nbsp; 
 &nbsp; 
 &nbsp; 
 Ghi chú: Chữ ký phải được chứng thực theo quy định của pháp luật. 
 &nbsp; 
 &nbsp; 
 &nbsp; 
 &nbsp; 
 &nbsp; 
 &nbsp; 
 &nbsp; 
 &nbsp; 
 &nbsp; 
 &nbsp; 
 &nbsp; 
 &nbsp; 
 &nbsp; 
 &nbsp; 
 &nbsp; 
 &nbsp; 
 &nbsp; 
 &nbsp; 
 &nbsp; 
 &nbsp; 
 &nbsp; 
 &nbsp; 
 &nbsp; 
 &nbsp; 
 Phụ lục số 08 
 MẪU DANH SÁCH CÁC CỔ ĐÔNG GÓP VỐN THÀNH LẬP 
 NGÂN HÀNG THƯƠNG MẠI CỔ PHẦN 
 (Ban hành kèm theo Thông tư số 56/2024/TT-NHNN ngày 24 tháng 12 năm 2024 của Thống đốc Ngân hàng Nhà nước Việt Nam quy định về hồ sơ, thủ tục cấp Giấy phép lần đầu của ngân hàng thương mại, chi nhánh ngân hàng nước ngoài, văn phòng đại diện nước ngoài) 
 &nbsp; 
 DANH SÁCH CỔ ĐÔNG GÓP VỐN THÀNH LẬP NGÂN HÀNG… 
 
 
 
 
 STT 
 
 Thông tin về tổ chức, cá nhân 
 
 Số điện thoại 
 
 Giá trị vốn góp 
 
 Số cổ phần 
 
 Loại cổ phần 
 
 Tỷ lệ vốn góp 
 
 
 
 I. Cổ đông sáng lập: 
 
 
 
 Tổ chức 
 
 
 
 1 
 
 Công ty A 
 
 &nbsp; 
 
 &nbsp; 
 
 &nbsp; 
 
 &nbsp; 
 
 &nbsp; 
 
 
 
 2 
 
 &nbsp; 
 
 &nbsp; 
 
 &nbsp; 
 
 &nbsp; 
 
 &nbsp; 
 
 &nbsp; 
 
 
 
 Cá nhân 
 
 
 
 3 
 
 Nguyễn Văn A 
 
 &nbsp; 
 
 &nbsp; 
 
 &nbsp; 
 
 &nbsp; 
 
 &nbsp; 
 
 
 
 4 
 
 &nbsp; 
 
 &nbsp; 
 
 &nbsp; 
 
 &nbsp; 
 
 &nbsp; 
 
 &nbsp; 
 
 
 
 II. Cổ đông góp vốn khác 
 
 
 
 Tổ chức 
 
 
 
 5 
 
 Công ty B 
 
 &nbsp; 
 
 &nbsp; 
 
 &nbsp; 
 
 &nbsp; 
 
 &nbsp; 
 
 
 
 6 
 
 &nbsp; 
 
 &nbsp; 
 
 &nbsp; 
 
 &nbsp; 
 
 &nbsp; 
 
 &nbsp; 
 
 
 
 Cá nhân 
 
 
 
 7 
 
 Nguyễn Văn B 
 
 &nbsp; 
 
 &nbsp; 
 
 &nbsp; 
 
 &nbsp; 
 
 &nbsp; 
 
 
 
 8 
 
 &nbsp; 
 
 &nbsp; 
 
 &nbsp; 
 
 &nbsp; 
 
 &nbsp; 
 
 &nbsp; 
 
 
 
 &nbsp; 
 
 
 
 
 &nbsp; 
 
 Trưởng Ban trù bị (Ký và ghi rõ họ tên) 
 
 
 
 &nbsp; 
 HƯỚNG DẪN KÊ KHAI 
 1. Thông tin về tổ chức bao gồm: 
 a) Thông tin về tổ chức: 
 - Tên tổ chức: 
 - Địa điểm đặt trụ sở chính: 
 - Số Giấy phép thành lập hoặc đăng ký kinh doanh hoặc văn bản tương đương, cơ quan cấp, ngày cấp: 
 b) Thông tin về người đại diện vốn góp: 
 - Họ và tên: 
 - Ngày tháng năm sinh: 
 - Số định danh cá nhân; nơi ở hiện tại (trường hợp khác nơi đăng ký thường trú) (đối với người có quốc tịch Việt Nam): 
 - Số hộ chiếu, ngày cấp, nơi cấp; quốc tịch (quốc tịch gốc, các quốc tịch hiện nay); nơi ở hiện tại (đối với người không có quốc tịch Việt Nam): 
 2. Thông tin về cá nhân bao gồm: 
 - Họ và tên: 
 - Ngày tháng năm sinh: 
 - Số định danh cá nhân; nơi ở hiện tại (trường hợp khác nơi đăng ký thường trú) (đối với người có quốc tịch Việt Nam): 
 - Số hộ chiếu, ngày cấp, nơi cấp; quốc tịch (quốc tịch gốc, các quốc tịch hiện nay); nơi ở hiện tại (đối với người không có quốc tịch Việt Nam): 
 &nbsp; 
 &nbsp; 
 &nbsp; 
 &nbsp; 
 &nbsp; 
 &nbsp; 
 &nbsp; 
 &nbsp; 
 &nbsp; 
 &nbsp; 
 &nbsp; 
 &nbsp; 
 &nbsp; 
 &nbsp; 
 &nbsp; 
 &nbsp; 
 &nbsp; 
 &nbsp; 
 &nbsp; 
 &nbsp; 
 &nbsp; 
 &nbsp; 
 &nbsp; 
 &nbsp; 
 &nbsp; 
 Phụ lục số 09 
 MẪU ĐƠN MUA CỔ PHẦN ĐỐI VỚI CÁ NHÂN 
 (Ban hành kèm theo Thông tư số 56/2024/TT-NHNN ngày 24 tháng 12 năm 2024 của Thống đốc Ngân hàng Nhà nước Việt Nam quy định về hồ sơ, thủ tục cấp Giấy phép lần đầu của ngân hàng thương mại, chi nhánh ngân hàng nước ngoài, văn phòng đại diện nước ngoài) 
 &nbsp; 
 CỘNG HÒA XÃ HỘI CHỦ NGHĨA VIỆT NAM 
 Độc lập - Tự do - Hạnh phúc 
 --------------- 
 …, ngày … tháng … năm ....... 
 ĐƠN MUA CỔ PHẦN 
 Kính gửi: Ban trù bị thành lập Ngân hàng… 
 1. Cá nhân đề nghị mua cổ phần: 
 - Họ và tên (tên đầy đủ và chính thức, ghi bằng chữ in hoa): 
 - Ngày tháng năm sinh: 
 - Số định danh cá nhân; nơi ở hiện tại (trường hợp khác nơi đăng ký thường trú) (đối với người có quốc tịch Việt Nam): 
 - Số hộ chiếu, ngày cấp, nơi cấp; quốc tịch (quốc tịch gốc, các quốc tịch hiện nay); nơi ở hiện tại (đối với người không có quốc tịch Việt Nam): 
 - Nơi công tác và chức vụ hiện tại: 
 - Số điện thoại: 
 2. Nội dung đăng ký mua cổ phần: 
 - Số lượng cổ phần đăng ký mua, loại cổ phần, giá trị, tỷ lệ sở hữu so với vốn điều lệ: 
 - Thời gian nộp tiền: 
 3. Tình hình góp vốn, mua cổ phần tại các tổ chức khác: 
 - Tên tổ chức tín dụng, doanh nghiệp mà cá nhân đang có vốn góp: 
 - Số vốn đã góp và tỷ lệ so với tổng vốn điều lệ của tổ chức tín dụng, doanh nghiệp đó: 
 4. Cam kết: 
 Sau khi nghiên cứu Điều lệ của Ngân hàng và các quy định của pháp luật có liên quan, tôi xin cam kết: 
 a) Mua đủ số cổ phần và góp đúng thời hạn đã đăng ký; 
 b) Không sử dụng vốn huy động, vốn vay của tổ chức, cá nhân khác để góp vốn, không góp vốn dưới tên của cá nhân, pháp nhân khác dưới mọi hình thức; Chịu trách nhiệm trước pháp luật về tính hợp pháp của nguồn vốn góp thành lập ngân hàng; 
 c) Tuân thủ các quy định tại Điều lệ của Ngân hàng, các quy định nội bộ của ngân hàng và các quy định của pháp luật có liên quan; 
 d) Hoàn toàn chịu trách nhiệm về tính trung thực, chính xác của những hồ sơ gửi kèm (nếu có).&nbsp; 
 
 
 
 
 &nbsp; 
 
 Người mua cổ phần (Ký và ghi rõ họ tên) 
 
 
 
 &nbsp; 
 &nbsp; 
 &nbsp; 
 &nbsp; 
 &nbsp; 
 &nbsp; 
 &nbsp; 
 &nbsp; 
 &nbsp; 
 &nbsp; 
 &nbsp; 
 &nbsp; 
 &nbsp; 
 &nbsp; 
 &nbsp; 
 &nbsp; 
 &nbsp; 
 &nbsp; 
 &nbsp; 
 &nbsp; 
 &nbsp; 
 &nbsp; 
 &nbsp; 
 &nbsp; 
 &nbsp; 
 &nbsp; 
 &nbsp; 
 &nbsp; 
 &nbsp; 
 &nbsp; 
 &nbsp; 
 &nbsp; 
 &nbsp; 
 &nbsp; 
 Phụ lục số 10 
 MẪU ĐƠN MUA CỔ PHẦN ĐỐI VỚI TỔ CHỨC (Ban hành kèm theo Thông tư số 56/2024/TT-NHNN ngày 24 tháng 12 năm 2024 của Thống đốc Ngân hàng Nhà nước Việt Nam quy định về hồ sơ, thủ tục cấp Giấy phép lần đầu của ngân hàng thương mại, chi nhánh ngân hàng nước ngoài, văn phòng đại diện nước ngoài) 
 &nbsp; 
 CỘNG HÒA XÃ HỘI CHỦ NGHĨA VIỆT NAM 
 Độc lập - Tự do - Hạnh phúc 
 --------------- 
 …, ngày … tháng … năm .... 
 ĐƠN MUA CỔ PHẦN 
 Kính gửi: Ban trù bị thành lập Ngân hàng… 
 1. Tổ chức đề nghị mua cổ phần: 
 - Tên tổ chức (tên đầy đủ và chính thức, ghi bằng chữ in hoa): 
 - Số Quyết định thành lập hoặc số đăng ký kinh doanh, cơ quan cấp, ngày cấp: 
 - Vốn điều lệ: 
 - Địa chỉ trụ sở chính: 
 - Số điện thoại: Số Fax (nếu có): 
 2. Người đại diện theo pháp luật: 
 - Họ và tên: 
 - Ngày tháng năm sinh: 
 - Chức vụ đang nắm giữ tại tổ chức: 
 - Số định danh cá nhân; nơi ở hiện tại (trường hợp khác nơi đăng ký thường trú) (đối với người có quốc tịch Việt Nam): 
 - Số hộ chiếu, ngày cấp, nơi cấp; quốc tịch (quốc tịch gốc, các quốc tịch hiện nay); nơi ở hiện tại (đối với người không có quốc tịch Việt Nam): 
 3. Người được cử làm đại diện ủy quyền của tổ chức tại ngân hàng thương mại cổ phần: 
 - Họ và tên: 
 - Ngày tháng năm sinh: 
 - Nơi công tác và chức vụ hiện tại: 
 - Mối liên hệ với tổ chức (trong trường hợp không làm việc cho tổ chức đó): 
 - Số định danh cá nhân; nơi ở hiện tại (trường hợp khác nơi đăng ký thường trú) (đối với người có quốc tịch Việt Nam): 
 - Số hộ chiếu, ngày cấp, nơi cấp; quốc tịch (quốc tịch gốc, các quốc tịch hiện nay); nơi ở hiện tại (đối với người không có quốc tịch Việt Nam): 
 4. Nội dung đăng ký mua cổ phần: 
 - Số lượng cổ phần đăng ký mua, loại cổ phần, giá trị, tỷ lệ sở hữu so với vốn điều lệ: 
 - Thời gian nộp tiền: 
 5. Tình hình góp vốn, mua cổ phần tại các tổ chức khác: 
 - Tên tổ chức tín dụng, doanh nghiệp mà tổ chức đang có vốn góp: 
 - Số vốn đã góp và tỷ lệ so với tổng vốn điều lệ của tổ chức tín dụng, doanh nghiệp đó: 
 6. Cam kết: 
 Sau khi nghiên cứu Điều lệ của Ngân hàng và các quy định của pháp luật có liên quan, chúng tôi xin cam kết: 
 a) Mua đủ số cổ phần và góp đúng thời hạn đã đăng ký; 
 b) Không sử dụng vốn huy động, vốn vay của tổ chức, cá nhân khác để góp vốn, không được sử dụng nguồn vốn do phát hành trái phiếu doanh nghiệp để góp vốn; không góp vốn dưới tên của cá nhân, pháp nhân khác dưới mọi hình thức; Chịu trách nhiệm trước pháp luật về tính hợp pháp của nguồn vốn góp thành lập ngân hàng; 
 c) Không bị kết án về các tội phạm quy định tại Bộ luật Hình sự trong 02 (hai) năm liền kề trước thời điểm nộp đơn. 
 d) Tuân thủ các quy định tại Điều lệ của Ngân hàng, các quy định nội bộ của ngân hàng và các quy định của pháp luật có liên quan; 
 đ) Hoàn toàn chịu trách nhiệm về tính trung thực, chính xác của những hồ sơ gửi kèm (nếu có). 
 
 
 
 
 &nbsp; 
 
 Người đại diện theo pháp luật của tổ chức (Ký và ghi rõ họ tên, chức vụ và đóng dấu) 
 
 
 
 &nbsp; 
 &nbsp; 
 &nbsp; 
 &nbsp; 
 &nbsp; 
 &nbsp; 
 &nbsp; 
 Phụ lục số 11 
 BẢNG KÊ KHAI NGƯỜI CÓ LIÊN QUAN 
 VÀ TÌNH HÌNH THAM GIA GÓP VỐN THÀNH LẬP NGÂN HÀNG 
 &nbsp; 
 (Ban hành kèm theo Thông tư số 56/2024/TT-NHNN ngày 24 tháng 12 năm 2024 của Thống đốc Ngân hàng Nhà nước Việt Nam quy định về hồ sơ, thủ tục cấp Giấy phép lần đầu của ngân hàng thương mại, chi nhánh ngân hàng nước ngoài, văn phòng đại diện nước ngoài) 
 &nbsp; 
 C ỘNG HÒA XÃ HỘI CHỦ NGHĨA VIỆT NAM 
 Độc lập - Tự do - Hạnh phúc 
 ---------------&nbsp; 
 BẢNG KÊ KHAI NGƯỜI CÓ LIÊN QUAN 
 Kính gửi: Ngân hàng Nhà nước Việt Nam 
 
 
 
 
 STT 
 
 Người khai (tổ chức, cá nhân góp vốn thành lập ngân hàng) và “người có liên quan” 
 
 Mối quan hệ với người khai 
 
 Đã tham gia thành lập ngân hàng 
 
 Tỷ lệ vốn góp/Vốn ĐL khi thành lập của ngân hàng TMCP… 
 
 
 
 Tên ngân hàng 
 
 Tỷ lệ sở hữu/vốn ĐL của ngân hàng (%) 
 
 
 
 (1) 
 
 (2) 
 
 (3) 
 
 (4) 
 
 (5) 
 
 (6) 
 
 
 
 1. 
 
 Nguyễn Văn A 
 
 Người khai 
 
 &nbsp; 
 
 &nbsp; 
 
 &nbsp; 
 
 
 
 2. 
 
 Nguyễn Thị B 
 
 Vợ 
 
 &nbsp; 
 
 &nbsp; 
 
 &nbsp; 
 
 
 
 3. 
 
 Công ty X 
 
 Là công ty do ông A là CTHĐQT, giám đốc… 
 
 &nbsp; 
 
 &nbsp; 
 
 &nbsp; 
 
 
 
 … 
 
 &nbsp; 
 
 &nbsp; 
 
 &nbsp; 
 
 &nbsp; 
 
 &nbsp; 
 
 
 
 Tổng cộng 
 
 &nbsp; 
 
 &nbsp; 
 
 &nbsp; 
 
 % (chi tiết từng ngân hàng) 
 
 % 
 
 
 
 Tôi cam kết nội dung Bảng kê khai trên đây là đúng sự thật, nếu có bất cứ sự không trung thực nào, tôi xin hoàn toàn chịu trách nhiệm trước pháp luật. 
 
 
 
 
 &nbsp; 
 
 Người khai (7) 
 (ký ghi rõ họ tên, đóng dấu nếu có) 
 
 
 
 &nbsp; 
 &nbsp; 
 HƯỚNG DẪN KÊ KHAI THEO MẪU 
 1. Đối với phần kê khai tại (2): kê khai toàn bộ mối quan hệ “người có liên quan” theo quy định tại khoản 24 Điều 4, khoản 3",content.csv,"Quy định hồ sơ, thủ tục cấp Giấy phép lần đầu của ngân hàng thương mại, chi nhánh ngân hàng nước ngoài, văn phòng đại diện nước ngoài",Văn bản hợp nhất,,Chưa xác định,"[""Admin"", ""Staff""]"
185630_chunk_1,185630,"NGÂN HÀNG NHÀ NƯỚC 
 VIỆT NAM 
 
 CỘNG HÒA XÃ HỘI CHỦ NGHĨA VIỆT NAM 
 Độc lập - Tự do - Hạnh phúc 
 
 
 
 Số: 63/2025/TT-NHNN 
 
 Hà Nội, ngày 31 tháng 12 năm 2025 
 
 
 
 
 THÔNG TƯ 
 Sửa đổi, bổ sung một số điều của một số Thông tư&nbsp; về quỹ tín dụng nhân dân 
 Căn cứ Luật Ngân hàng Nhà nước Việt Nam số 46/2010/QH12; 
 Căn cứ Luật Các tổ chức tín dụng số 32/2024/QH15 được sửa đổi, bổ sung bởi Luật số 96/2025/QH15; 
 Căn cứ Luật Hợp tác xã số 17/2023/QH15; 
 Căn cứ Nghị định số 26/2025/NĐ-CP của Chính phủ quy định chức năng, nhiệm vụ, quyền hạn và cơ cấu&nbsp;tổ chức&nbsp;của Ngân hàng Nhà nước Việt Nam; 
 Theo đề nghị của Cục trưởng Cục An toàn hệ thống các tổ chức tín dụng; 
 Thống đốc Ngân hàng Nhà nước Việt Nam ban hành Thông tư sửa đổi, bổ sung một số điều của một số Thông tư về quỹ tín dụng nhân dân. 
 Chương I 
 SỬA ĐỔI, BỔ SUNG MỘT SỐ ĐIỀU CỦA THÔNG TƯ SỐ 29/2024/TT-NHNN QUY ĐỊNH VỀ QUỸ TÍN DỤNG NHÂN DÂN",content.csv,"Thông tư số 63/2025/TT-NHNN Sửa đổi, bổ sung một số điều của một số Thông tư về quỹ tín dụng nhân dân",Thông tư,16/02/2026,Còn hiệu lực,"[""Admin"", ""Staff""]"
185630_art_1,185630,"Điều 1. Sửa đổi, bổ sung điểm d khoản 2",content.csv,"Thông tư số 63/2025/TT-NHNN Sửa đổi, bổ sung một số điều của một số Thông tư về quỹ tín dụng nhân dân",Thông tư,16/02/2026,Còn hiệu lực,"[""Admin"", ""Staff""]"
185630_art_25,185630,"Điều 25 
 “d) Định kỳ hằng quý, nộp lại sổ tiết kiệm trắng không sử dụng được cho ngân hàng hợp tác xã và mở sổ theo dõi;”.",content.csv,"Thông tư số 63/2025/TT-NHNN Sửa đổi, bổ sung một số điều của một số Thông tư về quỹ tín dụng nhân dân",Thông tư,16/02/2026,Còn hiệu lực,"[""Admin"", ""Staff""]"
185630_art_2,185630,"Điều 2. Sửa đổi, bổ sung một số khoản của",content.csv,"Thông tư số 63/2025/TT-NHNN Sửa đổi, bổ sung một số điều của một số Thông tư về quỹ tín dụng nhân dân",Thông tư,16/02/2026,Còn hiệu lực,"[""Admin"", ""Staff""]"
185630_art_32,185630,"Điều 32 
 1. Sửa đổi, bổ sung khoản 1 như sau: 
 “1. Quỹ tín dụng nhân dân có địa bàn hoạt động liên xã là các xã liền kề với xã nơi quỹ tín dụng nhân dân đặt trụ sở chính thuộc phạm vi một tỉnh, thành phố trực thuộc Trung ương được duy trì địa bàn hoạt động hiện tại khi được xếp hạng từ loại khá trở lên theo kết quả xếp hạng hằng năm của Ngân hàng Nhà nước chi nhánh.”. 
 2. Sửa đổi, bổ sung khoản 5 như sau: 
 “5. Kể từ ngày 15 tháng 6 năm 2026, quỹ tín dụng nhân dân có địa bàn hoạt động liên xã là các xã liền kề với xã nơi quỹ tín dụng nhân dân đặt trụ sở chính thuộc phạm vi một tỉnh, thành phố trực thuộc Trung ương không đáp ứng điều kiện quy định tại khoản 1 Điều này phải xây dựng phương án xử lý để đảm bảo đáp ứng điều kiện được hoạt động liên xã. Việc xây dựng phương án phải đảm bảo các yêu cầu sau: 
 a) Trong thời hạn tối đa 60 ngày kể từ ngày nhận được thông báo kết quả xếp hạng của Ngân hàng Nhà nước chi nhánh, quỹ tín dụng nhân dân phải gửi Ngân hàng Nhà nước chi nhánh phương án xử lý, trong đó tối thiểu có các nội dung sau đây: 
 (i) Thực trạng về địa bàn hoạt động liên xã; 
 (ii) Xác định rõ chỉ tiêu, nguyên nhân dẫn đến kết quả xếp hạng không đảm bảo điều kiện quy định tại khoản 1 Điều này; 
 (iii) Kế hoạch, biện pháp xử lý theo từng quý và cam kết thực hiện đảm bảo trong thời hạn tối đa 12 tháng kể từ ngày nhận được thông báo kết quả xếp hạng nêu trên, quỹ tín dụng nhân dân phải đáp ứng điều kiện hoạt động liên xã quy định tại khoản 1 Điều này; 
 b) Định kỳ hằng quý, trước ngày 10 tháng đầu tiên quý tiếp theo, quỹ tín dụng nhân dân phải có văn bản báo cáo tiến độ thực hiện phương án xử lý tại điểm a khoản 5 Điều này, nộp trực tiếp hoặc gửi qua dịch vụ bưu chính đến Ngân hàng Nhà nước chi nhánh.”. 
 3. Sửa đổi, bổ sung khoản 6 như sau: 
 “6. Sau thời hạn xử lý tối đa quy định tại điểm a(iii) khoản 5 Điều này, quỹ tín dụng nhân dân không đáp ứng điều kiện được hoạt động liên xã theo quy định tại khoản 1 Điều này phải có phương án xử lý để chấm dứt hoạt động tại xã liền kề theo quy định sau: 
 a) Trong thời hạn tối đa 60 ngày sau thời hạn xử lý tối đa tại điểm a(iii) khoản 5 Điều này, quỹ tín dụng nhân dân phải gửi Ngân hàng Nhà nước chi nhánh phương án xử lý, trong đó tối thiểu có các nội dung sau đây: 
 (i) Thực trạng về địa bàn hoạt động liên xã; 
 (ii) Kế hoạch, biện pháp xử lý theo từng quý và cam kết thực hiện đảm bảo trong thời hạn tối đa 24 tháng kể từ ngày kết thúc phương án xử lý nêu tại điểm a(iii) khoản 5 Điều này, quỹ tín dụng nhân dân phải chấm dứt hoạt động tại xã liền kề, điều chỉnh hoạt động về địa bàn xã nơi đặt trụ sở chính; 
 b) Định kỳ hằng quý, trước ngày 10 tháng đầu tiên quý tiếp theo, quỹ tín dụng nhân dân phải có văn bản báo cáo tiến độ thực hiện phương án xử lý tại điểm a khoản 6 Điều này, nộp trực tiếp hoặc gửi qua dịch vụ bưu chính đến Ngân hàng Nhà nước chi nhánh; 
 c) Trong thời gian thực hiện phương án xử lý, quỹ tín dụng nhân dân không được kết nạp thành viên mới và cho vay mới tại địa bàn xã phải chấm dứt hoạt động.”. 
 4. Sửa đổi, bổ sung khoản 7 như sau: 
 “7. Quỹ tín dụng nhân dân có địa bàn hoạt động tại các xã không liền kề xã nơi đặt trụ sở chính hoặc có địa bàn hoạt động liên xã liền kề ngoài phạm vi một tỉnh, thành phố trực thuộc Trung ương do chia, tách địa giới hành chính phải xây dựng phương án xử lý để chấm dứt hoạt động tại các xã không liền kề, xã ngoài phạm vi một tỉnh, thành phố trực thuộc Trung ương theo quy định sau: 
 a) Trong thời hạn tối đa 60 ngày kể từ ngày văn bản điều chỉnh địa giới hành chính của cơ quan Nhà nước có thẩm quyền có hiệu lực thi hành hoặc 60 ngày kể từ ngày thoái hết vốn nhà nước tại quỹ tín dụng nhân dân, quỹ tín dụng nhân dân phải gửi Ngân hàng Nhà nước chi nhánh phương án xử lý, trong đó tối thiểu có các nội dung sau đây: 
 (i) Thực trạng về địa bàn hoạt động liên xã của quỹ tín dụng nhân dân; 
 (ii) Kế hoạch, biện pháp xử lý theo từng quý, bao gồm cả việc tổ chức lại dưới hình thức chia, tách theo quy định của pháp luật và cam kết thực hiện để đảm bảo sau thời hạn tối đa 36 tháng kể từ ngày văn bản điều chỉnh địa giới hành chính của cơ quan Nhà nước có thẩm quyền có hiệu lực thi hành hoặc kể từ ngày thoái hết vốn nhà nước tại quỹ tín dụng nhân dân chấm dứt hoạt động tại các xã không liền kề, xã ngoài phạm vi một tỉnh, thành phố trực thuộc Trung ương; 
 b) Trong thời hạn tối đa 14 ngày kể từ ngày nhận được phương án xử lý của quỹ tín dụng nhân dân quy định tại điểm a khoản này, Ngân hàng Nhà nước chi nhánh có văn bản yêu cầu quỹ tín dụng nhân dân sửa đổi, bổ sung phương án xử lý nếu chưa đạt yêu cầu. Trường hợp Ngân hàng Nhà nước chi nhánh yêu cầu sửa đổi, bổ sung phương án xử lý, trong thời hạn tối đa 30 ngày kể từ ngày Ngân hàng Nhà nước chi nhánh có văn bản yêu cầu sửa đổi, bổ sung, quỹ tín dụng nhân dân phải hoàn thiện, gửi phương án xử lý đã được sửa đổi, bổ sung đến Ngân hàng Nhà nước chi nhánh. Trong thời hạn tối đa 14 ngày kể từ ngày nhận được phương án xử lý (bao gồm cả trường hợp sửa đổi, bổ sung), Ngân hàng Nhà nước chi nhánh có văn bản phê duyệt phương án xử lý của quỹ tín dụng nhân dân. 
 Định kỳ hằng quý, trước ngày 10 tháng đầu tiên quý tiếp theo, quỹ tín dụng nhân dân phải có văn bản báo cáo tiến độ thực hiện phương án xử lý đã được Ngân hàng Nhà nước chi nhánh phê duyệt, nộp trực tiếp hoặc gửi qua dịch vụ bưu chính đến Ngân hàng Nhà nước chi nhánh; 
 c) Trong thời gian thực hiện phương án xử lý, quỹ tín dụng nhân dân không được kết nạp thành viên mới và cho vay mới tại địa bàn xã phải chấm dứt hoạt động.”. 
 5. Sửa đổi, bổ sung khoản 8 như sau: 
 “8. Sau 05 ngày làm việc kể từ ngày hoàn thành phương án xử lý theo quy định tại khoản 6 và khoản 7 Điều này, quỹ tín dụng nhân dân có văn bản báo cáo việc hoàn thành phương án xử lý và đề nghị sửa đổi, bổ sung Giấy phép đối với nội dung địa bàn hoạt động gửi Ngân hàng Nhà nước chi nhánh. 
 Sau 10 ngày kể từ ngày nhận được văn bản đề nghị của quỹ tín dụng nhân dân, Ngân hàng Nhà nước chi nhánh ra Quyết định sửa đổi, bổ sung Giấy phép đối với địa bàn hoạt động của quỹ tín dụng nhân dân.”. 
 6. Sửa đổi, bổ sung khoản 9 như sau: 
 “9. Trường hợp quỹ tín dụng nhân dân không gửi phương án xử lý sau thời hạn tối đa quy định tại khoản 5, khoản 6 và khoản 7 Điều này hoặc không gửi lại phương án xử lý phải sửa đổi, bổ sung theo yêu cầu của Ngân hàng Nhà nước chi nhánh theo thời hạn quy định tại khoản 7 Điều này hoặc quỹ tín dụng nhân dân không thực hiện được phương án sau thời hạn quy định tại khoản 6 và khoản 7 Điều này, tùy theo hình thức và tính chất vi phạm, Ngân hàng Nhà nước chi nhánh áp dụng các biện pháp xử lý sau: 
 a) Chuyển xuống hạng thấp hơn khi thực hiện xếp hạng quỹ tín dụng nhân dân hằng năm; 
 b) Xử phạt vi phạm hành chính; 
 c) Áp dụng hạn chế tăng trưởng tín dụng; 
 d) Thực hiện cơ cấu lại bắt buộc; 
 đ) Thu hồi Giấy phép.”. 
 7. Sửa đổi, bổ sung khoản 10 như sau: 
 “10. Việc gửi phương án xử lý theo quy định tại khoản 7 Điều này; việc gửi văn bản báo cáo việc hoàn thành phương án xử lý và đề nghị sửa đổi, bổ sung Giấy phép đối với nội dung địa bàn hoạt động theo quy định tại khoản 8 Điều này được thực hiện bằng một trong những hình thức sau: 
 a) Nộp trực tiếp tại Bộ phận Một cửa của Ngân hàng Nhà nước chi nhánh; 
 b) Gửi qua dịch vụ bưu chính; 
 c) Nộp trực tuyến qua Cổng Dịch vụ công quốc gia. 
 Khi gửi hồ sơ trực tuyến qua Cổng Dịch vụ công quốc gia, hồ sơ điện tử được sử dụng chữ ký số theo quy định của pháp luật về thực hiện thủ tục hành chính trên môi trường điện tử. Các tài liệu trong hồ sơ điện tử là bản điện tử quét từ bản gốc, bản chính (tập tin định dạng PDF). 
 Trường hợp hệ thống Cổng Dịch vụ công quốc gia gặp sự cố hoặc có lỗi không thể tiếp nhận, trao đổi thông tin điện tử, việc nộp hồ sơ, tiếp nhận, trả kết quả, trao đổi, phản hồi thông tin được thực hiện qua dịch vụ bưu chính hoặc trực tiếp tại Bộ phận Một cửa của Ngân hàng Nhà nước chi nhánh. 
 Ngân hàng Nhà nước chi nhánh trả kết quả xử lý thủ tục hành chính quy định tại Thông tư này qua phương thức trực tuyến hoặc dịch vụ bưu chính hoặc trực tiếp tại Bộ phận Một cửa của Ngân hàng Nhà nước chi nhánh.”. 
 8. Bổ sung khoản 11 như sau: 
 “11. Kể từ ngày 16 tháng 02 năm 2026, quỹ tín dụng nhân dân đang thực hiện phương án xử lý để chấm dứt hoạt động xã liền kề đã được Ngân hàng Nhà nước chi nhánh phê duyệt tiếp tục thực hiện việc xử lý theo phương án đã được phê duyệt.”. 
 Chương II 
 SỬA ĐỔI, BỔ SUNG MỘT SỐ ĐIỀU CỦA THÔNG TƯ SỐ 01/2025/TT-NHNN QUY ĐỊNH VỀ CẤP GIẤY PHÉP LẦN ĐẦU, CẤP ĐỔI GIẤY PHÉP CỦA QUỸ TÍN DỤNG NHÂN DÂN",content.csv,"Thông tư số 63/2025/TT-NHNN Sửa đổi, bổ sung một số điều của một số Thông tư về quỹ tín dụng nhân dân",Thông tư,16/02/2026,Còn hiệu lực,"[""Admin"", ""Staff""]"
185630_art_3,185630,"Điều 3. Sửa đổi, bổ sung",content.csv,"Thông tư số 63/2025/TT-NHNN Sửa đổi, bổ sung một số điều của một số Thông tư về quỹ tín dụng nhân dân",Thông tư,16/02/2026,Còn hiệu lực,"[""Admin"", ""Staff""]"
185630_art_5,185630,"Điều 5 
 1. Sửa đổi tên",content.csv,"Thông tư số 63/2025/TT-NHNN Sửa đổi, bổ sung một số điều của một số Thông tư về quỹ tín dụng nhân dân",Thông tư,16/02/2026,Còn hiệu lực,"[""Admin"", ""Staff""]"
185630_art_4,185630,"Điều 4. Sửa đổi, bổ sung khoản 2",content.csv,"Thông tư số 63/2025/TT-NHNN Sửa đổi, bổ sung một số điều của một số Thông tư về quỹ tín dụng nhân dân",Thông tư,16/02/2026,Còn hiệu lực,"[""Admin"", ""Staff""]"
185630_art_6,185630,"Điều 6 
 “2. Trường hợp Giấy phép bị mất, bị rách nát, bị cháy, hư hỏng, quỹ tín dụng nhân dân có đơn đề nghị cấp bản sao Giấy phép từ sổ gốc theo mẫu quy định tại Phụ lục số 02 ban hành kèm theo Thông tư này, gửi trực tiếp hoặc qua dịch vụ bưu chính đến Bộ phận Một cửa của Ngân hàng Nhà nước Khu vực hoặc nộp trực tuyến qua Cổng Dịch vụ công quốc gia đề nghị xem xét cấp bản sao Giấy phép từ sổ gốc theo quy định của pháp luật. 
 Thời hạn cấp bản sao Giấy phép từ sổ gốc thực hiện theo quy định của pháp luật về cấp bản sao từ sổ gốc.”.",content.csv,"Thông tư số 63/2025/TT-NHNN Sửa đổi, bổ sung một số điều của một số Thông tư về quỹ tín dụng nhân dân",Thông tư,16/02/2026,Còn hiệu lực,"[""Admin"", ""Staff""]"
185630_art_8,185630,"Điều 8 
 “g) Dự kiến hệ thống kiểm soát, kiểm toán nội bộ phù hợp với quy định của Thống đốc Ngân hàng Nhà nước Việt Nam (sau đây gọi tắt là Thống đốc Ngân hàng Nhà nước): 
 (i) Nguyên tắc hoạt động của hệ thống kiểm soát nội bộ; 
 (ii) Dự thảo các quy định nội bộ về tổ chức và hoạt động của quỹ tín dụng nhân dân, tối thiểu gồm các quy định nội bộ quy định tại khoản 2",content.csv,"Thông tư số 63/2025/TT-NHNN Sửa đổi, bổ sung một số điều của một số Thông tư về quỹ tín dụng nhân dân",Thông tư,16/02/2026,Còn hiệu lực,"[""Admin"", ""Staff""]"
185630_art_101,185630,"Điều 101 Luật Các tổ chức tín dụng và các quy định về tổ chức và hoạt động của Hội đồng quản trị, Ban kiểm soát, người điều hành; 
 (iii) Nội dung và quy trình hoạt động của kiểm toán nội bộ;”.",content.csv,"Thông tư số 63/2025/TT-NHNN Sửa đổi, bổ sung một số điều của một số Thông tư về quỹ tín dụng nhân dân",Thông tư,16/02/2026,Còn hiệu lực,"[""Admin"", ""Staff""]"
185630_art_12,185630,"Điều 12 
 “b) Trong thời hạn 21 ngày kể từ ngày nhận được hồ sơ đầy đủ và hợp lệ của quỹ tín dụng nhân dân, Ngân hàng Nhà nước Khu vực thực hiện việc cấp đổi Giấy phép (bao gồm cả bổ sung nội dung hoạt động đồng thời với cấp đổi Giấy phép) theo đề nghị cho quỹ tín dụng nhân dân. Trường hợp từ chối, Ngân hàng Nhà nước Khu vực trả lời bằng văn bản và nêu rõ lý do.”.",content.csv,"Thông tư số 63/2025/TT-NHNN Sửa đổi, bổ sung một số điều của một số Thông tư về quỹ tín dụng nhân dân",Thông tư,16/02/2026,Còn hiệu lực,"[""Admin"", ""Staff""]"
185630_art_7,185630,"Điều 7. Sửa đổi, bổ sung các phụ lục 
 Bổ sung cụm từ “Mã định danh tổ chức (nếu có)” sau cụm từ “Tên viết tắt bằng tiếng Anh (nếu có)” tại phần “Tên quỹ tín dụng nhân dân” tại Phụ lục số 01, 02, 03, 07, 08 ban hành kèm theo Thông tư số 01/2025/TT-NHNN. 
 Chương III 
 SỬA ĐỔI, BỔ SUNG MỘT SỐ ĐIỀU CỦA THÔNG TƯ SỐ 10/2025/TT-NHNN QUY ĐỊNH VỀ TỔ CHỨC LẠI, THU HỒI GIẤY PHÉP VÀ THANH LÝ&nbsp; TÀI SẢN CỦA QUỸ TÍN DỤNG NHÂN DÂN",content.csv,"Thông tư số 63/2025/TT-NHNN Sửa đổi, bổ sung một số điều của một số Thông tư về quỹ tín dụng nhân dân",Thông tư,16/02/2026,Còn hiệu lực,"[""Admin"", ""Staff""]"
185630_art_9,185630,"Điều 9. Sửa đổi, bổ sung một số điểm của khoản 2",content.csv,"Thông tư số 63/2025/TT-NHNN Sửa đổi, bổ sung một số điều của một số Thông tư về quỹ tín dụng nhân dân",Thông tư,16/02/2026,Còn hiệu lực,"[""Admin"", ""Staff""]"
185630_art_10,185630,"Điều 10. Sửa đổi, bổ sung một số điểm, khoản của",content.csv,"Thông tư số 63/2025/TT-NHNN Sửa đổi, bổ sung một số điều của một số Thông tư về quỹ tín dụng nhân dân",Thông tư,16/02/2026,Còn hiệu lực,"[""Admin"", ""Staff""]"
185630_art_13,185630,"Điều 13 
 1. Sửa đổi điểm c khoản 1 như sau: 
 “c) Trong thời hạn 10 ngày kể từ ngày có văn bản xác nhận đã nhận đủ hồ sơ hợp lệ, Ngân hàng Nhà nước Khu vực có văn bản gửi lấy ý kiến của Ủy ban nhân dân cấp xã nơi nhân sự dự kiến bầu, bổ nhiệm cư trú về danh sách nhân sự dự kiến bầu, bổ nhiệm làm Chủ tịch và các thành viên khác của Hội đồng quản trị, Trưởng ban và các thành viên khác của Ban kiểm soát, Giám đốc của quỹ tín dụng nhân dân sau khi tổ chức lại;”. 
 2. Sửa đổi, bổ sung điểm đ khoản 1 như sau: 
 “đ) Trong thời hạn 42 ngày kể từ ngày nhận đủ hồ sơ hợp lệ, Ngân hàng Nhà nước Khu vực có văn bản: 
 (i) Chấp thuận nguyên tắc việc tổ chức lại quỹ tín dụng nhân dân; chấp thuận phương án sắp xếp lại mạng lưới phòng giao dịch; danh sách, địa điểm đặt trụ sở chính, phòng giao dịch của quỹ tín dụng nhân dân sau khi tổ chức lại (nếu có); 
 (ii) Chấp thuận danh sách dự kiến bầu, bổ nhiệm làm Chủ tịch và các thành viên khác của Hội đồng quản trị, Trưởng ban và các thành viên khác của Ban kiểm soát, Giám đốc quỹ tín dụng nhân dân hình thành mới. Chấp thuận danh sách dự kiến bầu, bổ nhiệm làm Chủ tịch và các thành viên khác của Hội đồng quản trị, Trưởng ban và các thành viên khác của Ban kiểm soát, Giám đốc quỹ tín dụng nhân dân bị tách, quỹ tín dụng nhân dân nhận sáp nhập (nếu có thay đổi). 
 Trường hợp không chấp thuận, Ngân hàng Nhà nước Khu vực có văn bản nêu rõ lý do.”. 
 3. Sửa đổi, bổ sung điểm b khoản 3 như sau: 
 “b) Trong thời hạn 21 ngày kể từ ngày nhận đủ hồ sơ hợp lệ, Ngân hàng Nhà nước Khu vực: 
 (i) Có văn bản chấp thuận tổ chức lại quỹ tín dụng nhân dân theo mẫu quy định Phụ lục số 2, Phụ lục số 3, Phụ lục số 4, Phụ lục số 5 ban hành kèm theo Thông tư này; 
 (ii) Chấp thuận việc thành lập phòng giao dịch của quỹ tín dụng nhân dân sau khi tổ chức lại; Cấp, sửa đổi, bổ sung Giấy phép cho quỹ tín dụng nhân dân sau khi tổ chức lại.”.",content.csv,"Thông tư số 63/2025/TT-NHNN Sửa đổi, bổ sung một số điều của một số Thông tư về quỹ tín dụng nhân dân",Thông tư,16/02/2026,Còn hiệu lực,"[""Admin""]"
185630_art_11,185630,Điều 11. Sửa đổi một số khoản của,content.csv,"Thông tư số 63/2025/TT-NHNN Sửa đổi, bổ sung một số điều của một số Thông tư về quỹ tín dụng nhân dân",Thông tư,16/02/2026,Còn hiệu lực,"[""Admin"", ""Staff""]"
185630_art_14,185630,"Điều 14 
 1. Sửa đổi khoản 6 như sau: 
 “6. Trong thời hạn 10 ngày kể từ ngày có văn bản xác nhận đã nhận đủ hồ sơ hợp lệ, Ngân hàng Nhà nước Khu vực có văn bản gửi lấy ý kiến của Ủy ban nhân dân cấp xã nơi nhân sự dự kiến bầu, bổ nhiệm cư trú về danh sách nhân sự dự kiến bầu, bổ nhiệm làm Chủ tịch và các thành viên khác của Hội đồng quản trị, Trưởng ban và các thành viên khác của Ban kiểm soát, Giám đốc của quỹ tín dụng nhân dân sau khi tổ chức lại. 
 Trong thời hạn 10 ngày kể từ ngày nhận được văn bản lấy ý kiến, Ủy ban nhân dân cấp xã có văn bản tham gia ý kiến về các nội dung được đề nghị.”. 
 2. Sửa đổi khoản 7 như sau: 
 “7. Trong thời hạn 50 ngày kể từ ngày nhận được báo cáo của Ban kiểm soát đặc biệt quy định tại khoản 3 Điều này, Ngân hàng Nhà nước Khu vực có văn bản phê duyệt phương án sáp nhập, hợp nhất, chấp thuận việc sáp nhập, hợp nhất quỹ tín dụng nhân dân. Trường hợp không phê duyệt, Ngân hàng Nhà nước Khu vực có văn bản gửi quỹ tín dụng nhân dân được kiểm soát đặc biệt, Ban kiểm soát đặc biệt nêu rõ lý do. 
 Trường hợp phê duyệt phương án sáp nhập, hợp nhất, Ngân hàng Nhà nước Khu vực có văn bản: 
 a) Chấp thuận nguyên tắc sáp nhập, hợp nhất quỹ tín dụng nhân dân; 
 b) Chấp thuận danh sách dự kiến bầu, bổ nhiệm làm Chủ tịch và các thành viên khác của Hội đồng quản trị, Trưởng ban và các thành viên khác của Ban kiểm soát, Giám đốc quỹ tín dụng nhân dân hình thành sau hợp nhất. 
 Chấp thuận danh sách dự kiến bầu, bổ nhiệm làm Chủ tịch và các thành viên khác của Hội đồng quản trị, Trưởng ban và các thành viên khác của Ban kiểm soát, Giám đốc quỹ tín dụng nhân dân nhận sáp nhập (nếu có thay đổi).”. 
 3. Sửa đổi khoản 10 như sau: 
 “10. Trong thời hạn 25 ngày kể từ ngày nhận đủ hồ sơ hợp lệ, Ngân hàng Nhà nước Khu vực: 
 a) Có văn bản chấp thuận sáp nhập, hợp nhất quỹ tín dụng nhân dân theo mẫu quy định tại Phụ lục số 2, Phụ lục số 3 ban hành kèm theo Thông tư này; 
 b) Cấp, sửa đổi, bổ sung Giấy phép cho quỹ tín dụng nhân dân hợp nhất, quỹ tín dụng nhân dân nhận sáp nhập. 
 Trường hợp không chấp thuận, Ngân hàng Nhà nước Khu vực có văn bản nêu rõ lý do.”.",content.csv,"Thông tư số 63/2025/TT-NHNN Sửa đổi, bổ sung một số điều của một số Thông tư về quỹ tín dụng nhân dân",Thông tư,16/02/2026,Còn hiệu lực,"[""Admin""]"
185630_art_17,185630,"Điều 17 
 1. Sửa đổi điểm đ khoản 2 như sau: 
 “đ) Trong thời hạn 35 ngày kể từ ngày nhận đủ hồ sơ hợp lệ: 
 (i) Trường hợp xét thấy phương án thanh lý tài sản chứng minh được khả năng thanh toán hết các khoản nợ và nghĩa vụ tài sản khác, Ngân hàng Nhà nước Khu vực có văn bản chấp thuận giải thể, phê duyệt phương án thanh lý tài sản quỹ tín dụng nhân dân, yêu cầu quỹ tín dụng nhân dân thành lập Hội đồng thanh lý và tiến hành thanh lý tài sản; có quyết định thành lập Tổ giám sát thanh lý theo quy định tại",content.csv,"Thông tư số 63/2025/TT-NHNN Sửa đổi, bổ sung một số điều của một số Thông tư về quỹ tín dụng nhân dân",Thông tư,16/02/2026,Còn hiệu lực,"[""Admin"", ""Staff""]"
185630_art_29,185630,"Điều 29 Thông tư này; hoặc 
 (ii) Trường hợp xét thấy phương án thanh lý tài sản không chứng minh được khả năng thanh toán hết các khoản nợ và nghĩa vụ tài sản khác, Ngân hàng Nhà nước Khu vực có văn bản từ chối chấp thuận giải thể, trong đó nêu rõ lý do; hoặc 
 (iii) Ngân hàng Nhà nước Khu vực có văn bản yêu cầu quỹ tín dụng nhân dân báo cáo, giải trình các nội dung có liên quan (nếu cần thiết);”. 
 2. Sửa đổi điểm a khoản 4 như sau: 
 “a) Trong thời hạn 21 ngày kể từ ngày nhận được báo cáo của Tổ giám sát thanh lý theo quy định tại điểm d khoản 3 Điều này, Giám đốc Ngân hàng Nhà nước Khu vực xem xét, có quyết định: 
 (i) Chấm dứt thanh lý và thu hồi Giấy phép quỹ tín dụng nhân dân; hoặc 
 (ii) Chấm dứt thanh lý quỹ tín dụng nhân dân để thực hiện các thủ tục phá sản và thu hồi Giấy phép theo quy định tại khoản 2",content.csv,"Thông tư số 63/2025/TT-NHNN Sửa đổi, bổ sung một số điều của một số Thông tư về quỹ tín dụng nhân dân",Thông tư,16/02/2026,Còn hiệu lực,"[""Admin"", ""Staff""]"
185630_art_21,185630,Điều 21 Thông tư này;”.,content.csv,"Thông tư số 63/2025/TT-NHNN Sửa đổi, bổ sung một số điều của một số Thông tư về quỹ tín dụng nhân dân",Thông tư,16/02/2026,Còn hiệu lực,"[""Admin"", ""Staff""]"
185630_art_23,185630,"Điều 23 
 “2. Trường hợp đề nghị gia hạn thời hạn thanh lý, trước ngày chấm dứt thời hạn thanh lý 30 ngày, Hội đồng thanh lý phải có văn bản đề nghị gia hạn thời hạn thanh lý gửi Ngân hàng Nhà nước Khu vực, trong đó đánh giá khả năng thanh toán hết các khoản nợ, nghĩa vụ tài sản khác và thời gian gia hạn thanh lý. 
 Trong thời hạn 10 ngày kể từ ngày nhận được văn bản đề nghị gia hạn thanh lý của Hội đồng thanh lý, Ngân hàng Nhà nước Khu vực có văn bản chấp thuận hoặc không chấp thuận đề nghị gia hạn thời hạn thanh lý.”.",content.csv,"Thông tư số 63/2025/TT-NHNN Sửa đổi, bổ sung một số điều của một số Thông tư về quỹ tín dụng nhân dân",Thông tư,16/02/2026,Còn hiệu lực,"[""Admin"", ""Staff""]"
185630_art_33,185630,"Điều 33 
 “e. Có văn bản gửi thông tin về chấp thuận tổ chức lại quỹ tín dụng nhân dân trên địa bàn cho ngân hàng hợp tác xã sau thời hạn 03 ngày làm việc kể từ ngày có văn bản chấp thuận tổ chức lại.”. 
 Chương IV 
 ĐIỀU KHOẢN THI HÀNH",content.csv,"Thông tư số 63/2025/TT-NHNN Sửa đổi, bổ sung một số điều của một số Thông tư về quỹ tín dụng nhân dân",Thông tư,16/02/2026,Còn hiệu lực,"[""Admin"", ""Staff""]"
185630_art_15,185630,"Điều 15. Điều khoản thi hành 
 1. Thông tư này có hiệu lực thi hành kể từ ngày 16 tháng 02 năm 2026. 
 2. Thông tư này bãi bỏ quy định tại khoản 1",content.csv,"Thông tư số 63/2025/TT-NHNN Sửa đổi, bổ sung một số điều của một số Thông tư về quỹ tín dụng nhân dân",Thông tư,16/02/2026,Còn hiệu lực,"[""Admin"", ""Staff""]"
185630_art_16,185630,"Điều 16. Trách nhiệm tổ chức thực hiện 
 Thủ trưởng các đơn vị thuộc Ngân hàng Nhà nước Việt Nam, ngân hàng hợp tác xã, quỹ tín dụng nhân dân có trách nhiệm tổ chức thực hiện Thông tư này./. 
 
 
 
 
 Nơi nhận: - Như Điều 16; 
 - Ban lãnh đạo NHNN; 
 - Văn phòng Chính phủ; 
 - Bộ Tư pháp (để kiểm tra); 
 - Công báo; 
 - Cổng thông tin điện tử NHNN; 
 - Lưu: VT, ATHT4 (03). 
 
 KT.THỐNG ĐỐC 
 PHÓ THỐNG ĐỐC 
 (Đã ký) 
 Đoàn Thái Sơn",content.csv,"Thông tư số 63/2025/TT-NHNN Sửa đổi, bổ sung một số điều của một số Thông tư về quỹ tín dụng nhân dân",Thông tư,16/02/2026,Còn hiệu lực,"[""Admin"", ""Staff""]"
173695_chunk_1,173695,"NGÂN HÀNG NHÀ NƯỚC 
 
 
 &nbsp;VIỆT NAM 
 
 
 
 
 
 CỘNG HÒA XÃ HỘI CHỦ NGHĨA VIỆT NAM 
 
 
 Độc lập – Tự do – Hạnh phúc 
 
 
 
 
 
 
 Số: 56/2024/TT-NHNN 
 
 
 Hà Nội, ngày 24 tháng 12 năm 2024 
 
 
 
 
 
 THÔNG TƯ 
 Quy định hồ sơ, thủ tục cấp Giấy phép lần đầu của ngân hàng thương mại, 
 chi nhánh ngân hàng nước ngoài , văn phòng đại diện nước ngoài 
 _________________________ 
 &nbsp; 
 Căn cứ Luật Ngân hàng Nhà nước Việt Nam ngày 16 tháng 6 năm 2010; 
 Căn cứ Luật Các tổ chức tín dụng ngày 18 tháng 01 năm 2024; 
 Căn cứ Nghị định số 102/2022/NĐ-CP ngày 12 tháng 12 năm 2022 của Chính phủ quy định chức năng, nhiệm vụ, quyền hạn và cơ cấu tổ chức của Ngân hàng Nhà nước Việt Nam; 
 Căn cứ Nghị định số 162/NĐ-CP ngày 20 tháng 12 năm 2024 của Chính phủ quy định điều kiện cấp Giấy phép đối với quỹ tín dụng nhân dân, tổ chức tài chính vi mô và điều kiện đối với chủ sở hữu của tổ chức tín dụng là công ty trách nhiệm hữu hạn một thành viên, cổ đông sáng lập, thành viên sáng lập; 
 Theo đề nghị của Chánh Thanh tra, giám sát ngân hàng; 
 Thống đốc Ngân hàng Nhà nước Việt Nam ban hành Thông tư quy định hồ sơ, thủ tục cấp Giấy phép lần đầu của ngân hàng thương mại, chi nhánh ngân hàng nước ngoài, văn phòng đại diện nước ngoài . 
 &nbsp; 
 Chương I 
 QUY ĐỊNH CHUNG",content.csv,"Thông tư số 56/2024/TT-NHNN Quy định hồ sơ, thủ tục cấp Giấy phép lần đầu của ngân hàng thương mại, chi nhánh ngân hàng nước ngoài, văn phòng đại diện nước ngoài",Thông tư,24/12/2024,Hết hiệu lực một phần,"[""Admin"", ""Staff""]"
173695_art_1,173695,"Điều 1. Phạm vi điều chỉnh 
 Thông tư này quy định về hồ sơ, thủ tục cấp Giấy phép lần đầu của ngân hàng thương mại, chi nhánh ngân hàng nước ngoài, văn phòng đại diện nước ngoài.",content.csv,"Thông tư số 56/2024/TT-NHNN Quy định hồ sơ, thủ tục cấp Giấy phép lần đầu của ngân hàng thương mại, chi nhánh ngân hàng nước ngoài, văn phòng đại diện nước ngoài",Thông tư,24/12/2024,Hết hiệu lực một phần,"[""Admin"", ""Staff"", ""Guest""]"
173695_art_2,173695,"Điều 2. Đối tượng áp dụng 
 Thông tư này áp dụng đối với: 
 1. Ngân hàng thương mại. 
 2. Chi nhánh ngân hàng nước ngoài. 
 3. Văn phòng đại diện tại Việt Nam của tổ chức tín dụng nước ngoài, tổ chức nước ngoài khác có hoạt động ngân hàng (sau đây gọi là văn phòng đại diện nước ngoài). 
 4. Các tổ chức, cá nhân có liên quan đến hồ sơ, thủ tục cấp Giấy phép lần đầu của ngân hàng thương mại, chi nhánh ngân hàng nước ngoài và văn phòng đại diện nước ngoài.",content.csv,"Thông tư số 56/2024/TT-NHNN Quy định hồ sơ, thủ tục cấp Giấy phép lần đầu của ngân hàng thương mại, chi nhánh ngân hàng nước ngoài, văn phòng đại diện nước ngoài",Thông tư,24/12/2024,Hết hiệu lực một phần,"[""Admin"", ""Staff""]"
173695_art_3,173695,"Điều 3. Giải thích từ ngữ 
 Trong Thông tư này, các từ ngữ dưới đây được hiểu như sau: 
 1. Tổ chức nước ngoài khác có hoạt động ngân hàng là tổ chức được thành lập ở nước ngoài theo quy định của pháp luật nước ngoài và được kinh doanh, cung ứng thường xuyên một hoặc một số các nghiệp vụ sau đây: 
 a) Nhận tiền gửi; 
 b) Cấp tín dụng; 
 c) Cung ứng dịch vụ thanh toán qua tài khoản. 
 2. Văn phòng đại diện nước ngoài là đơn vị phụ thuộc của tổ chức tín dụng nước ngoài, tổ chức nước ngoài khác có hoạt động ngân hàng thành lập tại Việt Nam. Văn phòng đại diện nước ngoài không được thực hiện các hoạt động kinh doanh tại Việt Nam. 
 3. Cổ đông góp vốn thành lập là tổ chức, cá nhân sở hữu ít nhất một cổ phần của ngân hàng thương mại cổ phần tại thời điểm thành lập. 
 4. Cuộc họp Đại hội đồng cổ đông đầu tiên là cuộc họp gồm các cổ đông sáng lập và các cổ đông góp vốn thành lập khác sau khi được Ngân hàng Nhà nước chấp thuận nguyên tắc, có nhiệm vụ thông qua Điều lệ của ngân hàng thương mại cổ phần, bầu các chức danh thành viên Hội đồng quản trị, thành viên Ban kiểm soát nhiệm kỳ đầu tiên và quyết định các vấn đề khác liên quan đến việc thành lập ngân hàng thương mại cổ phần. 
 5. Cuộc họp Thành viên góp vốn đầu tiên là cuộc họp gồm các thành viên sáng lập và các thành viên góp vốn khác sau khi được Ngân hàng Nhà nước chấp thuận nguyên tắc, có nhiệm vụ thông qua Điều lệ của ngân hàng, bầu các chức danh thành viên Hội đồng thành viên, thành viên Ban kiểm soát nhiệm kỳ đầu tiên và quyết định các vấn đề khác liên quan đến việc thành lập ngân hàng liên doanh, ngân hàng 100% vốn nước ngoài là công ty trách nhiệm hữu hạn hai thành viên trở lên. 
 6. Ban trù bị là một nhóm người do các cổ đông sáng lập, thành viên sáng lập, chủ sở hữu, ngân hàng mẹ lựa chọn làm đại diện theo ủy quyền, thay mặt các cổ đông sáng lập, thành viên góp vốn thành lập, chủ sở hữu, ngân hàng mẹ triển khai các công việc liên quan đến việc đề nghị cấp Giấy phép. Ban trù bị phải có tối thiểu 02 thành viên trong đó có 01 thành viên là Trưởng ban. 
 7. Đơn vị đầu mối xử lý hồ sơ đề nghị cấp Giấy phép là đơn vị thuộc ngân hàng nhà nước, được giao nhiệm vụ cấp Giấy phép lần đầu của ngân hàng thương mại, chi nhánh ngân hàng nước ngoài.",content.csv,"Thông tư số 56/2024/TT-NHNN Quy định hồ sơ, thủ tục cấp Giấy phép lần đầu của ngân hàng thương mại, chi nhánh ngân hàng nước ngoài, văn phòng đại diện nước ngoài",Thông tư,24/12/2024,Hết hiệu lực một phần,"[""Admin"", ""Staff""]"
173695_art_4,173695,"Điều 4. Thời hạn hoạt động 
 Thời hạn hoạt động của ngân hàng thương mại, chi nhánh ngân hàng nước ngoài được ghi trong Giấy phép tối đa không quá 99 năm; thời hạn hoạt động của văn phòng đại diện nước ngoài được ghi trong Giấy phép tối đa không quá 05 năm. 
 Chương II 
 QUY ĐỊNH VỀ CẤP GIẤY PHÉP",content.csv,"Thông tư số 56/2024/TT-NHNN Quy định hồ sơ, thủ tục cấp Giấy phép lần đầu của ngân hàng thương mại, chi nhánh ngân hàng nước ngoài, văn phòng đại diện nước ngoài",Thông tư,24/12/2024,Hết hiệu lực một phần,"[""Admin"", ""Staff"", ""Guest""]"
173695_art_5,173695,"Điều 5. Thẩm quyền quyết định cấp Giấy phép 
 1. Thống đốc Ngân hàng Nhà nước có thẩm quyền quyết định cấp Giấy phép đối với ngân hàng thương mại và chi nhánh ngân hàng nước ngoài. 
 2. Giám đốc Ngân hàng Nhà nước chi nhánh nơi văn phòng đại diện nước ngoài dự kiến đặt trụ sở có thẩm quyền quyết định cấp Giấy phép đối với văn phòng đại diện nước ngoài.",content.csv,"Thông tư số 56/2024/TT-NHNN Quy định hồ sơ, thủ tục cấp Giấy phép lần đầu của ngân hàng thương mại, chi nhánh ngân hàng nước ngoài, văn phòng đại diện nước ngoài",Thông tư,24/12/2024,Hết hiệu lực một phần,"[""Admin"", ""Staff"", ""Guest""]"
173695_art_6,173695,"Điều 6. Giấy phép 
 1. Ngân hàng Nhà nước quy định cụ thể nội dung hoạt động ngân hàng, hoạt động kinh doanh khác của ngân hàng thương mại, chi nhánh ngân hàng nước ngoài, nội dung hoạt động của văn phòng đại diện nước ngoài theo mẫu Giấy phép tương ứng quy định tại Phụ lục số 01, 02, 03 ban hành kèm theo Thông tư này. 
 2. Trường hợp Giấy phép bị mất, bị rách, bị cháy hoặc bị hủy hoại dưới hình thức khác, ngân hàng thương mại, chi nhánh ngân hàng nước ngoài, văn phòng đại diện nước ngoài phải có văn bản nêu rõ lý do và gửi qua dịch vụ bưu chính hoặc nộp trực tiếp tại Ngân hàng Nhà nước (bộ phận Một cửa) để đề nghị Ngân hàng Nhà nước xem xét cấp bản sao Giấy phép từ bản gốc theo quy định của pháp luật và phù hợp với thẩm quyền quy định tại",content.csv,"Thông tư số 56/2024/TT-NHNN Quy định hồ sơ, thủ tục cấp Giấy phép lần đầu của ngân hàng thương mại, chi nhánh ngân hàng nước ngoài, văn phòng đại diện nước ngoài",Thông tư,24/12/2024,Hết hiệu lực một phần,"[""Admin"", ""Staff"", ""Guest""]"
173695_art_7,173695,"Điều 7. Thủ tục cấp Giấy phép 
 1. Thủ tục cấp Giấy phép thành lập và hoạt động của ngân hàng thương mại, Giấy phép thành lập chi nhánh ngân hàng nước ngoài như sau: 
 a) Ban trù bị lập hồ sơ đề nghị cấp Giấy phép theo quy định tại Điều 10, Điều 11, khoản 1, 2, 3 Điều 12, khoản 1, 2, 3, 4, 5, 6 Điều 13, khoản 1, 2, 3, 4, 5, 6, 7, 8, 9, 10, 11, 12, 13",content.csv,"Thông tư số 56/2024/TT-NHNN Quy định hồ sơ, thủ tục cấp Giấy phép lần đầu của ngân hàng thương mại, chi nhánh ngân hàng nước ngoài, văn phòng đại diện nước ngoài",Thông tư,24/12/2024,Hết hiệu lực một phần,"[""Admin"", ""Staff"", ""Guest""]"
173695_art_14,173695,"Điều 14 Thông tư này và gửi qua dịch vụ bưu chính hoặc nộp trực tiếp tại Ngân hàng Nhà nước (bộ phận Một cửa). 
 Trong thời hạn 60 ngày kể từ ngày nhận được hồ sơ đề nghị cấp Giấy phép, Ngân hàng Nhà nước có văn bản gửi Ban trù bị xác nhận đã nhận đầy đủ hồ sơ hợp lệ để xem xét chấp thuận nguyên tắc hoặc yêu cầu bổ sung trong trường hợp hồ sơ đề nghị cấp Giấy phép chưa đầy đủ, hợp lệ; 
 b) Trong thời hạn 90 ngày kể từ ngày gửi văn bản xác nhận đã nhận đầy đủ hồ sơ hợp lệ, Ngân hàng Nhà nước có văn bản chấp thuận nguyên tắc thành lập ngân hàng thương mại, chi nhánh ngân hàng nước ngoài sau khi xem xét ý kiến của các cơ quan liên quan. Trường hợp không chấp thuận, Ngân hàng Nhà nước có văn bản trả lời Ban trù bị, trong đó nêu rõ lý do không chấp thuận; 
 c) Trong thời hạn 60 ngày kể từ ngày nhận được văn bản chấp thuận nguyên tắc thành lập ngân hàng thương mại, chi nhánh ngân hàng nước ngoài, Ban trù bị lập các văn bản bổ sung theo quy định tại Điều 10, khoản 4 Điều 12, khoản 7 Điều 13, khoản 14",content.csv,"Thông tư số 56/2024/TT-NHNN Quy định hồ sơ, thủ tục cấp Giấy phép lần đầu của ngân hàng thương mại, chi nhánh ngân hàng nước ngoài, văn phòng đại diện nước ngoài",Thông tư,24/12/2024,Hết hiệu lực một phần,"[""Admin"", ""Staff"", ""Guest""]"
173695_art_15,173695,Điều 15 Thông tư này và gửi qua dịch vụ bưu chính hoặc nộp trực tiếp tại Ngân hàng Nhà nước chi nhánh theo quy định tại khoản 2,content.csv,"Thông tư số 56/2024/TT-NHNN Quy định hồ sơ, thủ tục cấp Giấy phép lần đầu của ngân hàng thương mại, chi nhánh ngân hàng nước ngoài, văn phòng đại diện nước ngoài",Thông tư,24/12/2024,Hết hiệu lực một phần,"[""Admin"", ""Staff"", ""Guest""]"
173695_art_8,173695,"Điều 8. Nộp lệ phí cấp Giấy phép 
 1. Ngân hàng thương mại, chi nhánh ngân hàng nước ngoài được cấp Giấy phép phải nộp lệ phí cấp Giấy phép tại Ngân hàng Nhà nước (Sở Giao dịch) hoặc thanh toán trực tuyến trên Cổng Dịch vụ công quốc gia trong thời hạn 15 ngày kể từ ngày được cấp Giấy phép. 
 2. Văn phòng đại diện nước ngoài được cấp Giấy phép phải nộp lệ phí cấp Giấy phép tại Ngân hàng Nhà nước chi nhánh theo quy định tại khoản 2",content.csv,"Thông tư số 56/2024/TT-NHNN Quy định hồ sơ, thủ tục cấp Giấy phép lần đầu của ngân hàng thương mại, chi nhánh ngân hàng nước ngoài, văn phòng đại diện nước ngoài",Thông tư,24/12/2024,Hết hiệu lực một phần,"[""Admin"", ""Staff"", ""Guest""]"
173695_art_9,173695,"Điều 9. Điều kiện về tổng tài sản có và tình hình tài chính đối với tổ chức tín dụng nước ngoài khi đề nghị cấp Giấy phép thành lập ngân hàng liên doanh, ngân hàng 100% vốn nước ngoài, chi nhánh ngân hàng nước ngoài tại Việt Nam 
 1. Khi đề nghị cấp Giấy phép, tổ chức tín dụng nước ngoài là thành viên sáng lập của ngân hàng liên doanh, chủ sở hữu của ngân hàng 100% vốn nước ngoài phải đáp ứng các điều kiện về tổng tài sản có và tình hình tài chính sau đây: 
 a) Có tổng tài sản có ít nhất tương đương 10 tỷ đô la Mỹ vào cuối năm liền kề trước năm nộp hồ sơ đề nghị cấp Giấy phép và đến thời điểm nộp hồ sơ bổ sung đề nghị cấp Giấy phép; 
 b) Kinh doanh có lãi trong 05 năm liên tiếp liền kề trước năm nộp hồ sơ đề nghị cấp Giấy phép và đến thời điểm nộp hồ sơ bổ sung đề nghị cấp Giấy phép. 
 2. Khi đề nghị cấp Giấy phép thành lập chi nhánh ngân hàng nước ngoài, tổ chức tín dụng nước ngoài là ngân hàng mẹ của chi nhánh ngân hàng nước ngoài phải đáp ứng các điều kiện liên quan đến tổng tài sản có và tình hình tài chính sau đây: 
 a) Có tổng tài sản có ít nhất tương đương 20 tỷ đô la Mỹ vào cuối năm liền kề trước năm nộp hồ sơ đề nghị cấp Giấy phép và đến thời điểm nộp hồ sơ bổ sung đề nghị cấp Giấy phép; 
 b) Điều kiện quy định tại điểm b khoản 1 Điều này.",content.csv,"Thông tư số 56/2024/TT-NHNN Quy định hồ sơ, thủ tục cấp Giấy phép lần đầu của ngân hàng thương mại, chi nhánh ngân hàng nước ngoài, văn phòng đại diện nước ngoài",Thông tư,24/12/2024,Hết hiệu lực một phần,"[""Admin"", ""Staff""]"
173695_art_10,173695,"Điều 10. Nguyên tắc lập hồ sơ 
 1. Các văn bản tại hồ sơ đề nghị cấp Giấy phép phải do Trưởng Ban trù bị ký và các văn bản lập theo các Phụ lục ban hành kèm theo Thông tư này là bản gốc, các văn bản khác là bản sao có chứng thực, trừ trường hợp Thông tư này có quy định khác. Các văn bản do Trưởng Ban trù bị ký phải có tiêu đề ""Ban trù bị thành lập và tên dự kiến ngân hàng thương mại hoặc chi nhánh ngân hàng nước ngoài"". 
 Các văn bản tại hồ sơ đề nghị cấp Giấy phép thành lập văn phòng đại diện nước ngoài phải do người đại diện theo pháp luật của tổ chức tín dụng nước ngoài, tổ chức nước ngoài khác có hoạt động ngân hàng ký, trừ trường hợp Thông tư này có quy định khác. 
 2. Hồ sơ đề nghị cấp Giấy phép thành lập và hoạt động ngân hàng thương mại cổ phần được lập 01 bộ bằng tiếng Việt, trừ trường hợp Thông tư này có quy định khác. 
 3. Hồ sơ đề nghị cấp Giấy phép thành lập ngân hàng liên doanh, ngân hàng 100% vốn nước ngoài, hồ sơ đề nghị cấp Giấy phép thành lập chi nhánh ngân hàng nước ngoài, hồ sơ đề nghị cấp Giấy phép thành lập văn phòng đại diện nước ngoài được lập thành 02 bộ (01 bộ bằng tiếng Việt và 01 bộ bằng tiếng Anh), trừ trường hợp Thông tư này có quy định khác, trong đó: 
 a) Bộ hồ sơ tiếng Anh phải được hợp pháp hóa lãnh sự theo quy định của pháp luật, trừ các tài liệu sau đây: 
 (i) Văn bản của cơ quan có thẩm quyền của nước nơi tổ chức tín dụng nước ngoài, tổ chức nước ngoài khác có hoạt động ngân hàng đặt trụ sở chính gửi trực tiếp cho Ngân hàng Nhà nước; 
 (ii) Các báo cáo tài chính được lập trực tiếp bằng tiếng Anh; 
 b) Các bản dịch từ tiếng Anh ra tiếng Việt phải được chứng thực chữ ký của người dịch theo quy định về chứng thực của pháp luật Việt Nam trừ tài liệu quy định tại điểm c khoản này; 
 c) Bản dịch các báo cáo tài chính phải được xác nhận của tổ chức, cá nhân được phép hành nghề dịch thuật theo quy định của pháp luật; 
 d) Các văn bản tiếng Việt là bản gốc (hoặc sao từ bản gốc tiếng Việt) được lập tại Việt Nam không cần phải dịch ra tiếng Anh. 
 4. Trường hợp các giấy tờ là bản sao mà không phải là bản sao có chứng thực, bản sao được cấp từ sổ gốc thì phải xuất trình kèm theo bản chính để đối chiếu, người đối chiếu chịu trách nhiệm về tính chính xác của bản sao so với bản chính. 
 5. Trong mỗi bộ hồ sơ phải có danh mục tài liệu.",content.csv,"Thông tư số 56/2024/TT-NHNN Quy định hồ sơ, thủ tục cấp Giấy phép lần đầu của ngân hàng thương mại, chi nhánh ngân hàng nước ngoài, văn phòng đại diện nước ngoài",Thông tư,24/12/2024,Hết hiệu lực một phần,"[""Admin"", ""Staff""]"
173695_art_11,173695,"Điều 11. Hồ sơ đề nghị cấp Giấy phép thành lập và hoạt động ngân hàng thương mại 
 1. Đơn đề nghị cấp Giấy phép thành lập và hoạt động ngân hàng thương mại do các cổ đông sáng lập, chủ sở hữu, thành viên sáng lập ký theo mẫu quy định tại Phụ lục số 04 ban hành kèm theo Thông tư này. 
 2. Dự thảo Điều lệ. 
 3. Đề án thành lập ngân hàng thương mại, bao gồm tối thiểu các nội dung sau: 
 a) Sự cần thiết thành lập ngân hàng thương mại; 
 b) Tên ngân hàng thương mại, tên tỉnh/thành phố trực thuộc trung ương nơi dự kiến đặt trụ sở chính, thời gian hoạt động, vốn điều lệ khi thành lập, nội dung hoạt động; 
 c) Năng lực tài chính của các cổ đông sáng lập, cổ đông góp vốn thành lập, chủ sở hữu, thành viên sáng lập, thành viên góp vốn; 
 d) Sơ đồ tổ chức và mạng lưới hoạt động của ngân hàng thương mại dự kiến trong 03 năm đầu tiên; 
 đ) Danh sách nhân sự dự kiến trong đó mô tả chi tiết trình độ chuyên môn, kinh nghiệm công tác trong lĩnh vực tài chính, ngân hàng, kinh tế, quản trị kinh doanh, luật, kế toán và kiểm toán đáp ứng được các yêu cầu của từng vị trí, chức danh: 
 (i) Chủ tịch, thành viên, thành viên độc lập Hội đồng quản trị, Hội đồng thành viên; Trưởng ban các Ủy ban thuộc Hội đồng quản trị, Hội đồng thành viên; 
 (ii) Trưởng ban, thành viên Ban kiểm soát; 
 (iii) Tổng giám đốc (Giám đốc), các Phó Tổng giám đốc (Phó Giám đốc), Kế toán trưởng và người đứng đầu các đơn vị trực thuộc trong cơ cấu tổ chức; 
 e) Chính sách quản lý rủi ro: Nhận diện, đo lường, phòng ngừa, quản lý và kiểm soát rủi ro tín dụng, rủi ro hoạt động, rủi ro thị trường, rủi ro lãi suất trên sổ ngân hàng, rủi ro thanh khoản, rủi ro tập trung và các rủi ro khác phát sinh từ các hoạt động trọng yếu và trong quá trình hoạt động; 
 g) Công nghệ thông tin: 
 (i) Dự kiến đầu tư tài chính cho công nghệ thông tin; 
 (ii) Hệ thống công nghệ thông tin phải đảm bảo đáp ứng các yêu cầu về quản trị điều hành, quản lý rủi ro của ngân hàng thương mại và các quy định của Ngân hàng Nhà nước; 
 (iii) Khả năng áp dụng công nghệ thông tin, trong đó nêu rõ: thời gian thực hiện đầu tư công nghệ; loại hình công nghệ dự kiến áp dụng; dự kiến cán bộ và khả năng của cán bộ trong việc áp dụng công nghệ thông tin; bảo đảm hệ thống thông tin có thể tích hợp và kết nối với hệ thống quản lý của Ngân hàng Nhà nước để cung cấp thông tin theo yêu cầu quản lý của Ngân hàng Nhà nước; 
 (iv) Hồ sơ về hạ tầng công nghệ thông tin phục vụ cho hoạt động của ngân hàng thương mại; 
 (v) Các giải pháp đảm bảo an toàn, bảo mật tương ứng với loại hình dịch vụ dự kiến triển khai; các giải pháp về đảm bảo hoạt động liên tục của hệ thống công nghệ thông tin; 
 (vi) Nhận diện, đo lường và triển khai phương án quản lý rủi ro đối với công nghệ dự kiến áp dụng trong lĩnh vực hoạt động của ngân hàng thương mại; 
 (vii) Dự kiến phân công trách nhiệm báo cáo và kiểm soát hoạt động hệ thống công nghệ thông tin; 
 h) Khả năng đứng vững và phát triển của ngân hàng trên thị trường: 
 (i) Phân tích và đánh giá thị trường ngân hàng, trong đó nêu được thực trạng, thách thức và triển vọng; 
 (ii) Khả năng tham gia và cạnh tranh trên thị trường của ngân hàng, trong đó chứng minh được lợi thế của ngân hàng khi tham gia thị trường; 
 (iii) Chiến lược phát triển, mở rộng mạng lưới hoạt động và nội dung hoạt động ngân hàng, loại khách hàng và số lượng khách hàng. Trong đó, phân tích chi tiết việc đáp ứng các điều kiện đối với những nội dung hoạt động có điều kiện; 
 i) Hệ thống kiểm soát nội bộ và hệ thống kiểm toán nội bộ: 
 (i) Nguyên tắc hoạt động và yêu cầu của hệ thống kiểm soát nội bộ; 
 (ii) Dự thảo các quy định nội bộ cơ bản về tổ chức và hoạt động của ngân hàng, tối thiểu bao gồm các quy định nội bộ quy định tại khoản 2",content.csv,"Thông tư số 56/2024/TT-NHNN Quy định hồ sơ, thủ tục cấp Giấy phép lần đầu của ngân hàng thương mại, chi nhánh ngân hàng nước ngoài, văn phòng đại diện nước ngoài",Thông tư,24/12/2024,Hết hiệu lực một phần,"[""Admin""]"
173695_art_101,173695,"Điều 101 Luật Các tổ chức tín dụng và các quy định sau: Quy định về tổ chức và hoạt động của Hội đồng quản trị, Hội đồng thành viên, Ban kiểm soát, Người điều hành; Quy định về tổ chức và hoạt động của trụ sở chính, chi nhánh và các đơn vị trực thuộc khác; 
 (iii) Nội dung và quy trình hoạt động của kiểm toán nội bộ; 
 k) Phương án kinh doanh dự kiến trong 03 năm đầu, trong đó tối thiểu phải bao gồm các nội dung sau: Phân tích thị trường, chiến lược, mục tiêu và kế hoạch kinh doanh, các báo cáo tài chính dự kiến của từng năm (bảng cân đối kế toán, báo cáo kết quả kinh doanh, báo cáo lưu chuyển tiền tệ, chỉ tiêu an toàn vốn tối thiểu, các chỉ tiêu về hiệu quả hoạt động và thuyết minh khả năng thực hiện các chỉ tiêu tài chính trong từng năm). 
 4. Tài liệu chứng minh năng lực của bộ máy quản trị, kiểm soát, điều hành dự kiến: 
 a) Sơ yếu lý lịch theo mẫu quy định tại Phụ lục số 07 ban hành kèm theo Thông tư này; 
 b) Phiếu lý lịch tư pháp: 
 (i) Đối với nhân sự dự kiến có quốc tịch Việt Nam: Phiếu lý lịch tư pháp do cơ quan quản lý cơ sở dữ liệu lý lịch tư pháp cấp, trong đó phải có đầy đủ thông tin về tình trạng án tích (bao gồm án tích đã được xóa và án tích chưa được xóa) và thông tin về việc cấm đảm nhiệm chức vụ, thành lập, quản lý doanh nghiệp, hợp tác xã; 
 (ii) Đối với nhân sự dự kiến không có quốc tịch Việt Nam: Phiếu lý lịch tư pháp hoặc văn bản có giá trị tương đương (có đầy đủ thông tin về tình trạng án tích; thông tin về việc cấm đảm nhiệm chức vụ, thành lập, quản lý doanh nghiệp, hợp tác xã) phải được cơ quan có thẩm quyền của Việt Nam hoặc cơ quan có thẩm quyền của nước ngoài cấp theo quy định. Trường hợp phiếu lý lịch tư pháp hoặc văn bản có giá trị tương đương do cơ quan có thẩm quyền nước ngoài cấp không có thông tin về việc cấm đảm nhiệm chức vụ, thành lập, quản lý doanh nghiệp, hợp tác xã thì Trưởng Ban trù bị phải có văn bản giải trình về việc phiếu lý lịch tư pháp hoặc văn bản có giá trị tương đương do cơ quan có thẩm quyền nước ngoài cấp không có thông tin này và cam kết chịu trách nhiệm trước pháp luật về việc nhân sự dự kiến không thuộc các trường hợp không được đảm nhiệm chức vụ theo quy định tại Luật các tổ chức tín dụng; 
 (iii) Phiếu lý lịch tư pháp hoặc văn bản có giá trị tương đương quy định tại điểm b(i) và b(ii) của Khoản này phải được cơ quan có thẩm quyền cấp trước thời điểm nộp hồ sơ đề nghị Cấp giấy phép không quá 06 tháng; 
 c) Các văn bằng chứng minh trình độ chuyên môn; 
 d) Các tài liệu khác chứng minh việc đáp ứng các điều kiện, tiêu chuẩn theo quy định tại Luật Các tổ chức tín dụng và các quy định có liên quan của pháp luật; 
 đ) Trường hợp người dự kiến được bầu làm thành viên Hội đồng quản trị, Hội đồng thành viên, thành viên Ban kiểm soát, Tổng giám đốc (Giám đốc) không có quốc tịch Việt Nam, ngoài các văn bản nêu trên, phải có văn bản cam kết đáp ứng đầy đủ các điều kiện để được cư trú và làm việc tại Việt Nam. 
 5. Biên bản cuộc họp cổ đông sáng lập, thành viên sáng lập hoặc văn bản của chủ sở hữu về việc lựa chọn Ban trù bị, Trưởng Ban trù bị, thông qua dự thảo Điều lệ, đề án thành lập ngân hàng thương mại và danh sách các chức danh quản trị, kiểm soát, điều hành dự kiến và lựa chọn Ban trù bị, Trưởng Ban trù bị.",content.csv,"Thông tư số 56/2024/TT-NHNN Quy định hồ sơ, thủ tục cấp Giấy phép lần đầu của ngân hàng thương mại, chi nhánh ngân hàng nước ngoài, văn phòng đại diện nước ngoài",Thông tư,24/12/2024,Hết hiệu lực một phần,"[""Admin""]"
173695_art_12,173695,"Điều 12. Hồ sơ đề nghị cấp Giấy phép thành lập và hoạt động ngân hàng thương mại cổ phần 
 1. Thành phần hồ sơ theo quy định tại",content.csv,"Thông tư số 56/2024/TT-NHNN Quy định hồ sơ, thủ tục cấp Giấy phép lần đầu của ngân hàng thương mại, chi nhánh ngân hàng nước ngoài, văn phòng đại diện nước ngoài",Thông tư,24/12/2024,Hết hiệu lực một phần,"[""Admin"", ""Staff"", ""Guest""]"
173695_art_13,173695,"Điều 13. Hồ sơ đề nghị cấp Giấy phép thành lập và hoạt động ngân hàng liên doanh, ngân hàng 100% vốn nước ngoài 
 1. Thành phần hồ sơ theo quy định tại",content.csv,"Thông tư số 56/2024/TT-NHNN Quy định hồ sơ, thủ tục cấp Giấy phép lần đầu của ngân hàng thương mại, chi nhánh ngân hàng nước ngoài, văn phòng đại diện nước ngoài",Thông tư,24/12/2024,Hết hiệu lực một phần,"[""Admin"", ""Staff"", ""Guest""]"
173695_art_98,173695,"Điều 98 Luật Các tổ chức tín dụng; danh sách nhân sự dự kiến phải mô tả chi tiết trình độ chuyên môn, kinh nghiệm công tác, năng lực quản lý rủi ro đáp ứng được các yêu cầu của từng vị trí; 
 d) Chính sách quản lý rủi ro: Nhận diện, đo lường, phòng ngừa, quản lý và kiểm soát rủi ro tín dụng, rủi ro hoạt động, rủi ro thị trường, rủi ro lãi suất trên sổ ngân hàng, rủi ro thanh khoản, rủi ro tập trung và các rủi ro khác phát sinh từ các hoạt động trọng yếu và trong quá trình hoạt động; 
 đ) Công nghệ thông tin: 
 (i) Dự kiến đầu tư tài chính cho công nghệ thông tin; 
 (ii) Hệ thống công nghệ thông tin phải đảm bảo đáp ứng các yêu cầu về quản trị điều hành, quản lý rủi ro của chi nhánh ngân hàng nước ngoài và các quy định của Ngân hàng Nhà nước; 
 (iii) Khả năng áp dụng công nghệ thông tin, trong đó nêu rõ: thời gian thực hiện đầu tư công nghệ; loại hình công nghệ dự kiến áp dụng; dự kiến cán bộ và khả năng của cán bộ trong việc áp dụng công nghệ thông tin; bảo đảm hệ thống thông tin có thể tích hợp và kết nối với hệ thống quản lý của Ngân hàng Nhà nước để cung cấp thông tin theo yêu cầu quản lý của Ngân hàng Nhà nước; 
 (iv) Hồ sơ về hạ tầng công nghệ thông tin phục vụ cho hoạt động của chi nhánh ngân hàng nước ngoài; 
 (v) Các giải pháp đảm bảo an toàn, bảo mật tương ứng với loại hình dịch vụ dự kiến triển khai; 
 (vi) Nhận diện, đo lường và triển khai phương án quản lý rủi ro đối với công nghệ dự kiến áp dụng trong lĩnh vực hoạt động của chi nhánh ngân hàng nước ngoài; 
 (vii) Dự kiến phân công trách nhiệm báo cáo và kiểm soát hoạt động hệ thống công nghệ thông tin; 
 e) Khả năng đứng vững và phát triển của chi nhánh ngân hàng nước ngoài trên thị trường: 
 (i) Phân tích và đánh giá thị trường ngân hàng, trong đó nêu được thực trạng, thách thức và triển vọng; 
 (ii) Khả năng tham gia và cạnh tranh trên thị trường của chi nhánh ngân hàng nước ngoài, trong đó chứng minh được lợi thế của chi nhánh ngân hàng nước ngoài khi tham gia thị trường; 
 (iii) Chiến lược phát triển, mở rộng mạng lưới hoạt động và nội dung hoạt động ngân hàng, loại khách hàng và số lượng khách hàng. Trong đó, phân tích rõ việc đáp ứng các điều kiện đối với những nội dung hoạt động có điều kiện; 
 g) Hệ thống kiểm soát, kiểm toán nội bộ: 
 (i) Yêu cầu đối với hệ thống kiểm soát nội bộ; 
 (ii) Dự thảo các quy định nội bộ cơ bản về tổ chức và hoạt động của chi nhánh ngân hàng nước ngoài, tối thiểu bao gồm các quy định nội bộ quy định tại khoản 2",content.csv,"Thông tư số 56/2024/TT-NHNN Quy định hồ sơ, thủ tục cấp Giấy phép lần đầu của ngân hàng thương mại, chi nhánh ngân hàng nước ngoài, văn phòng đại diện nước ngoài",Thông tư,24/12/2024,Hết hiệu lực một phần,"[""Admin""]"
173695_art_29,173695,"Điều 29 Luật Các tổ chức tín dụng trong trường hợp ngân hàng mẹ đề nghị thành lập chi nhánh ngân hàng nước ngoài thứ hai trở lên tại Việt Nam. 
 14. Sau khi nhận được văn bản chấp thuận nguyên tắc, Ban trù bị phải bổ sung các văn bản sau: 
 a) Văn bản bổ nhiệm Tổng giám đốc (Giám đốc) của chi nhánh ngân hàng nước ngoài do đại diện theo pháp luật của ngân hàng mẹ ký; 
 b) Văn bản chứng minh quyền sử dụng hợp pháp trụ sở của chi nhánh ngân hàng nước ngoài; 
 c) Các quy định nội bộ về tổ chức và hoạt động của chi nhánh ngân hàng nước ngoài quy định tại điểm g khoản 2 Điều này được ngân hàng mẹ thông qua; 
 d) Văn bản của Cơ quan có thẩm quyền của nước nơi tổ chức tín dụng nước ngoài đặt trụ sở chính đánh giá ngân hàng mẹ đáp ứng các điều kiện theo quy định của Luật Các tổ chức tín dụng và các văn bản hướng dẫn từ thời điểm nộp hồ sơ đề nghị cấp Giấy phép đến thời điểm nộp bổ sung văn bản; 
 e) Các văn bản khác có liên quan đến cấp Giấy phép.",content.csv,"Thông tư số 56/2024/TT-NHNN Quy định hồ sơ, thủ tục cấp Giấy phép lần đầu của ngân hàng thương mại, chi nhánh ngân hàng nước ngoài, văn phòng đại diện nước ngoài",Thông tư,24/12/2024,Hết hiệu lực một phần,"[""Admin""]"
173695_art_16,173695,"Điều 16. Trách nhiệm của Ban trù bị 
 1. Lập và gửi hồ sơ theo quy định tại Thông tư này. 
 2. Sau khi nhận được văn bản chấp thuận nguyên tắc, Ban trù bị có trách nhiệm: 
 a) Tổ chức cuộc họp Đại hội đồng cổ đông đầu tiên, cuộc họp Thành viên góp vốn đầu tiên để thông qua các nội dung theo quy định tại khoản 4, 5",content.csv,"Thông tư số 56/2024/TT-NHNN Quy định hồ sơ, thủ tục cấp Giấy phép lần đầu của ngân hàng thương mại, chi nhánh ngân hàng nước ngoài, văn phòng đại diện nước ngoài",Thông tư,24/12/2024,Hết hiệu lực một phần,"[""Admin"", ""Staff"", ""Guest""]"
173695_art_17,173695,"Điều 17. Trách nhiệm của Trưởng Ban trù bị 
 1. Triệu tập cuộc họp Đại hội đồng cổ đông, cuộc họp Thành viên sáng lập đầu tiên theo quy định của pháp luật. 
 2. Ký các văn bản thuộc thẩm quyền để đề nghị thành lập ngân hàng thương mại, chi nhánh ngân hàng nước ngoài cho đến khi được Ngân hàng Nhà nước cấp Giấy phép.",content.csv,"Thông tư số 56/2024/TT-NHNN Quy định hồ sơ, thủ tục cấp Giấy phép lần đầu của ngân hàng thương mại, chi nhánh ngân hàng nước ngoài, văn phòng đại diện nước ngoài",Thông tư,24/12/2024,Hết hiệu lực một phần,"[""Admin"", ""Staff"", ""Guest""]"
173695_art_18,173695,"Điều 18. Trách nhiệm của tổ chức, cá nhân có liên quan đến hồ sơ cấp Giấy phép của ngân hàng thương mại, chi nhánh ngân hàng nước ngoài và văn phòng đại diện nước ngoài 
 Tổ chức, cá nhân có liên quan đến hồ sơ cấp Giấy phép của ngân hàng thương mại, chi nhánh ngân hàng nước ngoài và văn phòng đại diện nước ngoài phải cung cấp đầy đủ, chính xác, kịp thời các thông tin theo yêu cầu của Ngân hàng Nhà nước, Ban trù bị theo quy định tại Thông tư này và chịu trách nhiệm trước pháp luật về các thông tin cung cấp.",content.csv,"Thông tư số 56/2024/TT-NHNN Quy định hồ sơ, thủ tục cấp Giấy phép lần đầu của ngân hàng thương mại, chi nhánh ngân hàng nước ngoài, văn phòng đại diện nước ngoài",Thông tư,24/12/2024,Hết hiệu lực một phần,"[""Admin"", ""Staff"", ""Guest""]"
173695_art_19,173695,"Điều 19. Thông báo thông tin về cấp Giấy phép, thông tin về người đại diện pháp luật của ngân hàng thương mại, thông tin về Tổng giám đốc (Giám đốc) chi nhánh ngân hàng nước ngoài, Trưởng văn phòng đại diện nước ngoài cho cơ quan đăng ký kinh doanh 
 Trong thời hạn 05 ngày làm việc kể từ ngày Ngân hàng Nhà nước cấp Giấy phép, Ngân hàng Nhà nước (đơn vị đầu mối xử lý hồ sơ đề nghị cấp Giấy phép) hoặc Ngân hàng Nhà nước chi nhánh theo thẩm quyền quy định tại",content.csv,"Thông tư số 56/2024/TT-NHNN Quy định hồ sơ, thủ tục cấp Giấy phép lần đầu của ngân hàng thương mại, chi nhánh ngân hàng nước ngoài, văn phòng đại diện nước ngoài",Thông tư,24/12/2024,Hết hiệu lực một phần,"[""Admin"", ""Staff"", ""Guest""]"
173695_art_20,173695,"Điều 20. Phối hợp cấp Giấy phép 
 1. Sau khi có văn bản xác nhận hồ sơ đầy đủ và hợp lệ, Ngân hàng Nhà nước có văn bản gửi lấy ý kiến của: 
 a) Ủy ban nhân dân tỉnh, thành phố trực thuộc Trung ương nơi dự kiến đặt trụ sở chính của ngân hàng thương mại, trụ sở của chi nhánh ngân hàng nước ngoài về địa điểm đặt trụ sở chính của ngân hàng thương mại, trụ sở của chi nhánh ngân hàng nước ngoài; 
 b) Bộ Công an về danh sách nhân sự dự kiến bầu, bổ nhiệm làm thành viên Hội đồng quản trị, thành viên Hội đồng thành viên, thành viên Ban kiểm soát và Tổng giám đốc (Giám đốc) của ngân hàng thương mại, Tổng giám đốc (Giám đốc) của chi nhánh ngân hàng nước ngoài; 
 c) Các tổ chức, cơ quan có liên quan (trong trường hợp cần thiết). 
 2. Ngân hàng Nhà nước xem xét, có văn bản chấp thuận nguyên tắc thành lập ngân hàng thương mại, chi nhánh ngân hàng nước ngoài trên cơ sở ý kiến của các cơ quan liên quan.",content.csv,"Thông tư số 56/2024/TT-NHNN Quy định hồ sơ, thủ tục cấp Giấy phép lần đầu của ngân hàng thương mại, chi nhánh ngân hàng nước ngoài, văn phòng đại diện nước ngoài",Thông tư,24/12/2024,Hết hiệu lực một phần,"[""Admin""]"
173695_art_21,173695,"Điều 21. Hội đồng thẩm định 
 1. Hội đồng thẩm định hồ sơ cấp Giấy phép thành lập và hoạt động của ngân hàng thương mại, cấp Giấy phép thành lập chi nhánh ngân hàng nước ngoài (gọi tắt là Hội đồng thẩm định) do Thống đốc Ngân hàng Nhà nước quyết định thành lập gồm Thống đốc hoặc một Phó Thống đốc (được Thống đốc ủy quyền) làm Chủ tịch, các thành viên là Thủ trưởng một số đơn vị thuộc Ngân hàng Nhà nước. Hội đồng thẩm định hoạt động theo Quy chế do Thống đốc quy định. 
 2. Nhiệm vụ của Hội đồng thẩm định: Thẩm định các hồ sơ đề nghị cấp Giấy phép thành lập và hoạt động ngân hàng thương mại, Giấy phép thành lập chi nhánh ngân hàng nước ngoài. Trong quá trình thẩm định, Hội đồng thẩm định áp dụng hình thức phỏng vấn trực tiếp để thẩm định trình độ chuyên môn, hiểu biết về lĩnh vực ngân hàng của những người dự kiến được bầu vào các chức danh quản trị, điều hành của ngân hàng thương mại, Tổng giám đốc (Giám đốc) dự kiến của chi nhánh ngân hàng nước ngoài; thẩm định tính hợp lý và khả thi đối với từng nội dung của Đề án thành lập ngân hàng thương mại, chi nhánh ngân hàng nước ngoài.",content.csv,"Thông tư số 56/2024/TT-NHNN Quy định hồ sơ, thủ tục cấp Giấy phép lần đầu của ngân hàng thương mại, chi nhánh ngân hàng nước ngoài, văn phòng đại diện nước ngoài",Thông tư,24/12/2024,Hết hiệu lực một phần,"[""Admin"", ""Staff"", ""Guest""]"
173695_art_22,173695,"Điều 22. Trách nhiệm của Đơn vị đầu mối xử lý hồ sơ đề nghị cấp Giấy phép 
 1. Làm đầu mối tiếp nhận và thẩm định hồ sơ đề nghị cấp Giấy phép thành lập và hoạt động của ngân hàng thương mại, hồ sơ đề nghị cấp Giấy phép thành lập chi nhánh ngân hàng nước ngoài: 
 a) Đối với hồ sơ đề nghị cấp Giấy phép thành lập và hoạt động ngân hàng thương mại, hồ sơ đề nghị Giấy phép thành lập chi nhánh ngân hàng nước ngoài trước khi chấp thuận nguyên tắc: 
 (i) Đơn vị đầu mối thẩm định tính đầy đủ, hợp lệ của hồ sơ và trình Thống đốc Ngân hàng Nhà nước có văn bản gửi Ban trù bị để xác nhận hồ sơ đầy đủ, hợp lệ hoặc yêu cầu bổ sung hồ sơ; 
 (ii) Thẩm định hồ sơ và có văn bản đề nghị thẩm định kèm hồ sơ gửi các thành viên Hội đồng thẩm định xem xét. Văn bản đề nghị thẩm định nêu rõ kết quả thẩm định và quan điểm đề xuất về việc cấp Giấy phép; 
 (iii) Tổng hợp ý kiến của các thành viên Hội đồng thẩm định và trình Chủ tịch Hội đồng thẩm định triệu tập họp các thành viên Hội đồng thẩm định để xem xét hồ sơ đề nghị cấp Giấy phép; 
 (iv) Căn cứ Biên bản cuộc họp Hội đồng thẩm định, trình Thống đốc Ngân hàng Nhà nước có văn bản gửi Ban trù bị về việc chấp thuận nguyên tắc hoặc không chấp thuận nguyên tắc (trong đó nêu rõ lý do). 
 Nội dung văn bản chấp thuận nguyên tắc bao gồm: chấp thuận nguyên tắc thành lập ngân hàng thương mại, thành lập chi nhánh ngân hàng nước ngoài; chấp thuận danh sách nhân sự dự kiến của ngân hàng thương mại, chi nhánh ngân hàng nước ngoài; chấp thuận cơ cấu tổ chức, quản trị điều hành, kiểm soát nội bộ, kiểm toán nội bộ của chi nhánh ngân hàng nước ngoài; 
 b) Đối với các văn bản bổ sung sau khi được chấp thuận nguyên tắc: 
 Sau khi nhận được các văn bản bổ sung hồ sơ, Đơn vị đầu mối có trách nhiệm thẩm định và trình Thống đốc Ngân hàng Nhà nước ký Quyết định cấp Giấy phép thành lập ngân hàng thương mại, Giấy phép thành lập chi nhánh ngân hàng nước ngoài nếu hồ sơ đầy đủ, hợp lệ và đáp ứng các điều kiện theo quy định hoặc có văn bản không cấp Giấy phép (trong đó nêu rõ lý do). 
 2. Thông báo bằng văn bản cho Cơ quan đăng ký kinh doanh cấp tỉnh nơi ngân hàng thương mại, chi nhánh ngân hàng nước ngoài đặt trụ sở chính theo quy định tại",content.csv,"Thông tư số 56/2024/TT-NHNN Quy định hồ sơ, thủ tục cấp Giấy phép lần đầu của ngân hàng thương mại, chi nhánh ngân hàng nước ngoài, văn phòng đại diện nước ngoài",Thông tư,24/12/2024,Hết hiệu lực một phần,"[""Admin""]"
173695_art_23,173695,"Điều 23. Trách nhiệm của các đơn vị khác thuộc Ngân hàng Nhà nước 
 1. Ngân hàng Nhà nước chi nhánh: 
 a) Trong thời hạn 30 ngày, kể từ ngày Đơn vị đầu mối xử lý hồ sơ đề nghị cấp Giấy phép quy định tại khoản 7",content.csv,"Thông tư số 56/2024/TT-NHNN Quy định hồ sơ, thủ tục cấp Giấy phép lần đầu của ngân hàng thương mại, chi nhánh ngân hàng nước ngoài, văn phòng đại diện nước ngoài",Thông tư,24/12/2024,Hết hiệu lực một phần,"[""Admin"", ""Staff"", ""Guest""]"
173695_art_24,173695,"Điều 24. Hiệu lực thi hành 
 Thông tư này có hiệu lực kể từ ngày 24 tháng 12 năm 2024.",content.csv,"Thông tư số 56/2024/TT-NHNN Quy định hồ sơ, thủ tục cấp Giấy phép lần đầu của ngân hàng thương mại, chi nhánh ngân hàng nước ngoài, văn phòng đại diện nước ngoài",Thông tư,24/12/2024,Hết hiệu lực một phần,"[""Admin"", ""Staff"", ""Guest""]"
173695_art_25,173695,"Điều 25. Tổ chức thực hiện 
 Thủ trưởng các đơn vị thuộc Ngân hàng Nhà nước Việt Nam, ngân hàng thương mại, chi nhánh ngân hàng nước ngoài, văn phòng đại diện nước ngoài và các tổ chức, cá nhân có liên quan chịu trách nhiệm thực hiện Thông tư này./. 
 &nbsp; 
 
 
 
 
 KT. THỐNG ĐỐC 
 PHÓ THỐNG ĐỐC 
 
 
 (Đã ký) 
 
 
 Đoàn Thái Sơn",content.csv,"Thông tư số 56/2024/TT-NHNN Quy định hồ sơ, thủ tục cấp Giấy phép lần đầu của ngân hàng thương mại, chi nhánh ngân hàng nước ngoài, văn phòng đại diện nước ngoài",Thông tư,24/12/2024,Hết hiệu lực một phần,"[""Admin"", ""Staff"", ""Guest""]"
95652_chunk_1,95652,"CHÍNH PHỦ 
 
 
 
 
 
 CỘNG HÒA XÃ HỘI CHỦ NGHĨA VIỆT NAM 
 
 
 Độc lập – Tự do – Hạnh phúc 
 
 
 
 
 
 
 Số: 135 /2015/NĐ-CP 
 
 
 Hà Nội, ngày 31 tháng 12 năm 2015 
 
 
 
 
 NGHỊ ĐỊNH 
 Q uy định về đầu tư gián tiếp ra nước ngoài 
 _____________ 
 Căn cứ Luật Tổ chức Chính phủ ngày 25 tháng 12 năm 2001 ; 
 Căn cứ Luật Đầu tư ngày 26 tháng 11 năm 201 4; 
 Căn cứ Luật Ngân hàng Nhà nước Việt Nam ngày 16 tháng 6 năm 2010; 
 Căn cứ Luật Các tổ chức tín dụng ngày 16 tháng 6 năm 2010; 
 Căn cứ Luật Chứng khoán ngày 29 tháng 6 năm 2006 và Luật sửa đổ i, bổ sung một số điề u của Luật Chứng khoán ngày 24 tháng 11 năm 2010; 
 Căn cứ Luật Ki nh doanh bảo hiểm ngày 09 tháng 12 năm 2000 và Luật sửa đổ i, bổ sung một số điề u của Luật Kinh doanh bảo hiể m ngày 24 tháng 11 năm 2010; 
 Căn cứ Pháp l ệnh Ngoại hối ngày 13 tháng 12 năm 2005 và Pháp l ệnh sửa đổi, bổ sung một số điều của Pháp lệnh Ngoại hố i ngày 18 tháng 3 năm 2013; 
 Theo đề nghị của Thố ng đốc Ngân hàng Nhà nước Việt Nam, 
 Chính phủ ban hành Nghị định quy định về đầu tư giá n tiếp ra nước ngoài. 
 Chương I 
 QUY ĐỊNH CHUNG",content.csv,Nghị định số 135/2015/NĐ-CP Quy định về đầu tư gián tiếp ra nước ngoài,Nghị định,15/02/2016,Hết hiệu lực một phần,"[""Admin"", ""Staff""]"
95652_art_1,95652,"Điều 1. Phạm vi điều chỉnh 
 Nghị định này quy định chi tiết về hoạt động đầu tư ra nước ngoài dưới hình thức mua, bán chứng khoán, các giấy tờ có giá khác hoặc đầu tư thông qua các quỹ đầu tư chứng khoán, các định chế tài chính trung gian khác ở nước ngoài (sau đây gọi là đầu tư gián tiếp ra nước ngoài).",content.csv,Nghị định số 135/2015/NĐ-CP Quy định về đầu tư gián tiếp ra nước ngoài,Nghị định,15/02/2016,Hết hiệu lực một phần,"[""Admin"", ""Staff"", ""Guest""]"
95652_art_2,95652,"Điều 2. Đối tượng áp dụng 
 1. Nhà đầu tư gồm các đối tượng sau: 
 a) Tổ chức kinh tế theo quy định tại Khoản 16",content.csv,Nghị định số 135/2015/NĐ-CP Quy định về đầu tư gián tiếp ra nước ngoài,Nghị định,15/02/2016,Hết hiệu lực một phần,"[""Admin"", ""Staff"", ""Guest""]"
95652_art_3,95652,"Điều 3 Luật Đầu tư; 
 b) Cá nhân có quốc tịch Việt Nam thuộc đối tượng được tham gia chương trình thưởng cổ phiếu phát hành ở nước ngoài. 
 2. Các cơ quan quản lý nhà nước tham gia quản lý hoạt động đầu tư gián tiếp ra nước ngoài theo quy định tại Nghị định này. 
 3. Các tổ chức, cá nhân khác có liên quan đến hoạt động đầu tư gián tiếp ra nước ngoài. 
 4. Tổ chức kinh tế có vốn đầu tư nước ngoài (thuộc đối tượng quy định tại Khoản 1",content.csv,Nghị định số 135/2015/NĐ-CP Quy định về đầu tư gián tiếp ra nước ngoài,Nghị định,15/02/2016,Hết hiệu lực một phần,"[""Admin"", ""Staff"", ""Guest""]"
95652_art_23,95652,Điều 23 Luật Đầu tư) không được thực hiện đầu tư gián tiếp ra nước ngoài theo quy định tại Nghị định này.,content.csv,Nghị định số 135/2015/NĐ-CP Quy định về đầu tư gián tiếp ra nước ngoài,Nghị định,15/02/2016,Hết hiệu lực một phần,"[""Admin"", ""Staff"", ""Guest""]"
95652_art_4,95652,"Điều 4. Áp dụng pháp luật liên quan, điều ước quốc tế, pháp luật nước ngoài, tập quán quốc tế 
 1. Hoạt động tự doanh đầu tư gián tiếp ra nước ngoài, ủy thác đầu tư gián tiếp ra nước ngoài thông qua tổ chức nhận ủy thác ở trong nước phải tuân thủ quy định tại Nghị định này và các quy định khác của pháp luật có liên quan. 
 2. Trường hợp điều ước quốc tế mà Cộng hòa xã hội chủ nghĩa Việt Nam là thành viên có quy định khác với quy định của Nghị định này thì áp dụng quy định của điều ước quốc tế đó.",content.csv,Nghị định số 135/2015/NĐ-CP Quy định về đầu tư gián tiếp ra nước ngoài,Nghị định,15/02/2016,Hết hiệu lực một phần,"[""Admin"", ""Staff"", ""Guest""]"
95652_art_5,95652,"Điều 5. Đầu tư gián tiếp ra nước ngoài của cá nhân 
 1. Nhà đầu tư là cá nhân có quốc tịch Việt Nam chỉ được thực hiện đầu tư gián tiếp ra nước ngoài dưới hình thức tham gia chương trình thưởng cổ phiếu phát hành ở nước ngoài. 
 2. Ngân hàng Nhà nước Việt Nam quy định cụ thể về: 
 a) Quy trình, thủ tục, nội dung thực hiện chương trình thưởng cổ phiếu của tổ chức nước ngoài tại Việt Nam quy định tại Khoản 1 Điều này; 
 b) Phương thức thực hiện, các nội dung khác liên quan đến việc tham gia chương trình thưởng cổ phiếu của cá nhân người lao động Việt Nam làm việc trong các tổ chức nước ngoài tại Việt Nam.",content.csv,Nghị định số 135/2015/NĐ-CP Quy định về đầu tư gián tiếp ra nước ngoài,Nghị định,15/02/2016,Hết hiệu lực một phần,"[""Admin"", ""Staff"", ""Guest""]"
95652_art_6,95652,"Điều 6. Phương thức đầu tư gián tiếp ra nước ngoài 
 Hoạt động đầu tư gián tiếp ra nước ngoài của tổ chức kinh tế được thực hiện theo các phương thức sau: 
 1. Tự doanh đầu tư gián tiếp ra nước ngoài. 
 2. Ủy thác đầu tư gián tiếp ra nước ngoài.",content.csv,Nghị định số 135/2015/NĐ-CP Quy định về đầu tư gián tiếp ra nước ngoài,Nghị định,15/02/2016,Hết hiệu lực một phần,"[""Admin"", ""Staff"", ""Guest""]"
95652_art_7,95652,"Điều 7. Hình thức đầu tư gián tiếp ở nước ngoài 
 Tổ chức tự doanh, tổ chức nhận ủy thác được đầu tư gián tiếp ở nước ngoài theo các hình thức sau: 
 1. Trực tiếp mua, bán chứng khoán, các giấy tờ có giá khác ở nước ngoài. 
 2. Đầu tư thông qua việc mua, bán chứng chỉ quỹ đầu tư chứng khoán ở nước ngoài, ủy thác đầu tư cho các định chế tài chính trung gian khác ở nước ngoài.",content.csv,Nghị định số 135/2015/NĐ-CP Quy định về đầu tư gián tiếp ra nước ngoài,Nghị định,15/02/2016,Hết hiệu lực một phần,"[""Admin"", ""Staff"", ""Guest""]"
95652_art_8,95652,"Điều 8. Công cụ đầu tư 
 1. Ngân hàng Nhà nước Việt Nam quy định cụ thể về loại, tiêu chí lựa chọn công cụ đầu tư ở nước ngoài trong từng thời kỳ. 
 2. Nhà đầu tư chỉ được đầu tư gián tiếp ra nước ngoài vào các công cụ đầu tư do Ngân hàng Nhà nước Việt Nam quy định. 
 3. Tổ chức tự doanh, tổ chức nhận ủy thác là ngân hàng thương mại, công ty tài chính tổng hợp chỉ được tự doanh đầu tư, nhận ủy thác đầu tư gián tiếp ra nước ngoài vào công cụ đầu tư là trái phiếu, các công cụ trên thị trường tiền tệ do Ngân hàng Nhà nước Việt Nam quy định.",content.csv,Nghị định số 135/2015/NĐ-CP Quy định về đầu tư gián tiếp ra nước ngoài,Nghị định,15/02/2016,Hết hiệu lực một phần,"[""Admin"", ""Staff"", ""Guest""]"
95652_art_9,95652,"Điều 9. Các trường hợp đầu tư khác 
 1. Hoạt động đầu tư gián tiếp ra nước ngoài theo phương án đã được cấp có thẩm quyền phê duyệt của tổ chức kinh tế do nhà nước sở hữu từ 65% vốn điều lệ trở lên, tổ chức kinh tế khác thực hiện đầu tư gián tiếp ra nước ngoài với tổng mức đầu tư từ 800 tỷ đồng trở lên không thuộc một trong các trường hợp quy định tại Điều 6, Điều 7, Điều 8, Khoản 4, Khoản 5",content.csv,Nghị định số 135/2015/NĐ-CP Quy định về đầu tư gián tiếp ra nước ngoài,Nghị định,15/02/2016,Hết hiệu lực một phần,"[""Admin"", ""Staff""]"
95652_art_10,95652,Điều 10 và,content.csv,Nghị định số 135/2015/NĐ-CP Quy định về đầu tư gián tiếp ra nước ngoài,Nghị định,15/02/2016,Hết hiệu lực một phần,"[""Admin"", ""Staff"", ""Guest""]"
95652_art_13,95652,"Điều 13 Nghị định này do Thủ tướng Chính phủ quyết định. 
 2. Ngân hàng Nhà nước Việt Nam chủ trì, phối hợp với các cơ quan liên quan trình Thủ tướng Chính phủ xem xét, quyết định các trường hợp đầu tư gián tiếp ra nước ngoài quy định tại Khoản 1 Điều này. 
 3. Ngân hàng Nhà nước Việt Nam hướng dẫn thủ tục đầu tư gián tiếp ra nước ngoài đối với các trường hợp được Thủ tướng Chính phủ cho phép quy định tại Khoản 1 Điều này.",content.csv,Nghị định số 135/2015/NĐ-CP Quy định về đầu tư gián tiếp ra nước ngoài,Nghị định,15/02/2016,Hết hiệu lực một phần,"[""Admin"", ""Staff"", ""Guest""]"
95652_art_11,95652,"Điều 11. Mở tài khoản để tự doanh đầu tư gián tiếp ra nước ngoài và nhận ủy thác đầu tư gián tiếp ra nước ngoài 
 1. Mở tài khoản ngoại tệ để tự doanh đầu tư gián tiếp ra nước ngoài: 
 a) Tổ chức tự doanh phải mở 01 (một) tài khoản vốn đầu tư gián tiếp ra nước ngoài bằng ngoại tệ tại 01 (một) ngân hàng thương mại, chi nhánh ngân hàng nước ngoài được phép cung ứng dịch vụ ngoại hối tại Việt Nam để thực hiện các giao dịch thu, chi liên quan đến hoạt động tự doanh đầu tư gián tiếp ra nước ngoài (không áp dụng đối với tổ chức tự doanh là công ty đầu tư chứng khoán và quỹ đầu tư chứng khoán thực hiện đầu tư gián tiếp ra nước ngoài thông qua công ty quản lý quỹ); 
 b) Trường hợp tổ chức tự doanh là quỹ đầu tư chứng khoán và công ty đầu tư chứng khoán thực hiện đầu tư gián tiếp ra nước ngoài thông qua công ty quản lý quỹ thì công ty quản lý quỹ phải mở 01 (một) tài khoản vốn đầu tư gián tiếp ra nước ngoài bằng ngoại tệ tại 01 (một) ngân hàng thương mại, chi nhánh ngân hàng nước ngoài được phép cung ứng dịch vụ ngoại hối tại Việt Nam tách biệt cho từng quỹ đầu tư chứng khoán, công ty đầu tư chứng khoán để thực hiện các giao dịch thu, chi liên quan đến hoạt động tự doanh đầu tư gián tiếp ra nước ngoài của quỹ đầu tư chứng khoán, công ty đầu tư chứng khoán. 
 2. Mở tài khoản ngoại tệ để nhận ủy thác đầu tư gián tiếp ra nước ngoài: 
 a) Tổ chức nhận ủy thác phải mở 01 (một) tài khoản vốn nhận ủy thác đầu tư gián tiếp ra nước ngoài bằng ngoại tệ tại 01 (một) ngân hàng thương mại, chi nhánh ngân hàng nước ngoài được phép cung ứng dịch vụ ngoại hối tại Việt Nam để thực hiện các giao dịch thu, chi liên quan đến hoạt động nhận ủy thác đầu tư gián tiếp ra nước ngoài; 
 b) Tổ chức nhận ủy thác phải quản lý tách biệt số tiền nhận ủy thác đầu tư của từng nhà đầu tư, quản lý tách biệt số tiền nhận ủy thác đầu tư của nhà đầu tư với số tiền tự doanh đầu tư gián tiếp ra nước ngoài. 
 3. Mở tài khoản ngoại tệ tại nước ngoài: 
 a) Tổ chức tự doanh, tổ chức nhận ủy thác được mở tài khoản ngoại tệ tại nước ngoài để thực hiện các giao dịch thu, chi liên quan đến hoạt động đầu tư gián tiếp ở nước ngoài theo quy định của nước sở tại; 
 b) Tổ chức tự doanh, tổ chức nhận ủy thác chỉ được mở tài khoản ngoại tệ tại nước ngoài theo quy định tại Điểm a Khoản 3 Điều này sau khi được cơ quan quản lý chuyên ngành cấp giấy chứng nhận đăng ký đầu tư gián tiếp ra nước ngoài, văn bản chấp thuận cho phép đầu tư gián tiếp ra nước ngoài, giấy chứng nhận đăng ký hoạt động nhận ủy thác đầu tư gián tiếp ra nước ngoài và sau khi được Ngân hàng Nhà nước Việt Nam xác nhận đăng ký hạn mức tự doanh, hạn mức nhận ủy thác. 
 4. Ngân hàng Nhà nước Việt Nam quy định việc mở và sử dụng tài khoản để thực hiện tự doanh đầu tư gián tiếp ra nước ngoài và nhận ủy thác đầu tư gián tiếp ra nước ngoài quy định tại Khoản 1, Khoản 2 Điều này.",content.csv,Nghị định số 135/2015/NĐ-CP Quy định về đầu tư gián tiếp ra nước ngoài,Nghị định,15/02/2016,Hết hiệu lực một phần,"[""Admin"", ""Staff""]"
95652_art_12,95652,"Điều 12. Chuyển vốn đầu tư gián tiếp ra nước ngoài, chuyển vốn, lợi nhuận và nguồn thu hợp pháp từ hoạt động đầu tư gián tiếp ở nước ngoài về Việt Nam 
 1. Tổ chức tự doanh chỉ được chuyển vốn đầu tư gián tiếp ra nước ngoài sau khi được Ngân hàng Nhà nước Việt Nam xác nhận đăng ký hạn mức tự doanh. 
 2. Tổ chức nhận ủy thác chỉ được chuyển vốn nhận ủy thác đầu tư gián tiếp ra nước ngoài sau khi được Ngân hàng Nhà nước Việt Nam xác nhận đăng ký hạn mức nhận ủy thác. 
 3. Việc chuyển vốn tự doanh đầu tư gián tiếp ra nước ngoài, chuyển vốn, lợi nhuận và nguồn thu hợp pháp từ hoạt động tự doanh đầu tư gián tiếp ra nước ngoài về Việt Nam phải thực hiện thông qua tài khoản vốn đầu tư gián tiếp ra nước ngoài quy định tại Khoản 1",content.csv,Nghị định số 135/2015/NĐ-CP Quy định về đầu tư gián tiếp ra nước ngoài,Nghị định,15/02/2016,Hết hiệu lực một phần,"[""Admin"", ""Staff""]"
95652_art_14,95652,"Điều 14. Điều kiện để chấp thuận cho phép tự doanh đầu tư gián tiếp ra nước ngoài, cấp giấy chứng nhận đăng ký đầu tư gián tiếp ra nước ngoài 
 1. Điều kiện để được tự doanh đầu tư gián tiếp ra nước ngoài: 
 a) Để được tự doanh đầu tư gián tiếp ra nước ngoài, tổ chức tự doanh phải được cơ quan có thẩm quyền cấp giấy chứng nhận đăng ký đầu tư gián tiếp ra nước ngoài (không áp dụng đối với Tổng công ty đầu tư và kinh doanh vốn nhà nước, quỹ đầu tư chứng khoán, công ty đầu tư chứng khoán); 
 b) Để được tự doanh đầu tư gián tiếp ra nước ngoài, tổ chức tự doanh là quỹ đầu tư chứng khoán, công ty đầu tư chứng khoán phải được cơ quan có thẩm quyền chấp thuận cho phép đầu tư gián tiếp ra nước ngoài. 
 2. Để được cấp giấy chứng nhận đăng ký đầu tư gián tiếp ra nước ngoài, công ty chứng khoán, công ty quản lý quỹ, doanh nghiệp kinh doanh bảo hiểm phải đáp ứng các điều kiện sau: 
 a) Có lãi trong 05 năm liên tục liền trước năm nộp hồ sơ đề nghị cấp giấy chứng nhận đăng ký đầu tư gián tiếp ra nước ngoài được thể hiện trên báo cáo tài chính đã được kiểm toán và không có ý kiến ngoại trừ trọng yếu theo quy định của Bộ Tài chính. Báo cáo tài chính phải được kiểm toán bởi các tổ chức kiểm toán độc lập được Bộ Tài chính chấp thuận và công bố theo quy định về kiểm toán độc lập đối với đơn vị có lợi ích công chúng; 
 b) Thực hiện đầy đủ các nghĩa vụ tài chính với Nhà nước, không có nợ thuế đối với ngân sách nhà nước; 
 c) Có quy trình nội bộ, cơ chế kiểm soát, kiểm toán nội bộ, nhận dạng và quản trị rủi ro liên quan đến hoạt động tự doanh đầu tư gián tiếp ra nước ngoài; 
 d) Tuân thủ quy định hiện hành của pháp luật chuyên ngành về vốn, các chỉ tiêu an toàn tài chính, giới hạn đầu tư của công ty chứng khoán, công ty quản lý quỹ, doanh nghiệp kinh doanh bảo hiểm; 
 đ) Có cơ sở vật chất, kỹ thuật và nhân sự để đảm bảo thực hiện tự doanh đầu tư gián tiếp ra nước ngoài theo quy định của pháp luật; 
 e) Tuân thủ các quy định của pháp luật về quản lý và sử dụng vốn nhà nước (đối với tổ chức kinh tế có sở hữu vốn nhà nước). 
 3. Để được chấp thuận cho phép đầu tư gián tiếp ra nước ngoài, quỹ đầu tư chứng khoán, công ty đầu tư chứng khoán phải đáp ứng các điều kiện sau: 
 a) Điều lệ của quỹ đầu tư chứng khoán, công ty đầu tư chứng khoán có quy định cho phép đầu tư gián tiếp ra nước ngoài; 
 b) Công ty quản lý quỹ thực hiện việc quản lý quỹ đầu tư chứng khoán, công ty đầu tư chứng khoán đầu tư gián tiếp ra nước ngoài có quy trình nội bộ, cơ chế kiểm soát, kiểm toán nội bộ, nhận dạng và quản trị rủi ro liên quan đến hoạt động đầu tư gián tiếp ra nước ngoài; đáp ứng các chỉ tiêu an toàn tài chính theo quy định của Bộ Tài chính; có cơ sở vật chất, kỹ thuật, nhân sự đảm bảo thực hiện đầu tư gián tiếp ra nước ngoài theo quy định của pháp luật. 
 Trường hợp công ty đầu tư chứng khoán tự quản lý vốn thực hiện đầu tư gián tiếp ra nước ngoài, thì phải đáp ứng quy định tại Điểm c, Điểm đ Khoản 2 Điều này. 
 c) Tài sản đầu tư ở nước ngoài của quỹ đầu tư chứng khoán, công ty đầu tư chứng khoán phải được lưu ký tại một tổ chức được cấp phép hoạt động lưu ký theo quy định pháp luật nước ngoài và đã ký hợp đồng lưu ký với ngân hàng lưu ký, ngân hàng giám sát tại Việt Nam của quỹ đầu tư chứng khoán, công ty đầu tư chứng khoán. 
 4. Để được cấp giấy chứng nhận đăng ký đầu tư gián tiếp ra nước ngoài, tổ chức tự doanh là ngân hàng thương mại, công ty tài chính tổng hợp phải đáp ứng các điều kiện sau: 
 a) Được phép hoạt động ngoại hối trên thị trường quốc tế; 
 b) Có lãi trong 05 năm liên tục liền trước năm nộp hồ sơ đề nghị cấp giấy chứng nhận đăng ký đầu tư gián tiếp ra nước ngoài được thể hiện trên báo cáo tài chính đã được kiểm toán và không có ý kiến ngoại trừ trọng yếu theo quy định của Bộ Tài chính. Báo cáo tài chính phải được kiểm toán bởi các tổ chức kiểm toán độc lập không nằm trong danh sách các tổ chức kiểm toán không được kiểm toán đối với tổ chức tín dụng, chi nhánh ngân hàng nước ngoài do Ngân hàng Nhà nước Việt Nam công bố; 
 c) Thực hiện đầy đủ các nghĩa vụ tài chính với Nhà nước, không có nợ thuế với ngân sách nhà nước; 
 d) Có quy trình nội bộ, cơ chế kiểm soát, kiểm toán nội bộ, nhận dạng và quản trị rủi ro liên quan đến hoạt động tự doanh đầu tư gián tiếp ra nước ngoài; 
 đ) Có cơ sở vật chất, kỹ thuật và nhân sự để đảm bảo thực hiện tự doanh đầu tư gián tiếp ra nước ngoài theo quy định của pháp luật; 
 e) Tuân thủ quy định hiện hành của Ngân hàng Nhà nước Việt Nam về các giới hạn, tỷ lệ bảo đảm an toàn trong hoạt động ngân hàng; 
 g) Tuân thủ các quy định của pháp luật về quản lý và sử dụng vốn nhà nước (đối với ngân hàng thương mại, công ty tài chính tổng hợp có sở hữu vốn nhà nước). 
 5. Tổng công ty đầu tư và kinh doanh vốn nhà nước thực hiện đầu tư gián tiếp ra nước ngoài theo quy định của Chính phủ.",content.csv,Nghị định số 135/2015/NĐ-CP Quy định về đầu tư gián tiếp ra nước ngoài,Nghị định,15/02/2016,Hết hiệu lực một phần,"[""Admin""]"
95652_art_15,95652,"Điều 15. Thẩm quyền, trình tự, thủ tục cấp, thu hồi giấy chứng nhận đăng ký đầu tư gián tiếp ra nước ngoài, văn bản chấp thuận cho phép đầu tư gián tiếp ra nước ngoài 
 1. Bộ Tài chính thực hiện: 
 a) Quy định chi tiết về quy trình, thủ tục cấp, thu hồi giấy chứng nhận đăng ký đầu tư gián tiếp ra nước ngoài cho tổ chức tự doanh là công ty chứng khoán, công ty quản lý quỹ, doanh nghiệp kinh doanh bảo hiểm; 
 b) Xem xét cấp, thu hồi giấy chứng nhận đăng ký đầu tư gián tiếp ra nước ngoài cho công ty chứng khoán, công ty quản lý quỹ, doanh nghiệp kinh doanh bảo hiểm được thực hiện hoạt động tự doanh đầu tư gián tiếp ra nước ngoài; 
 c) Quy định chi tiết về hình thức, quy trình, thủ tục cấp, thu hồi văn bản chấp thuận cho phép đầu tư gián tiếp ra nước ngoài của tổ chức tự doanh là quỹ đầu tư chứng khoán, công ty đầu tư chứng khoán. 
 2. Ngân hàng Nhà nước Việt Nam thực hiện: 
 a) Quy định chi tiết về quy trình, thủ tục cấp, thu hồi giấy chứng nhận đăng ký đầu tư gián tiếp ra nước ngoài cho tổ chức tự doanh là ngân hàng thương mại, công ty tài chính tổng hợp; 
 b) Xem xét cấp, thu hồi giấy chứng nhận đăng ký đầu tư gián tiếp ra nước ngoài cho ngân hàng thương mại, công ty tài chính tổng hợp.",content.csv,Nghị định số 135/2015/NĐ-CP Quy định về đầu tư gián tiếp ra nước ngoài,Nghị định,15/02/2016,Hết hiệu lực một phần,"[""Admin"", ""Staff"", ""Guest""]"
95652_art_16,95652,"Điều 16. Tỷ lệ đầu tư an toàn 
 1. Hoạt động đầu tư gián tiếp ra nước ngoài của công ty chứng khoán, công ty đầu tư chứng khoán, công ty quản lý quỹ, quỹ đầu tư chứng khoán, doanh nghiệp kinh doanh bảo hiểm, Tổng công ty Đầu tư và kinh doanh vốn nhà nước phải đảm bảo tuân thủ tỷ lệ đầu tư an toàn theo quy định của Bộ Tài chính và pháp luật chuyên ngành. 
 2. Hoạt động đầu tư gián tiếp ra nước ngoài của ngân hàng thương mại, công ty tài chính tổng hợp phải đảm bảo tuân thủ tỷ lệ đầu tư an toàn theo quy định của Ngân hàng Nhà nước Việt Nam và pháp luật chuyên ngành.",content.csv,Nghị định số 135/2015/NĐ-CP Quy định về đầu tư gián tiếp ra nước ngoài,Nghị định,15/02/2016,Hết hiệu lực một phần,"[""Admin"", ""Staff"", ""Guest""]"
95652_art_17,95652,"Điều 17. Đăng ký hạn mức tự doanh 
 1. Tổ chức tự doanh phải đăng ký hạn mức tự doanh với Ngân hàng Nhà nước Việt Nam. 
 2. Tổ chức tự doanh chỉ được đầu tư gián tiếp ra nước ngoài sau khi được Ngân hàng Nhà nước Việt Nam xác nhận đăng ký hạn mức tự doanh bằng văn bản và chỉ được đầu tư gián tiếp ra nước ngoài trong hạn mức tự doanh do Ngân hàng Nhà nước Việt Nam xác nhận đăng ký. 
 Chương III 
 ỦY THÁC ĐẦU TƯ, NHẬN ỦY THÁC ĐẦU TƯ GIÁN TIẾP RA NƯỚC NGOÀI 
 Mục 1&nbsp; 
 ỦY THÁC ĐẦU TƯ GIÁN TIẾP RA NƯỚC NGOÀI",content.csv,Nghị định số 135/2015/NĐ-CP Quy định về đầu tư gián tiếp ra nước ngoài,Nghị định,15/02/2016,Hết hiệu lực một phần,"[""Admin"", ""Staff""]"
95652_art_18,95652,"Điều 18. Đối tượng được phép ủy thác đầu tư gián tiếp ra nước ngoài 
 Tổ chức kinh tế chỉ được đầu tư gián tiếp ra nước ngoài thông qua hình thức ủy thác đầu tư cho các tổ chức được phép nhận ủy thác đầu tư quy định tại",content.csv,Nghị định số 135/2015/NĐ-CP Quy định về đầu tư gián tiếp ra nước ngoài,Nghị định,15/02/2016,Hết hiệu lực một phần,"[""Admin"", ""Staff"", ""Guest""]"
95652_art_21,95652,"Điều 21 Nghị định này, trừ các đối tượng quy định tại Khoản 4",content.csv,Nghị định số 135/2015/NĐ-CP Quy định về đầu tư gián tiếp ra nước ngoài,Nghị định,15/02/2016,Hết hiệu lực một phần,"[""Admin"", ""Staff"", ""Guest""]"
95652_art_19,95652,Điều 19 Nghị định này.,content.csv,Nghị định số 135/2015/NĐ-CP Quy định về đầu tư gián tiếp ra nước ngoài,Nghị định,15/02/2016,Hết hiệu lực một phần,"[""Admin"", ""Staff"", ""Guest""]"
95652_art_20,95652,"Điều 20. Điều kiện để ủy thác đầu tư gián tiếp ra nước ngoài 
 Để được ủy thác đầu tư gián tiếp ra nước ngoài, tổ chức kinh tế phải đáp ứng các điều kiện sau: 
 1. Có lãi trong 05 năm liên tục liền trước năm thực hiện ủy thác đầu tư gián tiếp ra nước ngoài được thể hiện trên báo cáo tài chính đã được kiểm toán độc lập bởi các tổ chức kiểm toán độc lập và không có ý kiến ngoại trừ trọng yếu theo quy định của Bộ Tài chính (không áp dụng đối với quỹ đầu tư chứng khoán, công ty đầu tư chứng khoán). 
 2. Thực hiện đầy đủ các nghĩa vụ tài chính với Nhà nước, không có nợ thuế đối với ngân sách nhà nước. 
 3. Có tài liệu chứng minh về nguồn ngoại tệ trên tài khoản để ủy thác đầu tư gián tiếp ra nước ngoài là ngoại tệ tự có. 
 4. Có phương án đầu tư gián tiếp ra nước ngoài được cấp có thẩm quyền của tổ chức kinh tế (đại hội đồng cổ đông, hội đồng quản trị, hội đồng thành viên và tương đương) hoặc cấp có thẩm quyền khác thông qua theo quy định của pháp luật. 
 5. Tuân thủ các quy định của pháp luật về quản lý và sử dụng vốn nhà nước (đối với trường hợp tổ chức ủy thác là tổ chức kinh tế có sở hữu vốn nhà nước). 
 Mục 2 
 NHẬN ỦY THÁC ĐẦU TƯ GIÁN TIẾP RA NƯỚC NGOÀI",content.csv,Nghị định số 135/2015/NĐ-CP Quy định về đầu tư gián tiếp ra nước ngoài,Nghị định,15/02/2016,Hết hiệu lực một phần,"[""Admin"", ""Staff"", ""Guest""]"
95652_art_22,95652,"Điều 22. Nguyên tắc nhận ủy thác đầu tư gián tiếp ra nước ngoài 
 1. Hoạt động nhận ủy thác đầu tư gián tiếp ra nước ngoài phải được lập thành hợp đồng bằng văn bản theo quy định tại Khoản 2",content.csv,Nghị định số 135/2015/NĐ-CP Quy định về đầu tư gián tiếp ra nước ngoài,Nghị định,15/02/2016,Hết hiệu lực một phần,"[""Admin"", ""Staff"", ""Guest""]"
95652_art_24,95652,"Điều 24. Thẩm quyền, trình tự, thủ tục cấp, thu hồi giấy chứng nhận đăng ký hoạt động nhận ủy thác đầu tư gián tiếp ra nước ngoài 
 1. Bộ Tài chính thực hiện: 
 a) Quy định chi tiết về quy trình, thủ tục cấp, thu hồi giấy chứng nhận đăng ký hoạt động nhận ủy thác đầu tư gián tiếp ra nước ngoài cho tổ chức nhận ủy thác là công ty quản lý quỹ; 
 b) Xem xét cấp, thu hồi giấy chứng nhận đăng ký hoạt động nhận ủy thác đầu tư gián tiếp ra nước ngoài cho công ty quản lý quỹ được thực hiện hoạt động nhận ủy thác đầu tư gián tiếp ra nước ngoài. 
 2. Ngân hàng Nhà nước Việt Nam thực hiện: 
 a) Quy định chi tiết về quy trình, thủ tục cấp, thu hồi giấy chứng nhận đăng ký hoạt động nhận ủy thác đầu tư gián tiếp ra nước ngoài cho tổ chức nhận ủy thác là ngân hàng thương mại; 
 b) Xem xét cấp, thu hồi giấy chứng nhận đăng ký hoạt động nhận ủy thác đầu tư gián tiếp ra nước ngoài cho ngân hàng thương mại được thực hiện hoạt động nhận ủy thác đầu tư gián tiếp ra nước ngoài.",content.csv,Nghị định số 135/2015/NĐ-CP Quy định về đầu tư gián tiếp ra nước ngoài,Nghị định,15/02/2016,Hết hiệu lực một phần,"[""Admin"", ""Staff"", ""Guest""]"
95652_art_25,95652,"Điều 25. Đăng ký hạn mức nhận ủy thác 
 1. Tổ chức nhận ủy thác phải đăng ký hạn mức nhận ủy thác với Ngân hàng Nhà nước Việt Nam. 
 2. Tổ chức nhận ủy thác chỉ được nhận ủy thác đầu tư gián tiếp ra nước ngoài sau khi được Ngân hàng Nhà nước Việt Nam xác nhận đăng ký hạn mức nhận ủy thác bằng văn bản và chỉ được nhận ủy thác đầu tư trong hạn mức nhận ủy thác do Ngân hàng Nhà nước Việt Nam xác nhận đăng ký. 
 Chương IV 
 TỔNG HẠN MỨC ĐẦU TƯ GIÁN TIẾP RA NƯỚC NGOÀI HÀNG NĂM, 
 HẠN MỨC TỰ DOANH, HẠN MỨC NHẬN ỦY THÁC",content.csv,Nghị định số 135/2015/NĐ-CP Quy định về đầu tư gián tiếp ra nước ngoài,Nghị định,15/02/2016,Hết hiệu lực một phần,"[""Admin"", ""Staff""]"
95652_art_26,95652,"Điều 26. Tổng hạn mức đầu tư gián tiếp ra nước ngoài hàng năm 
 1. Tổng hạn mức đầu tư gián tiếp ra nước ngoài hàng năm được xây dựng trên các cơ sở sau: 
 a) Tình hình thực hiện cán cân thanh toán của năm liền trước và dự báo cán cân thanh toán của năm xây dựng tổng hạn mức; 
 b) Quy mô dự trữ ngoại hối Nhà nước; 
 c) Tình hình hoạt động đầu tư nước ngoài vào Việt Nam và đầu tư của Việt Nam ra nước ngoài; 
 d) Tình hình kinh tế vĩ mô và mục tiêu điều hành chính sách tiền tệ trong năm xây dựng tổng hạn mức đầu tư gián tiếp ra nước ngoài. 
 2. Quy trình xây dựng tổng hạn mức đầu tư gián tiếp ra nước ngoài: 
 a) Chậm nhất ngày 15 tháng 3 hàng năm, Ngân hàng Nhà nước Việt Nam chủ trì, phối hợp với Bộ Tài chính, Bộ Kế hoạch và Đầu tư xây dựng tổng hạn mức đầu tư gián tiếp ra nước ngoài trình Thủ tướng Chính phủ phê duyệt; 
 b) Chậm nhất ngày 31 tháng 3 hàng năm, Thủ tướng Chính phủ thực hiện phê duyệt tổng hạn mức đầu tư gián tiếp ra nước ngoài. 
 c) Trường hợp trong khoảng thời gian Thủ tương Chính phủ chưa phê duyệt tổng hạn mức đầu tư gián tiếp ra nước ngoài trong năm, Ngân hàng Nhà nước Việt Nam được phép xem xét, xác nhận đăng ký hạn mức tự doanh, hạn mức nhận ủy thác tạm thời cho tổ chức tự doanh đầu tư, tổ chức nhận ủy thác đầu tư tối đa không quá 50% hạn mức tự doanh, hạn mức nhận ủy thác đã được Ngân hàng Nhà nước Việt Nam xác nhận đăng ký của năm liền trước.",content.csv,Nghị định số 135/2015/NĐ-CP Quy định về đầu tư gián tiếp ra nước ngoài,Nghị định,15/02/2016,Hết hiệu lực một phần,"[""Admin"", ""Staff""]"
95652_art_27,95652,"Điều 27. Hạn mức tự doanh 
 1. Hàng năm, Ngân hàng Nhà nước Việt Nam thực hiện xác nhận đăng ký hạn mức tự doanh cho tổ chức tự doanh dựa trên các cơ sở sau: 
 a) Tổng hạn mức đầu tư gián tiếp ra nước ngoài hàng năm được Thủ tướng Chính phủ phê duyệt; 
 b) Quy mô vốn của tổ chức tự doanh là công ty chứng khoán, công ty quản lý quỹ, doanh nghiệp kinh doanh bảo hiểm, ngân hàng thương mại, công ty tài chính tổng hợp, tổng công ty đầu tư và kinh doanh vốn nhà nước; quy mô tài sản của tổ chức tự doanh là quỹ đầu tư chứng khoán, công ty đầu tư chứng khoán; 
 c) Tỷ lệ đầu tư an toàn của tổ chức tự doanh do cơ quan quản lý nhà nước có thẩm quyền quy định (không áp dụng đối với Tổng công ty đầu tư và kinh doanh vốn nhà nước); 
 d) Tình hình hoạt động đầu tư gián tiếp ra nước ngoài của tổ chức tự doanh của các năm trước; 
 đ) Tình hình kinh tế vĩ mô và mục tiêu chính sách tiền tệ trong từng thời kỳ. 
 2. Chậm nhất ngày 15 tháng 4 hàng năm, tổ chức tự doanh có nhu cầu đầu tư gián tiếp ra nước ngoài phải gửi hồ sơ đăng ký hạn mức tự doanh trực tiếp hoặc qua đường bưu điện đến Ngân hàng Nhà nước Việt Nam. 
 3. Chậm nhất ngày 15 tháng 5 hàng năm, căn cứ cơ sở xác nhận đăng ký hạn mức tự doanh tại Khoản 1 Điều này và hồ sơ hợp lệ của tổ chức tự doanh, Ngân hàng Nhà nước Việt Nam thực hiện xác nhận đăng ký hạn mức tự doanh cho các tổ chức tự doanh. Trường hợp không xác nhận đăng ký, Ngân hàng Nhà nước Việt Nam có văn bản nêu rõ lý do. 
 4. Ngân hàng Nhà nước Việt Nam quy định về việc xác định hạn mức tự doanh, trình tự, thủ tục, đăng ký, xác nhận đăng ký hạn mức tự doanh.",content.csv,Nghị định số 135/2015/NĐ-CP Quy định về đầu tư gián tiếp ra nước ngoài,Nghị định,15/02/2016,Hết hiệu lực một phần,"[""Admin"", ""Staff""]"
95652_art_28,95652,"Điều 28. Hạn mức nhận ủy thác 
 1. Hàng năm, Ngân hàng Nhà nước Việt Nam thực hiện xác nhận đăng ký hạn mức nhận ủy thác cho tổ chức nhận ủy thác dựa trên các cơ sở sau: 
 a) Tổng hạn mức đầu tư gián tiếp ra nước ngoài hàng năm được Thủ tướng Chính phủ phê duyệt; 
 b) Quy mô vốn của tổ chức nhận ủy thác là ngân hàng thương mại, quy mô tài sản ủy thác của tổ chức nhận ủy thác là công ty quản lý quỹ; 
 c) Hạn mức tự doanh đã được Ngân hàng Nhà nước Việt Nam xác nhận đăng ký (nếu có); 
 d) Tình hình hoạt động nhận ủy thác đầu tư gián tiếp ra nước ngoài của tổ chức nhận ủy thác của các năm trước; 
 đ) Tình hình kinh tế vĩ mô và mục tiêu chính sách tiền tệ trong từng thời kỳ. 
 2. Chậm nhất ngày 15 tháng 4 hàng năm, tổ chức nhận ủy thác có nhu cầu nhận ủy thác đầu tư gián tiếp ra nước ngoài phải nộp hồ sơ đăng ký hạn mức nhận ủy thác trực tiếp hoặc qua đường bưu điện đến Ngân hàng Nhà nước Việt Nam. 
 3. Chậm nhất ngày 15 tháng 5 hàng năm, căn cứ cơ sở xác nhận đăng ký hạn mức nhận ủy thác tại Khoản 1 Điều này và hồ sơ hợp lệ của tổ chức nhận ủy thác, Ngân hàng Nhà nước Việt Nam thực hiện xác nhận đăng ký hạn mức nhận ủy thác cho các tổ chức nhận ủy thác. Trường hợp không xác nhận đăng ký, Ngân hàng Nhà nước Việt Nam có văn bản nêu rõ lý do. 
 4. Ngân hàng Nhà nước Việt Nam quy định về việc xác định hạn mức nhận ủy thác, trình tự, thủ tục, đăng ký, xác nhận đăng ký hạn mức nhận ủy thác. 
 Chương V 
 THẨM QUYỀN CỦA THỦ TƯỚNG CHÍNH PHỦ, TRÁCH NHIỆM CỦA CÁC 
 BỘ NGÀNH, NHÀ ĐẦU TƯ VÀ CÁC ĐỐI TƯỢNG LIÊN QUAN",content.csv,Nghị định số 135/2015/NĐ-CP Quy định về đầu tư gián tiếp ra nước ngoài,Nghị định,15/02/2016,Hết hiệu lực một phần,"[""Admin"", ""Staff""]"
95652_art_29,95652,"Điều 29. Thẩm quyền của Thủ tướng Chính phủ 
 1. Phê duyệt tổng hạn mức đầu tư gián tiếp ra nước ngoài hàng năm. 
 2. Quyết định cho phép các trường hợp đầu tư gián tiếp ra nước ngoài theo quy định tại",content.csv,Nghị định số 135/2015/NĐ-CP Quy định về đầu tư gián tiếp ra nước ngoài,Nghị định,15/02/2016,Hết hiệu lực một phần,"[""Admin"", ""Staff""]"
95652_art_30,95652,"Điều 30. Trách nhiệm của Ngân hàng Nhà nước Việt Nam 
 1. Thực hiện trách nhiệm quản lý nhà nước theo chức năng, nhiệm vụ, thẩm quyền đối với hoạt động đầu tư gián tiếp ra nước ngoài quy định tại Nghị định này. 
 2. Chủ trì, phối hợp với Bộ Tài chính, Bộ Kế hoạch và Đầu tư xây dựng tổng hạn mức đầu tư gián tiếp ra nước ngoài hàng năm trình Thủ tướng Chính phủ phê duyệt theo quy định tại",content.csv,Nghị định số 135/2015/NĐ-CP Quy định về đầu tư gián tiếp ra nước ngoài,Nghị định,15/02/2016,Hết hiệu lực một phần,"[""Admin"", ""Staff""]"
95652_art_35,95652,"Điều 35 Nghị định này. 
 5. Thực hiện quản lý ngoại hối đối với hoạt động đầu tư gián tiếp ra nước ngoài. 
 6. Kiểm tra, giám sát tình hình thực hiện hoạt động đầu tư gián tiếp ra nước ngoài của nhà đầu tư. 
 7. Chủ trì, phối hợp Bộ Tài chính tổng hợp số liệu, đánh giá tình hình đầu tư gián tiếp ra nước ngoài của nhà đầu tư, báo cáo Thủ tướng Chính phủ hàng năm về việc thực hiện đầu tư gián tiếp ra nước ngoài của nhà đầu tư theo quy định tại Nghị định này.",content.csv,Nghị định số 135/2015/NĐ-CP Quy định về đầu tư gián tiếp ra nước ngoài,Nghị định,15/02/2016,Hết hiệu lực một phần,"[""Admin"", ""Staff"", ""Guest""]"
95652_art_31,95652,"Điều 31. Trách nhiệm của Bộ Tài chính 
 1. Quy định về quy trình, thủ tục cấp, thu hồi giấy chứng nhận đăng ký đầu tư gián tiếp ra nước ngoài đối với tổ chức tự doanh là công ty chứng khoán, công ty quản lý quỹ, doanh nghiệp kinh doanh bảo hiểm; quy định về hình thức, quy trình, thủ tục cấp, thu hồi văn bản chấp thuận cho phép đầu tư gián tiếp ra nước ngoài đối với tổ chức tự doanh là quỹ đầu tư chứng khoán, công ty đầu tư chứng khoán. 
 2. Quy định về quy trình, thủ tục cấp, thu hồi giấy chứng nhận đăng ký hoạt động nhận ủy thác đầu tư gián tiếp ra nước ngoài đối với tổ chức nhận ủy thác là công ty quản lý quỹ. 
 3. Quy định về tỷ lệ đầu tư an toàn cho tổ chức tự doanh là công ty chứng khoán, công ty quản lý quỹ, công ty đầu tư chứng khoán, quỹ đầu tư chứng khoán, doanh nghiệp kinh doanh bảo hiểm, Tổng công ty đầu tư và kinh doanh vốn nhà nước. 
 4. Kiểm tra, thanh tra, giám sát theo thẩm quyền việc tuân thủ các quy định liên quan đến hoạt động tự doanh đầu tư, nhận ủy thác đầu tư gián tiếp ra nước ngoài của công ty chứng khoán, công ty quản lý quỹ, quỹ đầu tư chứng khoán, công ty đầu tư chứng khoán, doanh nghiệp kinh doanh bảo hiểm, Tổng công ty đầu tư và kinh doanh vốn nhà nước. 
 5. Quy định chế độ báo cáo về tình hình tự doanh đầu tư gián tiếp ra nước ngoài đối với tổ chức tự doanh là công ty chứng khoán, công ty quản lý quỹ, quỹ đầu tư chứng khoán, công ty đầu tư chứng khoán, doanh nghiệp kinh doanh bảo hiểm, Tổng công ty đầu tư và kinh doanh vốn nhà nước; tình hình nhận ủy thác đầu tư gián tiếp ra nước ngoài đối với tổ chức nhận ủy thác là công ty quản lý quỹ quy định tại",content.csv,Nghị định số 135/2015/NĐ-CP Quy định về đầu tư gián tiếp ra nước ngoài,Nghị định,15/02/2016,Hết hiệu lực một phần,"[""Admin"", ""Staff"", ""Guest""]"
95652_art_32,95652,"Điều 32. Trách nhiệm của Bộ Kế hoạch và Đầu tư 
 1. Phối hợp Ngân hàng Nhà nước Việt Nam xây dựng tổng hạn mức đầu tư gián tiếp ra nước ngoài hàng năm trình&nbsp;Thủ tướng Chính phủ phê duyệt theo quy định tại",content.csv,Nghị định số 135/2015/NĐ-CP Quy định về đầu tư gián tiếp ra nước ngoài,Nghị định,15/02/2016,Hết hiệu lực một phần,"[""Admin"", ""Staff""]"
95652_art_33,95652,"Điều 33. Trách nhiệm của nhà đầu tư 
 1. Tuân thủ quy định tại Nghị định này, các quy định hiện hành về quản lý ngoại hối, phòng chống rửa tiền và các quy định khác của pháp luật Việt Nam có liên quan khi thực hiện đầu tư gián tiếp ra nước ngoài. 
 2. Chịu trách nhiệm về tính hợp pháp của nguồn ngoại tệ sử dụng để đầu tư gián tiếp ra nước ngoài. 
 3. Chịu trách nhiệm trước pháp luật về năng lực pháp lý, năng lực tài chính, hiệu quả kinh tế và rủi ro đối với số vốn sử dụng để tự doanh đầu tư, ủy thác đầu tư gián tiếp ra nước ngoài. 
 4. Tuân thủ chế độ báo cáo theo quy định tại",content.csv,Nghị định số 135/2015/NĐ-CP Quy định về đầu tư gián tiếp ra nước ngoài,Nghị định,15/02/2016,Hết hiệu lực một phần,"[""Admin"", ""Staff""]"
95652_art_34,95652,"Điều 34. Trách nhiệm của ngân hàng thương mại, chi nhánh ngân hàng nước ngoài được phép cung ứng dịch vụ ngoại hối 
 Khi thực hiện các giao dịch thu, chi liên quan đến hoạt động đầu tư gián tiếp ra nước ngoài cho nhà đầu tư, ngân hàng thương mại, chi nhánh ngân hàng nước ngoài được phép cung ứng dịch vụ ngoại hối tại Việt Nam có trách nhiệm xem xét, kiểm tra, lưu giữ các giấy tờ và các chứng từ phù hợp với các giao dịch thực tế để đảm bảo việc cung ứng các dịch vụ ngoại hối được thực hiện đúng mục đích và phù hợp với quy định của pháp luật.",content.csv,Nghị định số 135/2015/NĐ-CP Quy định về đầu tư gián tiếp ra nước ngoài,Nghị định,15/02/2016,Hết hiệu lực một phần,"[""Admin"", ""Staff"", ""Guest""]"
95652_art_36,95652,"Điều 36. Thanh tra, kiểm tra, giám sát 
 1. Việc thanh tra, kiểm tra, giám sát hoạt động đầu tư gián tiếp ra nước ngoài theo quy định tại Nghị định này thực hiện theo quy định của pháp luật về thanh tra, kiểm tra, giám sát. 
 2. Ngân hàng Nhà nước Việt Nam thực hiện thanh tra, kiểm tra, giám sát tình hình thực hiện tự doanh đầu tư gián tiếp ra nước ngoài của ngân hàng thương mại, công ty tài chính tổng hợp; tình hình nhận ủy thác đầu tư gián tiếp ra nước ngoài của ngân hàng thương mại. 
 3. Bộ Tài chính thực hiện thanh tra, kiểm tra, giám sát tình hình thực hiện tự doanh đầu tư gián tiếp ra nước ngoài của công ty chứng khoán, công ty đầu tư chứng khoán, công ty quản lý quỹ, quỹ đầu tư chứng khoán, doanh nghiệp kinh doanh bảo hiểm, Tổng công ty đầu tư và kinh doanh vốn nhà nước; tình hình nhận ủy thác đầu tư gián tiếp ra nước ngoài của công ty quản lý quỹ.",content.csv,Nghị định số 135/2015/NĐ-CP Quy định về đầu tư gián tiếp ra nước ngoài,Nghị định,15/02/2016,Hết hiệu lực một phần,"[""Admin"", ""Staff"", ""Guest""]"
95652_art_37,95652,"Điều 37. Xử lý vi phạm 
 Tổ chức, cá nhân vi phạm quy định tại Nghị định này, tùy theo tính chất, mức độ vi phạm sẽ bị xử lý vi phạm hành chính hoặc truy cứu trách nhiệm hình sự theo quy định của pháp luật. 
 Chương VI 
 ĐIỀU KHOẢN THI HÀNH",content.csv,Nghị định số 135/2015/NĐ-CP Quy định về đầu tư gián tiếp ra nước ngoài,Nghị định,15/02/2016,Hết hiệu lực một phần,"[""Admin"", ""Staff"", ""Guest""]"
95652_art_38,95652,"Điều 38. Hiệu lực thi hành 
 Nghị định này có hiệu lực thi hành kể từ ngày 15 tháng 02 năm 2016.",content.csv,Nghị định số 135/2015/NĐ-CP Quy định về đầu tư gián tiếp ra nước ngoài,Nghị định,15/02/2016,Hết hiệu lực một phần,"[""Admin"", ""Staff"", ""Guest""]"
95652_art_39,95652,"Điều 39. Trách nhiệm thi hành 
 1. Ngân hàng Nhà nước Việt Nam, Bộ Tài chính có trách nhiệm hướng dẫn và tổ chức thực hiện Nghị định này. 
 2. Các Bộ trưởng, Thủ trưởng cơ quan ngang Bộ, Thủ trưởng cơ quan thuộc Chính phủ, Chủ tịch Ủy ban nhân dân tỉnh, thành phố trực thuộc Trung ương và các tổ chức, cá nhân có liên quan chịu trách nhiệm tổ chức thi hành Nghị định này./ 
 
 
 
 
 
 
 
 
 Nơi nhận: - Ban Bí thư Trung ương Đảng; - Thủ tướng, các Phó Thủ tướng Chính phủ; - Các Bộ, cơ quan ngang Bộ, cơ quan thuộc Chính phủ;&nbsp; - HĐND, UBND các tỉnh, thành phố trực thuộc Trung ương; - Văn phòng Trung ương và các Ban của Đảng;&nbsp; - Văn phòng Tổng Bí thư; - Văn phòng Chủ tịch nước; - Hội đồng Dân tộc và các Ủy ban của Quốc hội; - Văn phòng Quốc hội; - Tòa án nhân dân tối cao; - Viện Kiểm sát nhân dân tối cao; - Kiểm toán Nhà nước; - Ủy ban Giám sát tài chính Quốc gia; - Ngân hàng Chính sách xã hội; - Ngân hàng Phát triển Việt Nam; - Ủy ban Trung ương Mặt trận Tổ quốc Việt Nam; - Cơ quan Trung ương của các đoàn thể; - VPCP: BTCN, các PCN, Trợ lý TTg, TGĐ Cổng TTĐT, các Vụ, Cục, đơn vị trực thuộc, Công báo; - Lưu: VT, KTTH (3b).KN 225 
 
 
 TM. CHÍNH PHỦ 
 THỦ TƯỚNG CHÍNH PHỦ 
 
 
 (Đã ký) 
 
 
 Nguyễn Tấn Dũng",content.csv,Nghị định số 135/2015/NĐ-CP Quy định về đầu tư gián tiếp ra nước ngoài,Nghị định,15/02/2016,Hết hiệu lực một phần,"[""Admin"", ""Staff"", ""Guest""]"
25692_chunk_1,25692,"LUẬT 
 
	 Ngân hàng Nhà nước Việt Nam 
 
	 ________________ 
 
	 Căn cứ Hiến pháp nước Cộng hoà xã hội chủ nghĩa Việt Nam năm 1992 đã được sửa đổi, bổ sung một số điều theo Nghị quyết số 51/2001/QH10; 
 
	 Quốc hội ban hành Luật Ngân hàng Nhà nước Việt Nam. 
 
	 Chương I 
 
	 NHỮNG QUY ĐỊNH CHUNG",content.csv,Ngân hàng Nhà nước Việt Nam,Luật,01/01/2011,Hết hiệu lực một phần,"[""Admin"", ""Staff"", ""Guest""]"
25692_art_1,25692,"Điều 1. Phạm vi điều chỉnh 
 
	 Luật này quy định về tổ chức và hoạt động của Ngân hàng Nhà nước Việt Nam.",content.csv,Ngân hàng Nhà nước Việt Nam,Luật,01/01/2011,Hết hiệu lực một phần,"[""Admin"", ""Staff"", ""Guest""]"
25692_art_2,25692,"Điều 2. Vị trí và chức năng của Ngân hàng Nhà nước Việt Nam 
 
	 1. Ngân hàng Nhà nước Việt Nam (sau đây gọi là Ngân hàng Nhà nước) là cơ quan ngang bộ của Chính phủ, là Ngân hàng trung ương của nước Cộng hoà xã hội chủ nghĩa Việt Nam. 
 
	 2. Ngân hàng Nhà nước là pháp nhân, có vốn pháp định thuộc sở hữu nhà nước, có trụ sở chính tại Thủ đô Hà Nội. 
 
	 3. Ngân hàng Nhà nước thực hiện chức năng quản lý nhà nước về tiền tệ, hoạt động ngân hàng và ngoại hối (sau đây gọi là tiền tệ và ngân hàng); thực hiện chức năng của Ngân hàng trung ương về phát hành tiền, ngân hàng của các tổ chức tín dụng và cung ứng dịch vụ tiền tệ cho Chính phủ.",content.csv,Ngân hàng Nhà nước Việt Nam,Luật,01/01/2011,Hết hiệu lực một phần,"[""Admin"", ""Staff""]"
25692_art_3,25692,"Điều 3. Chính sách tiền tệ quốc gia và thẩm quyền quyết định chính sách tiền tệ quốc gia 
 
	 1. Chính sách tiền tệ quốc gia là các quyết định về tiền tệ ở tầm quốc gia của cơ quan nhà nước có thẩm quyền, bao gồm quyết định mục tiêu ổn định giá trị đồng tiền biểu hiện bằng chỉ tiêu lạm phát, quyết định sử dụng các công cụ và biện pháp để thực hiện mục tiêu đề ra. 
 
	 2. Quốc hội quyết định chỉ tiêu lạm phát hằng năm được thể hiện thông qua việc quyết định chỉ số giá tiêu dùng và giám sát việc thực hiện chính sách tiền tệ quốc gia. 
 
	 3. Chủ tịch nước thực hiện nhiệm vụ, quyền hạn do Hiến pháp và pháp luật quy định trong việc đàm phán, ký kết, gia nhập điều ước quốc tế nhân danh Nhà nước Cộng hòa xã hội chủ nghĩa Việt Nam về lĩnh vực tiền tệ và ngân hàng. 
 
	 4. Chính phủ trình Quốc hội quyết định chỉ tiêu lạm phát hằng năm. Thủ tướng Chính phủ, Thống đốc Ngân hàng Nhà nước quyết định việc sử dụng các công cụ và biện pháp điều hành để thực hiện mục tiêu chính sách tiền tệ quốc gia theo quy định của Chính phủ.",content.csv,Ngân hàng Nhà nước Việt Nam,Luật,01/01/2011,Hết hiệu lực một phần,"[""Admin"", ""Staff"", ""Guest""]"
25692_art_4,25692,"Điều 4. Nhiệm vụ, quyền hạn của Ngân hàng Nhà nước 
 
	 1. Hoạt động của Ngân hàng Nhà nước nhằm ổn định giá trị đồng tiền; bảo đảm an toàn hoạt động ngân hàng và hệ thống các tổ chức tín dụng; bảo đảm sự an toàn, hiệu quả của hệ thống thanh toán quốc gia; góp phần thúc đẩy phát triển kinh tế - xã hội theo định hướng xã hội chủ nghĩa. 
 
	 2. Tham gia xây dựng chiến lược và kế hoạch phát triển kinh tế - xã hội của đất nước. 
 
	 3. Xây dựng chiến lược phát triển ngành ngân hàng trình cơ quan nhà nước có thẩm quyền phê duyệt và tổ chức thực hiện. 
 
	 4. Ban hành hoặc trình cơ quan nhà nước có thẩm quyền ban hành văn bản quy phạm pháp luật về tiền tệ và ngân hàng; tuyên truyền, phổ biến và kiểm tra theo thẩm quyền văn bản quy phạm pháp luật về tiền tệ và ngân hàng. 
 
	 5. Xây dựng chỉ tiêu lạm phát hằng năm để Chính phủ trình Quốc hội quyết định và tổ chức thực hiện. 
 
	 6. Tổ chức, điều hành và phát triển thị trường tiền tệ. 
 
	 7. Tổ chức hệ thống thống kê, dự báo về tiền tệ và ngân hàng; công khai thông tin về tiền tệ và ngân hàng theo quy định của pháp luật. 
 
	 8. Tổ chức in, đúc, bảo quản, vận chuyển tiền giấy, tiền kim loại; thực hiện nghiệp vụ phát hành, thu hồi, thay thế và tiêu huỷ tiền giấy, tiền kim loại. 
 
	 9. Cấp, sửa đổi, bổ sung, thu hồi giấy phép thành lập và hoạt động của tổ chức tín dụng, giấy phép thành lập chi nhánh ngân hàng nước ngoài, giấy phép thành lập văn phòng đại diện của tổ chức tín dụng nước ngoài, tổ chức nước ngoài khác có hoạt động ngân hàng; cấp, thu hồi giấy phép hoạt động cung ứng dịch vụ trung gian thanh toán cho các tổ chức không phải là ngân hàng; cấp, thu hồi giấy phép hoạt động cung ứng dịch vụ thông tin tín dụng cho các tổ chức; chấp thuận việc mua, bán, chia, tách, hợp nhất, sáp nhập và giải thể tổ chức tín dụng theo quy định của pháp luật. 
 
	 10. Thực hiện đại diện chủ sở hữu phần vốn của Nhà nước tại doanh nghiệp thực hiện chức năng, nhiệm vụ của Ngân hàng Nhà nước, tổ chức tín dụng có vốn nhà nước theo quy định của pháp luật; được sử dụng vốn pháp định để góp vốn thành lập doanh nghiệp đặc thù nhằm thực hiện chức năng, nhiệm vụ của Ngân hàng Nhà nước theo quyết định của Thủ tướng Chính phủ. 
 
	 11. Kiểm tra, thanh tra, giám sát ngân hàng; xử lý vi phạm pháp luật về tiền tệ và ngân hàng theo quy định của pháp luật. 
 
	 12. Quyết định áp dụng biện pháp xử lý đặc biệt đối với tổ chức tín dụng vi phạm nghiêm trọng các quy định của pháp luật về tiền tệ và ngân hàng, gặp khó khăn về tài chính, có nguy cơ gây mất an toàn cho hệ thống ngân hàng, gồm mua cổ phần của tổ chức tín dụng; đình chỉ, tạm đình chỉ, miễn nhiệm chức vụ người quản lý, người điều hành của tổ chức tín dụng; quyết định sáp nhập, hợp nhất, giải thể tổ chức tín dụng; đặt tổ chức tín dụng vào tình trạng kiểm soát đặc biệt; thực hiện nhiệm vụ, quyền hạn của mình theo quy định của pháp luật về phá sản đối với tổ chức tín dụng. 
 
	 13. Chủ trì, phối hợp với các cơ quan hữu quan xây dựng chính sách, kế hoạch và tổ chức thực hiện phòng, chống rửa tiền. 
 
	 14. Thực hiện quản lý nhà nước về bảo hiểm tiền gửi theo quy định của pháp luật về bảo hiểm tiền gửi. 
 
	 15. Chủ trì lập, theo dõi, dự báo và phân tích kết quả thực hiện cán cân thanh toán quốc tế. 
 
	 16. Tổ chức, quản lý, giám sát hệ thống thanh toán quốc gia, cung ứng dịch vụ thanh toán cho các ngân hàng; tham gia tổ chức và giám sát sự vận hành của các hệ thống thanh toán trong nền kinh tế. 
 
	 17. Quản lý nhà nước về ngoại hối, hoạt động ngoại hối và hoạt động kinh doanh vàng. 
 
	 18. Quản lý Dự trữ ngoại hối nhà nước. 
 
	 19. Quản lý việc vay, trả nợ, cho vay và thu hồi nợ nước ngoài theo quy định của pháp luật. 
 
	 20. Chủ trì, phối hợp với cơ quan có liên quan chuẩn bị nội dung, tiến hành đàm phán, ký kết điều ước quốc tế với tổ chức tài chính, tiền tệ quốc tế mà Ngân hàng Nhà nước là đại diện và là đại diện chính thức của người vay quy định tại điều ước quốc tế theo phân công, uỷ quyền của Chủ tịch nước hoặc Chính phủ. 
 
	 21. Tổ chức thực hiện hợp tác quốc tế về tiền tệ và ngân hàng. 
 
	 22. Đại diện cho Nhà nước Cộng hoà xã hội chủ nghĩa Việt Nam tại các tổ chức tiền tệ và ngân hàng quốc tế. 
 
	 23. Tổ chức hệ thống thông tin tín dụng và cung ứng dịch vụ thông tin tín dụng; thực hiện chức năng quản lý nhà nước đối với các tổ chức hoạt động thông tin tín dụng. 
 
	 24. Làm đại lý và thực hiện các dịch vụ ngân hàng cho Kho bạc Nhà nước. 
 
	 25. Tham gia với Bộ Tài chính về việc phát hành trái phiếu Chính phủ, trái phiếu do Chính phủ bảo lãnh. 
 
	 26. Tổ chức đào tạo, bồi dưỡng nghiệp vụ về tiền tệ và ngân hàng; nghiên cứu, ứng dụng khoa học và công nghệ ngân hàng. 
 
	 27. Nhiệm vụ, quyền hạn khác theo quy định của pháp luật.",content.csv,Ngân hàng Nhà nước Việt Nam,Luật,01/01/2011,Hết hiệu lực một phần,"[""Admin"", ""Staff""]"
25692_art_5,25692,"Điều 5. Trách nhiệm của bộ, cơ quan ngang bộ, Uỷ ban nhân dân các cấp 
 
	 Bộ, cơ quan ngang bộ, Uỷ ban nhân dân các cấp trong phạm vi nhiệm vụ, quyền hạn của mình phối hợp với Ngân hàng Nhà nước trong việc quản lý nhà nước về tiền tệ và ngân hàng.",content.csv,Ngân hàng Nhà nước Việt Nam,Luật,01/01/2011,Hết hiệu lực một phần,"[""Admin"", ""Staff"", ""Guest""]"
25692_art_6,25692,"Điều 6. Giải thích từ ngữ 
 
	 Trong Luật này, các từ ngữ dưới đây được hiểu như sau: 
 
	 1. Hoạt động ngân hàng là việc kinh doanh, cung ứng thường xuyên một hoặc một số nghiệp vụ sau đây: 
 
	 a) Nhận tiền gửi; 
 
	 b) Cấp tín dụng; 
 
	 c) Cung ứng dịch vụ thanh toán qua tài khoản. 
 
	 2. Ngoại hối bao gồm: 
 
	 a) Đồng tiền của quốc gia khác hoặc đồng tiền chung châu Âu và đồng tiền chung khác được sử dụng trong thanh toán quốc tế và khu vực (sau đây gọi là ngoại tệ); 
 
	 b) Phương tiện thanh toán bằng ngoại tệ, gồm séc, thẻ thanh toán, hối phiếu đòi nợ, hối phiếu nhận nợ và các phương tiện thanh toán khác; 
 
	 c) Các loại giấy tờ có giá bằng ngoại tệ, gồm trái phiếu Chính phủ, trái phiếu công ty, kỳ phiếu, cổ phiếu và các loại giấy tờ có giá khác; 
 
	 d) Vàng thuộc Dự trữ ngoại hối nhà nước, trên tài khoản ở nước ngoài của người cư trú; vàng dưới dạng khối, thỏi, hạt, miếng trong trường hợp mang vào và mang ra khỏi lãnh thổ Việt Nam; 
 
	 đ) Đồng tiền của nước Cộng hoà xã hội chủ nghĩa Việt Nam trong trường hợp chuyển vào và chuyển ra khỏi lãnh thổ Việt Nam hoặc được sử dụng trong thanh toán quốc tế. 
 
	 3. Hoạt động ngoại hối là hoạt động của người cư trú, người không cư trú trong các giao dịch vãng lai, giao dịch vốn, sử dụng ngoại hối trên lãnh thổ Việt Nam, hoạt động cung ứng dịch vụ ngoại hối và các giao dịch khác liên quan đến ngoại hối. 
 
	 4. Dự trữ ngoại hối nhà nước là tài sản bằng ngoại hối được thể hiện trong Bảng cân đối tiền tệ của Ngân hàng Nhà nước. 
 
	 5. Tỷ giá hối đoái của đồng Việt Nam là giá của một đơn vị tiền tệ nước ngoài tính bằng đơn vị tiền tệ của Việt Nam. 
 
	 6. Thị trường tiền tệ là nơi giao dịch ngắn hạn về vốn. 
 
	 7. Giao dịch ngắn hạn là giao dịch với kỳ hạn dưới 12 tháng các giấy tờ có giá. 
 
	 8. Giấy tờ có giá là bằng chứng xác nhận nghĩa vụ trả nợ giữa tổ chức phát hành giấy tờ có giá với người sở hữu giấy tờ có giá trong một thời hạn nhất định, điều kiện trả lãi và các điều kiện khác. 
 
	 9. Hệ thống thanh toán quốc gia là hệ thống thanh toán liên ngân hàng do Ngân hàng Nhà nước tổ chức, quản lý, vận hành. 
 
	 10. Dịch vụ trung gian thanh toán là hoạt động làm trung gian kết nối, truyền dẫn và xử lý dữ liệu điện tử các giao dịch thanh toán giữa tổ chức cung ứng dịch vụ thanh toán và người sử dụng dịch vụ thanh toán. 
 
	 11. Thanh tra ngân hàng là hoạt động thanh tra của Ngân hàng Nhà nước đối với các đối tượng thanh tra ngân hàng trong việc chấp hành pháp luật về tiền tệ và ngân hàng. 
 
	 12. Giám sát ngân hàng là hoạt động của Ngân hàng Nhà nước trong việc thu thập, tổng hợp, phân tích thông tin về đối tượng giám sát ngân hàng thông qua hệ thống thông tin, báo cáo nhằm phòng ngừa, phát hiện, ngăn chặn và xử lý kịp thời rủi ro gây mất an toàn hoạt động ngân hàng, vi phạm quy định an toàn hoạt động ngân hàng và các quy định khác của pháp luật có liên quan. 
 
	 Chương II 
 
	 TỔ CHỨC CỦA NGÂN HÀNG NHÀ NƯỚC",content.csv,Ngân hàng Nhà nước Việt Nam,Luật,01/01/2011,Hết hiệu lực một phần,"[""Admin"", ""Staff""]"
25692_art_7,25692,"Điều 7. Tổ chức của Ngân hàng Nhà nước 
 
	 1. Ngân hàng Nhà nước được tổ chức thành hệ thống tập trung, thống nhất, gồm bộ máy điều hành và các đơn vị hoạt động nghiệp vụ tại trụ sở chính, chi nhánh, văn phòng đại diện, đơn vị trực thuộc khác. 
 
	 2. Cơ cấu tổ chức của Ngân hàng Nhà nước do Chính phủ quy định. 
 
	 3. Cơ cấu tổ chức, nhiệm vụ, quyền hạn của các đơn vị thuộc Ngân hàng Nhà nước do Thống đốc Ngân hàng Nhà nước quy định, trừ trường hợp quy định tại khoản 2",content.csv,Ngân hàng Nhà nước Việt Nam,Luật,01/01/2011,Hết hiệu lực một phần,"[""Admin"", ""Staff"", ""Guest""]"
25692_art_49,25692,"Điều 49 của Luật này. 
 
	 4. Thống đốc Ngân hàng Nhà nước quyết định thành lập, chấm dứt hoạt động của chi nhánh, văn phòng đại diện, các ban, hội đồng tư vấn về các vấn đề liên quan đến chức năng, nhiệm vụ của Ngân hàng Nhà nước; quyết định thành lập, chấm dứt hoạt động theo thẩm quyền các đơn vị trực thuộc Ngân hàng Nhà nước hoạt động trong các lĩnh vực đào tạo, bồi dưỡng nghiệp vụ ngân hàng, nghiên cứu, thông tin, lý luận khoa học ngân hàng, cung cấp dịch vụ liên quan đến hoạt động kho quỹ, dịch vụ công nghệ tin học ngân hàng và thanh toán, dịch vụ thông tin tín dụng.",content.csv,Ngân hàng Nhà nước Việt Nam,Luật,01/01/2011,Hết hiệu lực một phần,"[""Admin"", ""Staff""]"
25692_art_8,25692,"Điều 8. Lãnh đạo, điều hành Ngân hàng Nhà nước 
 
	 1. Thống đốc Ngân hàng Nhà nước là thành viên của Chính phủ, là người đứng đầu và lãnh đạo Ngân hàng Nhà nước; chịu trách nhiệm trước Thủ tướng Chính phủ, trước Quốc hội về quản lý nhà nước trong lĩnh vực tiền tệ và ngân hàng. 
 
	 2. Thống đốc Ngân hàng Nhà nước có các nhiệm vụ, quyền hạn sau đây: 
 
	 a) Tổ chức và chỉ đạo thực hiện chính sách tiền tệ quốc gia theo thẩm quyền; 
 
	 b) Tổ chức và chỉ đạo thực hiện nhiệm vụ, quyền hạn của Ngân hàng Nhà nước theo quy định của Luật này và các quy định khác của pháp luật có liên quan; 
 
	 c) Đại diện pháp nhân của Ngân hàng Nhà nước.",content.csv,Ngân hàng Nhà nước Việt Nam,Luật,01/01/2011,Hết hiệu lực một phần,"[""Admin"", ""Staff"", ""Guest""]"
25692_art_9,25692,"Điều 9. Cán bộ, công chức của Ngân hàng Nhà nước 
 
	 Việc tuyển dụng, sử dụng, quản lý cán bộ, công chức Ngân hàng Nhà nước về nguyên tắc thực hiện theo quy định của Luật cán bộ, công chức. Thủ tướng Chính phủ quy định cơ chế tuyển dụng, chế độ đãi ngộ cán bộ, công chức phù hợp với hoạt động nghiệp vụ đặc thù của Ngân hàng Nhà nước. 
 
	 Chương III 
 
	 HOẠT ĐỘNG CỦA NGÂN HÀNG NHÀ NƯỚC 
 
	 Mục 1 
 
	 THỰC HIỆN CHÍNH SÁCH TIỀN TỆ QUỐC GIA",content.csv,Ngân hàng Nhà nước Việt Nam,Luật,01/01/2011,Hết hiệu lực một phần,"[""Admin""]"
25692_art_10,25692,"Điều 10. Công cụ thực hiện chính sách tiền tệ quốc gia 
 
	 Thống đốc Ngân hàng Nhà nước quyết định việc sử dụng công cụ thực hiện chính sách tiền tệ quốc gia, bao gồm tái cấp vốn, lãi suất, tỷ giá hối đoái, dự trữ bắt buộc, nghiệp vụ thị trường mở và các công cụ, biện pháp khác theo quy định của Chính phủ.",content.csv,Ngân hàng Nhà nước Việt Nam,Luật,01/01/2011,Hết hiệu lực một phần,"[""Admin"", ""Staff"", ""Guest""]"
25692_art_11,25692,"Điều 11. Tái cấp vốn 
 
	 1. Tái cấp vốn là hình thức cấp tín dụng của Ngân hàng Nhà nước nhằm cung ứng vốn ngắn hạn và phương tiện thanh toán cho tổ chức tín dụng. 
 
	 2. Ngân hàng Nhà nước quy định và thực hiện việc tái cấp vốn cho tổ chức tín dụng theo các hình thức sau đây: 
 
	 a) Cho vay có bảo đảm bằng cầm cố giấy tờ có giá; 
 
	 b) Chiết khấu giấy tờ có giá; 
 
	 c) Các hình thức tái cấp vốn khác.",content.csv,Ngân hàng Nhà nước Việt Nam,Luật,01/01/2011,Hết hiệu lực một phần,"[""Admin"", ""Staff""]"
25692_art_12,25692,"Điều 12. Lãi suất 
 
	 1. Ngân hàng Nhà nước công bố lãi suất tái cấp vốn, lãi suất cơ bản và các loại lãi suất khác để điều hành chính sách tiền tệ, chống cho vay nặng lãi. 
 
	 2. Trong trường hợp thị trường tiền tệ có diễn biến bất thường, Ngân hàng Nhà nước quy định cơ chế điều hành lãi suất áp dụng trong quan hệ giữa các tổ chức tín dụng với nhau và với khách hàng, các quan hệ tín dụng khác.",content.csv,Ngân hàng Nhà nước Việt Nam,Luật,01/01/2011,Hết hiệu lực một phần,"[""Admin"", ""Staff""]"
25692_art_13,25692,"Điều 13. Tỷ giá hối đoái 
 
	 1. Tỷ giá hối đoái của đồng Việt Nam được hình thành trên cơ sở cung cầu ngoại tệ trên thị trường có sự điều tiết của Nhà nước. 
 
	 2. Ngân hàng Nhà nước công bố tỷ giá hối đoái, quyết định chế độ tỷ giá, cơ chế điều hành tỷ giá.",content.csv,Ngân hàng Nhà nước Việt Nam,Luật,01/01/2011,Hết hiệu lực một phần,"[""Admin"", ""Staff"", ""Guest""]"
25692_art_14,25692,"Điều 14. Dự trữ bắt buộc 
 
	 Dự trữ bắt buộc là số tiền mà tổ chức tín dụng phải gửi tại Ngân hàng Nhà nước để thực hiện chính sách tiền tệ quốc gia. 
 
	 2. Ngân hàng Nhà nước quy định tỷ lệ dự trữ bắt buộc đối với từng loại hình tổ chức tín dụng và từng loại tiền gửi tại tổ chức tín dụng nhằm thực hiện chính sách tiền tệ quốc gia. 
 
	 3. Ngân hàng Nhà nước quy định việc trả lãi đối với tiền gửi dự trữ bắt buộc, tiền gửi vượt dự trữ bắt buộc của từng loại hình tổ chức tín dụng đối với từng loại tiền gửi.",content.csv,Ngân hàng Nhà nước Việt Nam,Luật,01/01/2011,Hết hiệu lực một phần,"[""Admin"", ""Staff""]"
25692_art_15,25692,"Điều 15. Nghiệp vụ thị trường mở 
 
	 1. Ngân hàng Nhà nước thực hiện nghiệp vụ thị trường mở thông qua việc mua, bán giấy tờ có giá đối với tổ chức tín dụng. 
 
	 2. Ngân hàng Nhà nước quy định loại giấy tờ có giá được phép giao dịch thông qua nghiệp vụ thị trường mở.",content.csv,Ngân hàng Nhà nước Việt Nam,Luật,01/01/2011,Hết hiệu lực một phần,"[""Admin"", ""Staff""]"
25692_art_16,25692,"Điều 16. Đơn vị tiền 
 
	 Mục 2 
 
	 PHÁT HÀNH TIỀN GIẤY, TIỀN KIM LOẠI 
 
	 Đơn vị tiền của nước Cộng hoà xã hội chủ nghĩa Việt Nam là ""Đồng"", ký hiệu quốc gia là ""đ"", ký hiệu quốc tế là ""VND"", một đồng bằng mười hào, một hào bằng mười xu.",content.csv,Ngân hàng Nhà nước Việt Nam,Luật,01/01/2011,Hết hiệu lực một phần,"[""Admin"", ""Staff"", ""Guest""]"
25692_art_17,25692,"Điều 17. Phát hành tiền giấy, tiền kim loại 
 
	 1. Ngân hàng Nhà nước là cơ quan duy nhất phát hành tiền giấy, tiền kim loại của nước Cộng hoà xã hội chủ nghĩa Việt Nam. 
 
	 2. Tiền giấy, tiền kim loại do Ngân hàng Nhà nước phát hành là phương tiện thanh toán hợp pháp trên lãnh thổ nước Cộng hoà xã hội chủ nghĩa Việt Nam. 
 
	 3. Ngân hàng Nhà nước bảo đảm cung ứng đủ số lượng và cơ cấu tiền giấy, tiền kim loại cho nền kinh tế. 
 
	 4. Tiền giấy, tiền kim loại phát hành vào lưu thông là tài sản ""Nợ"" đối với nền kinh tế và được cân đối bằng tài sản ""Có"" của Ngân hàng Nhà nước.",content.csv,Ngân hàng Nhà nước Việt Nam,Luật,01/01/2011,Hết hiệu lực một phần,"[""Admin"", ""Staff"", ""Guest""]"
25692_art_18,25692,"Điều 18. Thiết kế, in, đúc, bảo quản, vận chuyển, phát hành tiền vào lưu thông, tiêu huỷ tiền 
 
	 1. Ngân hàng Nhà nước thiết kế mệnh giá, kích thước, trọng lượng, hình vẽ, hoa văn và các đặc điểm khác của tiền trình Thủ tướng Chính phủ phê duyệt. 
 
	 2. Ngân hàng Nhà nước tổ chức thực hiện việc in, đúc, bảo quản, vận chuyển, phát hành tiền vào lưu thông, tiêu huỷ tiền.",content.csv,Ngân hàng Nhà nước Việt Nam,Luật,01/01/2011,Hết hiệu lực một phần,"[""Admin"", ""Staff""]"
25692_art_19,25692,"Điều 19. Xử lý tiền rách nát, hư hỏng 
 
	 Ngân hàng Nhà nước quy định tiêu chuẩn phân loại tiền rách nát, hư hỏng; đổi, thu hồi các loại tiền rách nát, hư hỏng do quá trình lưu thông; không đổi những đồng tiền rách nát, hư hỏng do hành vi huỷ hoại.",content.csv,Ngân hàng Nhà nước Việt Nam,Luật,01/01/2011,Hết hiệu lực một phần,"[""Admin"", ""Staff"", ""Guest""]"
25692_art_20,25692,"Điều 20. Thu hồi, thay thế tiền 
 
	 Ngân hàng Nhà nước thu hồi và rút khỏi lưu thông các loại tiền không còn thích hợp và phát hành các loại tiền khác thay thế. Các loại tiền thu hồi được đổi lấy các loại tiền khác với giá trị tương đương trong thời hạn do Ngân hàng Nhà nước quy định. Sau thời hạn thu hồi, các loại tiền thuộc diện thu hồi không còn giá trị lưu hành.",content.csv,Ngân hàng Nhà nước Việt Nam,Luật,01/01/2011,Hết hiệu lực một phần,"[""Admin"", ""Staff"", ""Guest""]"
25692_art_21,25692,"Điều 21. Tiền mẫu, tiền lưu niệm 
 
	 Ngân hàng Nhà nước tổ chức thực hiện việc thiết kế, in, đúc, bán ở trong nước và nước ngoài các loại tiền mẫu, tiền lưu niệm phục vụ cho mục đích sưu tập hoặc mục đích khác theo quy định của Thủ tướng Chính phủ.",content.csv,Ngân hàng Nhà nước Việt Nam,Luật,01/01/2011,Hết hiệu lực một phần,"[""Admin"", ""Staff"", ""Guest""]"
25692_art_22,25692,"Điều 22. Ban hành, kiểm tra nghiệp vụ phát hành tiền 
 
	 1. Chính phủ ban hành quy định về nghiệp vụ phát hành tiền, bao gồm việc in, đúc, bảo quản, vận chuyển, phát hành, thu hồi, thay thế, tiêu huỷ tiền, chi phí cho các hoạt động nghiệp vụ phát hành tiền. 
 
	 2. Bộ Tài chính kiểm tra việc thực hiện nghiệp vụ in, đúc và tiêu huỷ tiền.",content.csv,Ngân hàng Nhà nước Việt Nam,Luật,01/01/2011,Hết hiệu lực một phần,"[""Admin"", ""Staff"", ""Guest""]"
25692_art_23,25692,"Điều 23. Các hành vi bị cấm 
 
	 1. Làm tiền giả; vận chuyển, tàng trữ, lưu hành tiền giả. 
 
	 2. Huỷ hoại đồng tiền trái pháp luật. 
 
	 3. Từ chối nhận, lưu hành đồng tiền đủ tiêu chuẩn lưu thông do Ngân hàng Nhà nước phát hành. 
 
	 4. Các hành vi bị cấm khác theo quy định của pháp luật. 
 
	 Mục 3 
 
	   CHO VAY, BẢO LÃNH, TẠM ỨNG CHO NGÂN SÁCH",content.csv,Ngân hàng Nhà nước Việt Nam,Luật,01/01/2011,Hết hiệu lực một phần,"[""Admin"", ""Staff""]"
25692_art_24,25692,"Điều 24. Cho vay 
 
	 1. Ngân hàng Nhà nước cho tổ chức tín dụng vay ngắn hạn theo quy định tại điểm a khoản 2",content.csv,Ngân hàng Nhà nước Việt Nam,Luật,01/01/2011,Hết hiệu lực một phần,"[""Admin"", ""Staff""]"
25692_art_25,25692,"Điều 25. Bảo lãnh 
 
	 Ngân hàng Nhà nước không bảo lãnh cho tổ chức, cá nhân vay vốn, trừ trường hợp bảo lãnh cho tổ chức tín dụng vay vốn nước ngoài theo quyết định của Thủ tướng Chính phủ.",content.csv,Ngân hàng Nhà nước Việt Nam,Luật,01/01/2011,Hết hiệu lực một phần,"[""Admin"", ""Staff""]"
25692_art_26,25692,"Điều 26. Tạm ứng cho ngân sách nhà nước 
 
	 Ngân hàng Nhà nước tạm ứng cho ngân sách trung ương để xử lý thiếu hụt tạm thời quỹ ngân sách nhà nước theo quyết định của Thủ tướng Chính phủ. Khoản tạm ứng này phải được hoàn trả trong năm ngân sách, trừ trường hợp đặc biệt do Uỷ ban thường vụ Quốc hội quyết định. 
 
	 Mục 4 
 
	 HOẠT ĐỘNG THANH TOÁN VÀ NGÂN QUỸ",content.csv,Ngân hàng Nhà nước Việt Nam,Luật,01/01/2011,Hết hiệu lực một phần,"[""Admin"", ""Staff"", ""Guest""]"
25692_art_27,25692,"Điều 27. Mở tài khoản và thực hiện giao dịch trên tài khoản 
 
	 1. Ngân hàng Nhà nước được mở tài khoản và thực hiện giao dịch trên tài khoản ở ngân hàng nước ngoài, tổ chức tiền tệ, ngân hàng quốc tế. 
 
	 2. Ngân hàng Nhà nước mở tài khoản và thực hiện giao dịch cho tổ chức tín dụng. 
 
	 3. Kho bạc Nhà nước mở tài khoản tại Ngân hàng Nhà nước. Ở tỉnh, thành phố trực thuộc trung ương, huyện, quận, thị xã, thành phố thuộc tỉnh không có chi nhánh của Ngân hàng Nhà nước, việc thực hiện các giao dịch cho Kho bạc Nhà nước theo quy định của Ngân hàng Nhà nước.",content.csv,Ngân hàng Nhà nước Việt Nam,Luật,01/01/2011,Hết hiệu lực một phần,"[""Admin"", ""Staff""]"
25692_art_28,25692,"Điều 28. Tổ chức, quản lý, vận hành, giám sát hệ thống thanh toán quốc gia 
 
	 1. Ngân hàng Nhà nước tổ chức, quản lý, vận hành, giám sát hệ thống thanh toán quốc gia. 
 
	 2. Ngân hàng Nhà nước thực hiện việc quản lý các phương tiện thanh toán trong nền kinh tế.",content.csv,Ngân hàng Nhà nước Việt Nam,Luật,01/01/2011,Hết hiệu lực một phần,"[""Admin"", ""Staff"", ""Guest""]"
25692_art_29,25692,"Điều 29. Dịch vụ ngân quỹ 
 
	 Ngân hàng Nhà nước cung ứng dịch vụ ngân quỹ thông qua việc thu, chi tiền cho chủ tài khoản, vận chuyển, kiểm đếm, phân loại và xử lý tiền trong lưu thông.",content.csv,Ngân hàng Nhà nước Việt Nam,Luật,01/01/2011,Hết hiệu lực một phần,"[""Admin"", ""Staff"", ""Guest""]"
25692_art_30,25692,"Điều 30. Đại lý cho Kho bạc Nhà nước 
 
	 Ngân hàng Nhà nước làm đại lý cho Kho bạc Nhà nước trong việc tổ chức đấu thầu, phát hành, lưu ký và thanh toán tín phiếu kho bạc, trái phiếu kho bạc. 
 
	 Mục 5 
 
	 QUẢN LÝ NGOẠI HỐI VÀ HOẠT ĐỘNG NGOẠI HỐI",content.csv,Ngân hàng Nhà nước Việt Nam,Luật,01/01/2011,Hết hiệu lực một phần,"[""Admin"", ""Staff"", ""Guest""]"
25692_art_31,25692,"Điều 31. Nhiệm vụ, quyền hạn của Ngân hàng Nhà nước về quản lý ngoại hối và hoạt động ngoại hối 
 
	 1. Quản lý ngoại hối và sử dụng ngoại hối trên lãnh thổ Việt Nam theo quy định của pháp luật. 
 
	 2. Tổ chức và phát triển thị trường ngoại tệ. 
 
	 3. Cấp, thu hồi giấy phép hoạt động ngoại hối cho tổ chức tín dụng, các tổ chức khác có hoạt động ngoại hối. 
 
	 4. Trình Thủ tướng Chính phủ quyết định biện pháp hạn chế giao dịch ngoại hối để bảo đảm an ninh tài chính, tiền tệ quốc gia. 
 
	 5. Tổ chức, quản lý, tham gia thị trường ngoại tệ liên ngân hàng. 
 
	 6. Nhiệm vụ, quyền hạn khác về quản lý ngoại hối và hoạt động ngoại hối theo quy định của pháp luật.",content.csv,Ngân hàng Nhà nước Việt Nam,Luật,01/01/2011,Hết hiệu lực một phần,"[""Admin"", ""Staff""]"
25692_art_32,25692,"Điều 32. Quản lý Dự trữ ngoại hối nhà nước 
 
	 1. Dự trữ ngoại hối nhà nước bao gồm: 
 
	 a) Ngoại tệ tiền mặt, tiền gửi bằng ngoại tệ ở nước ngoài; 
 
	 b) Chứng khoán, giấy tờ có giá khác bằng ngoại tệ do Chính phủ, tổ chức nước ngoài, tổ chức quốc tế phát hành; 
 
	 c) Quyền rút vốn đặc biệt, dự trữ tại Quỹ tiền tệ quốc tế; 
 
	 d) Vàng do Ngân hàng Nhà nước quản lý; 
 
	 đ) Các loại ngoại hối khác của Nhà nước. 
 
	 2. Ngân hàng Nhà nước quản lý Dự trữ ngoại hối nhà nước theo quy định của pháp luật về ngoại hối nhằm thực hiện chính sách tiền tệ quốc gia, bảo đảm khả năng thanh toán quốc tế và bảo toàn Dự trữ ngoại hối nhà nước. 
 
	 3. Thủ tướng Chính phủ quyết định việc sử dụng Dự trữ ngoại hối nhà nước cho nhu cầu đột xuất, cấp bách của Nhà nước; trường hợp sử dụng Dự trữ ngoại hối nhà nước dẫn đến thay đổi dự toán ngân sách thì thực hiện theo quy định của Luật ngân sách nhà nước. 
 
	 4. Ngân hàng Nhà nước báo cáo Thủ tướng Chính phủ theo định kỳ và đột xuất về quản lý Dự trữ ngoại hối nhà nước. 
 
	 5. Bộ Tài chính kiểm tra việc quản lý Dự trữ ngoại hối nhà nước do Ngân hàng Nhà nước thực hiện theo quy định của Chính phủ.",content.csv,Ngân hàng Nhà nước Việt Nam,Luật,01/01/2011,Hết hiệu lực một phần,"[""Admin"", ""Staff"", ""Guest""]"
25692_art_33,25692,"Điều 33. Hoạt động ngoại hối của Ngân hàng Nhà nước 
 
	 Ngân hàng Nhà nước thực hiện việc mua, bán ngoại hối trên thị trường trong nước vì mục tiêu chính sách tiền tệ quốc gia; mua, bán ngoại hối trên thị trường quốc tế và thực hiện giao dịch ngoại hối khác theo quy định của Thủ tướng Chính phủ.",content.csv,Ngân hàng Nhà nước Việt Nam,Luật,01/01/2011,Hết hiệu lực một phần,"[""Admin"", ""Staff"", ""Guest""]"
25692_art_34,25692,"Điều 34. Mua, bán ngoại tệ giữa Dự trữ ngoại hối nhà nước với ngân sách nhà nước 
 
	 Thủ tướng Chính phủ quy định mức ngoại tệ Bộ Tài chính được giữ lại từ nguồn thu ngân sách để chi các khoản chi ngoại tệ thường xuyên của ngân sách nhà nước. Số ngoại tệ còn lại Bộ Tài chính bán cho Dự trữ ngoại hối nhà nước tập trung tại Ngân hàng Nhà nước. 
 
	 Mục 6. HOẠT ĐỘNG THÔNG TIN, BÁO CÁO",content.csv,Ngân hàng Nhà nước Việt Nam,Luật,01/01/2011,Hết hiệu lực một phần,"[""Admin"", ""Staff"", ""Guest""]"
25692_art_35,25692,"Điều 35. Trách nhiệm cung cấp thông tin cho Ngân hàng Nhà nước 
 
	 1. Tổ chức, cá nhân có trách nhiệm cung cấp thông tin cho Ngân hàng Nhà nước để xây dựng Bảng cân đối tiền tệ, xây dựng cán cân thanh toán của Việt Nam và đánh giá, dự báo xu hướng phát triển của thị trường tiền tệ nhằm phục vụ việc xây dựng và điều hành chính sách tiền tệ quốc gia, công tác quản lý ngoại hối. 
 
	 2. Các tổ chức tín dụng có trách nhiệm cung cấp thông tin, số liệu thống kê theo yêu cầu của Ngân hàng Nhà nước để đánh giá, thanh tra, giám sát tình hình hoạt động của hệ thống các tổ chức tín dụng và của từng tổ chức tín dụng. 
 
	 3. Thống đốc Ngân hàng Nhà nước quy định đối tượng, quy trình, phạm vi, loại thông tin, kỳ hạn và phương thức cung cấp thông tin quy định tại khoản 1 và khoản 2 Điều này.",content.csv,Ngân hàng Nhà nước Việt Nam,Luật,01/01/2011,Hết hiệu lực một phần,"[""Admin"", ""Staff""]"
25692_art_36,25692,"Điều 36. Nguyên tắc cung cấp thông tin 
 
	 Thông tin do tổ chức, cá nhân cung cấp cho Ngân hàng Nhà nước phải bảo đảm chính xác, trung thực, đầy đủ, kịp thời.",content.csv,Ngân hàng Nhà nước Việt Nam,Luật,01/01/2011,Hết hiệu lực một phần,"[""Admin"", ""Staff"", ""Guest""]"
25692_art_37,25692,"Điều 37. Nhiệm vụ của Ngân hàng Nhà nước về hoạt động thông tin 
 
	 1. Trong hoạt động thông tin, Ngân hàng Nhà nước có các nhiệm vụ sau đây: 
 
	 a) Tổ chức thu nhận, sử dụng, lưu trữ, cung cấp và công bố thông tin phù hợp với quy định của pháp luật; 
 
	 b) Tổ chức, giám sát việc cung cấp thông tin tín dụng của khách hàng có quan hệ với tổ chức tín dụng cho tổ chức tín dụng; 
 
	 c) Hướng dẫn việc cung cấp thông tin và đôn đốc, kiểm tra việc thực hiện cung cấp thông tin của tổ chức, cá nhân theo quy định của pháp luật. 
 
	 2. Ngân hàng Nhà nước có trách nhiệm công bố theo thẩm quyền các thông tin sau đây: 
 
	 a) Chủ trương, chính sách, pháp luật về tiền tệ và ngân hàng; 
 
	 b) Quyết định điều hành của Thống đốc Ngân hàng Nhà nước về tiền tệ và ngân hàng; 
 
	 c) Tình hình diễn biến tiền tệ và ngân hàng; 
 
	 d) Thông báo liên quan đến việc thành lập, mua, bán, chia, tách, hợp nhất, sáp nhập, phá sản hoặc giải thể tổ chức tín dụng; 
 
	 đ) Kết quả tài chính và hoạt động của Ngân hàng Nhà nước theo quy định của pháp luật.",content.csv,Ngân hàng Nhà nước Việt Nam,Luật,01/01/2011,Hết hiệu lực một phần,"[""Admin"", ""Staff""]"
25692_art_38,25692,"Điều 38. Bảo vệ bí mật thông tin 
 
	 1. Ngân hàng Nhà nước có trách nhiệm lập danh mục, thay đổi độ mật, giải mật bí mật nhà nước về lĩnh vực tiền tệ và ngân hàng gửi cơ quan nhà nước có thẩm quyền quyết định; bảo vệ bí mật của Ngân hàng Nhà nước và của tổ chức, cá nhân theo quy định của pháp luật. 
 
	 2. Ngân hàng Nhà nước được quyền từ chối yêu cầu của tổ chức, cá nhân về việc cung cấp thông tin mật về tiền tệ và ngân hàng, trừ trường hợp theo yêu cầu của cơ quan nhà nước có thẩm quyền theo quy định của pháp luật. 
 
	 3. Cán bộ, công chức Ngân hàng Nhà nước phải giữ bí mật thông tin hoạt động nghiệp vụ của Ngân hàng Nhà nước, của các tổ chức tín dụng và bí mật tiền gửi của tổ chức, cá nhân theo quy định của pháp luật.",content.csv,Ngân hàng Nhà nước Việt Nam,Luật,01/01/2011,Hết hiệu lực một phần,"[""Admin"", ""Staff""]"
25692_art_39,25692,"Điều 39. Thống kê, phân tích, dự báo tiền tệ 
 
	 Ngân hàng Nhà nước tổ chức thống kê, thu thập thông tin về kinh tế, tiền tệ và ngân hàng trong nước và nước ngoài phục vụ việc nghiên cứu, phân tích và dự báo diễn biến tiền tệ để xây dựng và điều hành chính sách tiền tệ quốc gia.",content.csv,Ngân hàng Nhà nước Việt Nam,Luật,01/01/2011,Hết hiệu lực một phần,"[""Admin"", ""Staff"", ""Guest""]"
25692_art_40,25692,"Điều 40. Hoạt động báo cáo 
 
	 1. Thủ tướng Chính phủ báo cáo hoặc ủy quyền cho Thống đốc Ngân hàng Nhà nước báo cáo Quốc hội kết quả thực hiện chính sách tiền tệ quốc gia hằng năm, báo cáo và giải trình về vấn đề được nêu ra trước Quốc hội, Ủy ban thường vụ Quốc hội và các cơ quan của Quốc hội; cung cấp kịp thời thông tin, tài liệu cần thiết cho cơ quan của Quốc hội khi được yêu cầu để giám sát thực hiện chính sách tiền tệ quốc gia. 
 
	 2. Ngân hàng Nhà nước báo cáo Chính phủ các nội dung sau đây: 
 
	 a) Tình hình diễn biến tiền tệ và ngân hàng theo định kỳ 06 tháng và hằng năm; 
 
	 b) Báo cáo tài chính hằng năm đã được kiểm toán. 
 
	 3. Ngân hàng Nhà nước cung cấp cho các bộ, cơ quan ngang bộ các báo cáo theo quy định của pháp luật.",content.csv,Ngân hàng Nhà nước Việt Nam,Luật,01/01/2011,Hết hiệu lực một phần,"[""Admin"", ""Staff"", ""Guest""]"
25692_art_41,25692,"Điều 41. Hoạt động xuất bản 
 
	 Ngân hàng Nhà nước tổ chức xuất bản các ấn phẩm về tiền tệ và ngân hàng theo quy định của pháp luật. 
 
	 Chương IV 
 
	 TÀI CHÍNH, KẾ TOÁN CỦA NGÂN HÀNG NHÀ NƯỚC",content.csv,Ngân hàng Nhà nước Việt Nam,Luật,01/01/2011,Hết hiệu lực một phần,"[""Admin"", ""Staff"", ""Guest""]"
25692_art_42,25692,"Điều 42. Vốn pháp định 
 
	 Vốn pháp định của Ngân hàng Nhà nước do ngân sách nhà nước cấp. Mức vốn pháp định của Ngân hàng Nhà nước do Thủ tướng Chính phủ quyết định.",content.csv,Ngân hàng Nhà nước Việt Nam,Luật,01/01/2011,Hết hiệu lực một phần,"[""Admin"", ""Staff"", ""Guest""]"
25692_art_43,25692,"Điều 43. Thu, chi tài chính 
 
	 Thu, chi tài chính của Ngân hàng Nhà nước về nguyên tắc thực hiện theo quy định của Luật ngân sách nhà nước. Thủ tướng Chính phủ quy định những nội dung thu, chi tài chính phù hợp với hoạt động nghiệp vụ đặc thù của Ngân hàng Nhà nước.",content.csv,Ngân hàng Nhà nước Việt Nam,Luật,01/01/2011,Hết hiệu lực một phần,"[""Admin"", ""Staff"", ""Guest""]"
25692_art_44,25692,"Điều 44. Kết quả tài chính 
 
	 Kết quả tài chính hằng năm của Ngân hàng Nhà nước được xác định bằng nguồn thu về hoạt động nghiệp vụ ngân hàng và các nguồn thu khác, sau khi trừ chi phí hoạt động và các khoản dự phòng rủi ro.",content.csv,Ngân hàng Nhà nước Việt Nam,Luật,01/01/2011,Hết hiệu lực một phần,"[""Admin"", ""Staff""]"
25692_art_45,25692,"Điều 45. Các quỹ 
 
	 Ngân hàng Nhà nước được trích từ kết quả tài chính hằng năm để lập các quỹ sau đây: 
 
	 a) Quỹ thực hiện chính sách tiền tệ quốc gia; 
 
	 b) Quỹ dự phòng tài chính; 
 
	 c) Quỹ khác do Thủ tướng Chính phủ quyết định. 
 
	 Mức trích lập và việc sử dụng các quỹ tại khoản 1 Điều này thực hiện theo quy định của Thủ tướng Chính phủ. 
 
	 Kết quả tài chính của Ngân hàng Nhà nước sau khi trích lập các quỹ tại khoản 1 Điều này được nộp vào ngân sách nhà nước.",content.csv,Ngân hàng Nhà nước Việt Nam,Luật,01/01/2011,Hết hiệu lực một phần,"[""Admin"", ""Staff"", ""Guest""]"
25692_art_46,25692,"Điều 46. Hạch toán kế toán 
 
	 Ngân hàng Nhà nước thực hiện hạch toán kế toán theo các chuẩn mực kế toán của Việt Nam và theo chế độ kế toán đặc thù của Ngân hàng trung ương theo quy định của Thủ tướng Chính phủ.",content.csv,Ngân hàng Nhà nước Việt Nam,Luật,01/01/2011,Hết hiệu lực một phần,"[""Admin"", ""Staff"", ""Guest""]"
25692_art_47,25692,"Điều 47. Kiểm toán 
 
	 Báo cáo tài chính hằng năm của Ngân hàng Nhà nước được Kiểm toán Nhà nước kiểm toán và xác nhận.",content.csv,Ngân hàng Nhà nước Việt Nam,Luật,01/01/2011,Hết hiệu lực một phần,"[""Admin"", ""Staff"", ""Guest""]"
25692_art_48,25692,"Điều 48. Năm tài chính 
 
	 Năm tài chính của Ngân hàng Nhà nước bắt đầu từ ngày 01 tháng 01 và kết thúc vào ngày 31 tháng 12 năm dương lịch. 
 
	 Chương V 
 
	 THANH TRA, GIÁM SÁT NGÂN HÀNG",content.csv,Ngân hàng Nhà nước Việt Nam,Luật,01/01/2011,Hết hiệu lực một phần,"[""Admin"", ""Staff"", ""Guest""]"
25692_art_50,25692,"Điều 50. Mục đích thanh tra, giám sát ngân hàng 
 
	 Thanh tra, giám sát ngân hàng nhằm góp phần bảo đảm sự phát triển an toàn, lành mạnh của hệ thống các tổ chức tín dụng và hệ thống tài chính; bảo vệ quyền và lợi ích hợp pháp của người gửi tiền và khách hàng của tổ chức tín dụng; duy trì và nâng cao lòng tin của công chúng đối với hệ thống các tổ chức tín dụng; bảo đảm việc chấp hành chính sách, pháp luật về tiền tệ và ngân hàng; góp phần nâng cao hiệu quả và hiệu lực quản lý nhà nước trong lĩnh vực tiền tệ và ngân hàng.",content.csv,Ngân hàng Nhà nước Việt Nam,Luật,01/01/2011,Hết hiệu lực một phần,"[""Admin"", ""Staff""]"
25692_art_51,25692,"Điều 51. Nguyên tắc thanh tra, giám sát ngân hàng 
 
	 1. Thanh tra, giám sát ngân hàng phải tuân theo pháp luật; bảo đảm chính xác, khách quan, trung thực, công khai, dân chủ, kịp thời; không làm cản trở hoạt động bình thường của cơ quan, tổ chức, cá nhân là đối tượng thanh tra, giám sát ngân hàng. 
 
	 2. Kết hợp thanh tra, giám sát việc chấp hành chính sách, pháp luật về tiền tệ và ngân hàng với thanh tra, giám sát rủi ro trong hoạt động của đối tượng thanh tra, giám sát ngân hàng. 
 
	 3. Thanh tra, giám sát ngân hàng được thực hiện theo nguyên tắc thanh tra, giám sát toàn bộ hoạt động của tổ chức tín dụng. 
 
	 4. Thanh tra, giám sát ngân hàng được thực hiện theo quy định của Luật này và các quy định khác của pháp luật có liên quan; trường hợp có sự khác nhau giữa quy định về thanh tra, giám sát ngân hàng của Luật này với quy định của luật khác thì thực hiện theo quy định của Luật này. 
 
	 5. Thống đốc Ngân hàng Nhà nước quy định trình tự, thủ tục thanh tra, giám sát ngân hàng.",content.csv,Ngân hàng Nhà nước Việt Nam,Luật,01/01/2011,Hết hiệu lực một phần,"[""Admin"", ""Staff""]"
25692_art_52,25692,"Điều 52. Đối tượng thanh tra ngân hàng 
 
	 Ngân hàng Nhà nước thanh tra các đối tượng sau đây: 
 
	 1. Tổ chức tín dụng, chi nhánh ngân hàng nước ngoài, văn phòng đại diện của tổ chức tín dụng nước ngoài, tổ chức nước ngoài khác có hoạt động ngân hàng. Trong trường hợp cần thiết, Ngân hàng Nhà nước yêu cầu cơ quan nhà nước có thẩm quyền thanh tra hoặc phối hợp thanh tra công ty con, công ty liên kết của tổ chức tín dụng; 
 
	 2. Tổ chức có hoạt động ngoại hối, hoạt động kinh doanh vàng; tổ chức hoạt động thông tin tín dụng; tổ chức cung ứng dịch vụ trung gian thanh toán không phải là ngân hàng; 
 
	 3. Cơ quan, tổ chức, cá nhân Việt Nam và cơ quan, tổ chức, cá nhân nước ngoài tại Việt Nam trong việc thực hiện các quy định của pháp luật về tiền tệ và ngân hàng thuộc phạm vi quản lý nhà nước của Ngân hàng Nhà nước.",content.csv,Ngân hàng Nhà nước Việt Nam,Luật,01/01/2011,Hết hiệu lực một phần,"[""Admin"", ""Staff""]"
25692_art_53,25692,"Điều 53. Quyền, nghĩa vụ của đối tượng thanh tra ngân hàng 
 
	 1. Thực hiện kết luận thanh tra. 
 
	 2. Thực hiện các quyền, nghĩa vụ theo quy định của pháp luật.",content.csv,Ngân hàng Nhà nước Việt Nam,Luật,01/01/2011,Hết hiệu lực một phần,"[""Admin"", ""Staff"", ""Guest""]"
25692_art_54,25692,"Điều 54. Căn cứ ra quyết định thanh tra 
 
	 Việc ra quyết định thanh tra phải trên cơ sở một trong các căn cứ sau đây: 
 
	 1. Chương trình, kế hoạch thanh tra; 
 
	 2. Yêu cầu của Thống đốc Ngân hàng Nhà nước; 
 
	 3. Khi phát hiện có dấu hiệu vi phạm pháp luật; 
 
	 4. Khi có dấu hiệu rủi ro đe dọa sự an toàn hoạt động của tổ chức tín dụng.",content.csv,Ngân hàng Nhà nước Việt Nam,Luật,01/01/2011,Hết hiệu lực một phần,"[""Admin"", ""Staff""]"
25692_art_55,25692,"Điều 55. Nội dung thanh tra ngân hàng 
 
	 1. Thanh tra việc chấp hành pháp luật về tiền tệ và ngân hàng, việc thực hiện các quy định trong giấy phép do Ngân hàng Nhà nước cấp. 
 
	 2. Xem xét, đánh giá mức độ rủi ro, năng lực quản trị rủi ro và tình hình tài chính của đối tượng thanh tra ngân hàng. 
 
	 3. Kiến nghị cơ quan nhà nước có thẩm quyền sửa đổi, bổ sung, huỷ bỏ hoặc ban hành văn bản quy phạm pháp luật đáp ứng yêu cầu quản lý nhà nước về tiền tệ và ngân hàng. 
 
	 4. Kiến nghị, yêu cầu đối tượng thanh tra ngân hàng có biện pháp hạn chế, giảm thiểu và xử lý rủi ro để bảo đảm an toàn hoạt động ngân hàng và phòng ngừa, ngăn chặn hành động dẫn đến vi phạm pháp luật. 
 
	 5. Phát hiện, ngăn chặn và xử lý theo thẩm quyền; kiến nghị cơ quan nhà nước có thẩm quyền xử lý vi phạm pháp luật về tiền tệ và ngân hàng.",content.csv,Ngân hàng Nhà nước Việt Nam,Luật,01/01/2011,Hết hiệu lực một phần,"[""Admin"", ""Staff""]"
25692_art_56,25692,"Điều 56. Đối tượng giám sát ngân hàng 
 
	 Ngân hàng Nhà nước thực hiện việc giám sát ngân hàng đối với mọi hoạt động của tổ chức tín dụng, chi nhánh ngân hàng nước ngoài. Trong trường hợp cần thiết, Ngân hàng Nhà nước yêu cầu cơ quan nhà nước có thẩm quyền giám sát hoặc phối hợp giám sát công ty con, công ty liên kết của tổ chức tín dụng.",content.csv,Ngân hàng Nhà nước Việt Nam,Luật,01/01/2011,Hết hiệu lực một phần,"[""Admin"", ""Staff""]"
25692_art_57,25692,"Điều 57. Quyền, nghĩa vụ của đối tượng giám sát ngân hàng 
 
	 1. Cung cấp kịp thời, đầy đủ, chính xác thông tin, tài liệu theo yêu cầu của Cơ quan Thanh tra, giám sát ngân hàng; chịu trách nhiệm trước pháp luật về tính chính xác, trung thực của thông tin, tài liệu đã cung cấp. 
 
	 2. Báo cáo, giải trình đối với khuyến nghị, cảnh báo rủi ro và an toàn hoạt động của Cơ quan Thanh tra, giám sát ngân hàng. 
 
	 3. Thực hiện khuyến nghị, cảnh báo rủi ro và an toàn hoạt động của Cơ quan Thanh tra, giám sát ngân hàng.",content.csv,Ngân hàng Nhà nước Việt Nam,Luật,01/01/2011,Hết hiệu lực một phần,"[""Admin"", ""Staff""]"
25692_art_58,25692,"Điều 58. Nội dung giám sát ngân hàng 
 
	 1. Thu thập, tổng hợp và xử lý tài liệu, thông tin, dữ liệu theo yêu cầu giám sát ngân hàng. 
 
	 2. Xem xét, theo dõi tình hình chấp hành các quy định về an toàn hoạt động ngân hàng và các quy định khác của pháp luật về tiền tệ và ngân hàng; việc thực hiện kết luận, kiến nghị, quyết định xử lý về thanh tra và khuyến nghị, cảnh báo về giám sát ngân hàng. 
 
	 3. Phân tích, đánh giá tình hình tài chính, hoạt động, quản trị, điều hành và mức độ rủi ro của tổ chức tín dụng; xếp hạng các tổ chức tín dụng hằng năm. 
 
	 4. Phát hiện, cảnh báo rủi ro gây mất an toàn hoạt động ngân hàng và nguy cơ dẫn đến vi phạm pháp luật về tiền tệ và ngân hàng. 
 
	 5. Kiến nghị, đề xuất biện pháp phòng ngừa, ngăn chặn và xử lý rủi ro, vi phạm pháp luật.",content.csv,Ngân hàng Nhà nước Việt Nam,Luật,01/01/2011,Hết hiệu lực một phần,"[""Admin"", ""Staff""]"
25692_art_59,25692,"Điều 59. Xử lý đối tượng thanh tra, giám sát ngân hàng 
 
	 1. Đối tượng thanh tra, giám sát ngân hàng vi phạm pháp luật về tiền tệ và ngân hàng thì tuỳ theo tính chất, mức độ vi phạm mà bị xử lý kỷ luật, xử phạt vi phạm hành chính hoặc truy cứu trách nhiệm hình sự, nếu gây thiệt hại thì phải bồi thường theo quy định của pháp luật. 
 
	 2. Tuỳ theo tính chất, mức độ rủi ro, Ngân hàng Nhà nước còn áp dụng các biện pháp xử lý sau đây đối với đối tượng thanh tra, giám sát ngân hàng: 
 
	 a) Hạn chế chia cổ tức, chuyển nhượng cổ phần, chuyển nhượng tài sản; 
 
	 b) Hạn chế việc mở rộng phạm vi, quy mô và địa bàn hoạt động; 
 
	 c) Hạn chế, đình chỉ, tạm đình chỉ một hoặc một số hoạt động ngân hàng; 
 
	 d) Yêu cầu tổ chức tín dụng phải tăng vốn điều lệ để đáp ứng các yêu cầu bảo đảm an toàn trong hoạt động ngân hàng; 
 
	 đ) Yêu cầu tổ chức tín dụng phải chuyển nhượng vốn điều lệ hoặc vốn cổ phần; cổ đông lớn, cổ đông nắm quyền kiểm soát, chi phối phải chuyển nhượng cổ phần; 
 
	 e) Quyết định giới hạn tăng trưởng tín dụng đối với tổ chức tín dụng trong những trường hợp cần thiết bảo đảm an toàn cho tổ chức tín dụng và hệ thống các tổ chức tín dụng; 
 
	 g) Áp dụng một hoặc một số tỷ lệ an toàn cao hơn mức quy định.",content.csv,Ngân hàng Nhà nước Việt Nam,Luật,01/01/2011,Hết hiệu lực một phần,"[""Admin""]"
25692_art_60,25692,"Điều 60. Phối hợp giữa Ngân hàng Nhà nước với bộ, cơ quan ngang bộ trong hoạt động thanh tra, giám sát ngân hàng 
 
	 1. Ngân hàng Nhà nước phối hợp với bộ, cơ quan ngang bộ có liên quan trao đổi thông tin về hoạt động thanh tra, giám sát trong lĩnh vực tài chính, ngân hàng thuộc thẩm quyền quản lý. 
 
	 2. Ngân hàng Nhà nước chủ trì, phối hợp với cơ quan nhà nước có thẩm quyền thanh tra, giám sát tổ chức tín dụng; phối hợp với cơ quan nhà nước có thẩm quyền thanh tra, giám sát công ty con, công ty liên kết của tổ chức tín dụng theo quy định tại",content.csv,Ngân hàng Nhà nước Việt Nam,Luật,01/01/2011,Hết hiệu lực một phần,"[""Admin"", ""Staff""]"
25692_art_61,25692,"Điều 61. Phối hợp thanh tra, giám sát ngân hàng giữa Ngân hàng Nhà nước với cơ quan có thẩm quyền thanh tra, giám sát ngân hàng của nước ngoài 
 
	 1. Ngân hàng Nhà nước trao đổi thông tin và phối hợp với cơ quan có thẩm quyền thanh tra, giám sát ngân hàng của nước ngoài trong việc thanh tra, giám sát đối tượng thanh tra, giám sát ngân hàng nước ngoài hoạt động trên lãnh thổ Việt Nam và đối tượng thanh tra, giám sát ngân hàng của Việt Nam hoạt động ở nước ngoài. 
 
	 2. Ngân hàng Nhà nước thỏa thuận với cơ quan có thẩm quyền thanh tra, giám sát ngân hàng của nước ngoài về hình thức, nội dung, cơ chế trao đổi thông tin và phối hợp thanh tra, giám sát phù hợp với quy định của pháp luật Việt Nam. 
 
	 Chương VI 
 
	 KIỂM TOÁN NỘI BỘ",content.csv,Ngân hàng Nhà nước Việt Nam,Luật,01/01/2011,Hết hiệu lực một phần,"[""Admin"", ""Staff"", ""Guest""]"
25692_art_62,25692,"Điều 62. Kiểm toán nội bộ 
 
	 1. Kiểm toán nội bộ là đơn vị thuộc cơ cấu tổ chức của Ngân hàng Nhà nước, thực hiện kiểm toán nội bộ và kiểm soát nội bộ Ngân hàng Nhà nước. 
 
	 2. Quy chế kiểm toán nội bộ, kiểm soát nội bộ do Thống đốc Ngân hàng Nhà nước ban hành.",content.csv,Ngân hàng Nhà nước Việt Nam,Luật,01/01/2011,Hết hiệu lực một phần,"[""Admin"", ""Staff"", ""Guest""]"
25692_art_63,25692,"Điều 63. Đối tượng, mục tiêu và nguyên tắc hoạt động của Kiểm toán nội bộ 
 
	 1. Đối tượng của Kiểm toán nội bộ là các đơn vị thuộc hệ thống Ngân hàng Nhà nước. 
 
	 2. Mục tiêu của Kiểm toán nội bộ là đánh giá về hiệu quả hoạt động kiểm soát nội bộ nhằm bảo đảm độ tin cậy của báo cáo tài chính, hiệu lực của các hoạt động, tuân thủ pháp luật, quy định, quy trình của Ngân hàng Nhà nước, bảo đảm an toàn tài sản. 
 
	 3. Hoạt động của Kiểm toán nội bộ được thực hiện theo các nguyên tắc sau đây: 
 
	 a) Tuân thủ pháp luật, quy định, quy trình, kế hoạch đã được Thống đốc Ngân hàng Nhà nước phê duyệt; 
 
	 b) Bảo đảm tính độc lập, trung thực, khách quan, giữ bí mật nhà nước và bí mật của đơn vị được kiểm toán; 
 
	 c) Không làm cản trở hoạt động bình thường của đơn vị được kiểm toán; 
 
	 d) Kiểm toán nội bộ được tiếp cận tài liệu, hồ sơ, giao dịch và các tài liệu cần thiết khác của đối tượng kiểm toán để thực hiện mục tiêu kiểm toán.",content.csv,Ngân hàng Nhà nước Việt Nam,Luật,01/01/2011,Hết hiệu lực một phần,"[""Admin"", ""Staff""]"
25692_art_64,25692,"Điều 64. Nhiệm vụ, quyền hạn của Kiểm toán nội bộ 
 
	 1. Thực hiện kiểm toán tất cả các đơn vị thuộc hệ thống Ngân hàng Nhà nước phù hợp với kế hoạch kiểm toán đã được phê duyệt hoặc theo yêu cầu của Thống đốc Ngân hàng Nhà nước. 
 
	 2. Thực hiện kiểm toán tài chính, kiểm toán hoạt động và các nhiệm vụ khác của Ngân hàng Nhà nước. 
 
	 Chương VII 
 
	 ĐIỀU KHOẢN THI HÀNH",content.csv,Ngân hàng Nhà nước Việt Nam,Luật,01/01/2011,Hết hiệu lực một phần,"[""Admin"", ""Staff""]"
25692_art_65,25692,"Điều 65. Hiệu lực thi hành 
 
	 1. Luật này có hiệu lực thi hành từ ngày 01 tháng 01 năm 2011. 
 
	 2. Luật Ngân hàng Nhà nước Việt Nam số 01/1997/QH10 và Luật sửa đổi, bổ sung một số điều của Luật Ngân hàng Nhà nước Việt Nam số 10/2003/QH11 hết hiệu lực kể từ ngày Luật này có hiệu lực.",content.csv,Ngân hàng Nhà nước Việt Nam,Luật,01/01/2011,Hết hiệu lực một phần,"[""Admin"", ""Staff"", ""Guest""]"
25692_art_66,25692,"Điều 66. Quy định chi tiết và hướng dẫn thi hành 
 
	 Chính phủ quy định chi tiết và hướng dẫn thi hành các điều, khoản được giao trong Luật; hướng dẫn những nội dung cần thiết khác của Luật này để đáp ứng yêu cầu quản lý nhà nước./. 
 
	 Luật này đã được Quốc hội nước Cộng hòa xã hội chủ nghĩa Việt Nam khóa XII, kỳ họp thứ 7 thông qua ngày 16 tháng 6 năm 2010.",content.csv,Ngân hàng Nhà nước Việt Nam,Luật,01/01/2011,Hết hiệu lực một phần,"[""Admin"", ""Staff"", ""Guest""]"
